Sample,Timestamp,Raw Encoder Reading,Measured Motor Steps,Target Motor Steps,Current Error,PID Control Signal,PID P Term,PID I Term,PID D Term,Coil A Current,Coil B Current
0,0.06,-6,-6.00,0.00,6.00,3.0,0.5,0.5,0.5,4077,12
1,1.09,-6,-6.00,0.00,6.00,3.0,0.5,0.5,0.5,4077,12
2,2.05,-6,-6.00,0.00,6.00,3.0,0.5,0.5,0.5,4077,12
3,3.09,-6,-6.00,0.00,6.00,3.0,0.5,0.5,0.5,4077,12
4,4.05,-6,-6.00,0.00,6.00,3.0,0.5,0.5,0.5,4077,12
5,5.09,-6,-6.00,0.00,6.00,3.0,0.5,0.5,0.5,4077,12
6,6.05,-6,-6.00,0.00,6.00,3.0,0.5,0.5,0.5,4077,12
7,7.09,-6,-6.00,0.00,6.00,3.0,0.5,0.5,0.5,4077,12
8,8.05,-6,-6.00,0.00,6.00,3.0,0.5,0.5,0.5,4077,12
9,9.09,-6,-6.00,0.00,6.00,3.0,0.5,0.5,0.5,4077,12
10,10.05,-6,-6.00,0.00,6.00,3.0,0.5,0.5,0.5,4077,12
11,11.09,-6,-6.00,0.00,6.00,3.0,0.5,0.5,0.5,4077,12
12,12.05,-6,-6.00,0.00,6.00,3.0,0.5,0.5,0.5,4077,12
13,13.09,-6,-6.00,0.00,6.00,3.0,0.5,0.5,0.5,4077,12
14,14.05,-6,-6.00,0.00,6.00,3.0,0.5,0.5,0.5,4077,12
15,15.09,-6,-6.00,0.00,6.00,3.0,0.5,0.5,0.5,4077,12
16,16.05,-6,-6.00,0.00,6.00,3.0,0.5,0.5,0.5,4077,12
17,17.09,-6,-6.00,0.00,6.00,3.0,0.5,0.5,0.5,4077,12
18,18.06,-6,-6.00,0.00,6.00,3.0,0.5,0.5,0.5,4077,12
19,19.10,-6,-6.00,0.00,6.00,3.0,0.5,0.5,0.5,4077,12
20,20.05,-6,-6.00,0.00,6.00,3.0,0.5,0.5,0.5,4077,12
21,21.10,-6,-6.00,0.00,6.00,3.0,0.5,0.5,0.5,4077,12
22,22.05,-6,-6.00,0.00,6.00,3.0,0.5,0.5,0.5,4077,12
23,23.09,-6,-6.00,0.00,6.00,3.0,0.5,0.5,0.5,4077,12
24,24.05,-6,-6.00,0.00,6.00,3.0,0.5,0.5,0.5,4077,12
25,25.09,-6,-6.00,0.00,6.00,3.0,0.5,0.5,0.5,4077,12
26,26.06,-6,-6.00,0.00,6.00,3.0,0.5,0.5,0.5,4077,12
27,27.09,-6,-6.00,0.00,6.00,3.0,0.5,0.5,0.5,4077,12
28,28.05,-6,-6.00,0.00,6.00,3.0,0.5,0.5,0.5,4077,12
29,29.09,-6,-6.00,0.00,6.00,3.0,0.5,0.5,0.5,4077,12
30,30.05,-6,-6.00,0.00,6.00,3.0,0.5,0.5,0.5,4077,12
31,31.09,-6,-6.00,0.00,6.00,3.0,0.5,0.5,0.5,4077,12
32,32.05,-6,-6.00,0.00,6.00,3.0,0.5,0.5,0.5,4077,12
33,33.10,-6,-6.00,0.00,6.00,3.0,0.5,0.5,0.5,4077,12
34,34.05,-6,-6.00,0.00,6.00,3.0,0.5,0.5,0.5,4077,12
35,35.09,-6,-6.00,0.00,6.00,3.0,0.5,0.5,0.5,4077,12
36,36.05,-6,-6.00,0.00,6.00,3.0,0.5,0.5,0.5,4077,12
37,37.09,-6,-6.00,0.00,6.00,3.0,0.5,0.5,0.5,4077,12
38,38.05,-6,-6.00,0.00,6.00,3.0,0.5,0.5,0.5,4077,12
39,39.09,-6,-6.00,0.00,6.00,3.0,0.5,0.5,0.5,4077,12
40,40.05,-6,-6.00,0.00,6.00,3.0,0.5,0.5,0.5,4077,12
41,41.09,-6,-6.00,0.00,6.00,3.0,0.5,0.5,0.5,4077,12
42,42.05,-6,-6.00,0.00,6.00,3.0,0.5,0.5,0.5,4077,12
43,43.09,-6,-6.00,0.00,6.00,3.0,0.5,0.5,0.5,4077,12
44,44.05,-6,-6.00,0.00,6.00,3.0,0.5,0.5,0.5,4077,12
45,45.09,-6,-6.00,0.00,6.00,3.0,0.5,0.5,0.5,4077,12
46,46.05,-6,-6.00,0.00,6.00,3.0,0.5,0.5,0.5,4077,12
47,47.09,-6,-6.00,0.00,6.00,3.0,0.5,0.5,0.5,4077,12
48,48.05,-6,-6.00,0.00,6.00,3.0,0.5,0.5,0.5,4077,12
49,49.09,-6,-6.00,0.00,6.00,3.0,0.5,0.5,0.5,4077,12
50,50.05,-6,-6.00,0.00,6.00,3.0,0.5,0.5,0.5,4077,12
51,51.09,-6,-6.00,0.00,6.00,3.0,0.5,0.5,0.5,4077,12
52,52.05,-6,-6.00,0.00,6.00,3.0,0.5,0.5,0.5,4077,12
53,53.09,-6,-6.00,0.00,6.00,3.0,0.5,0.5,0.5,4077,12
54,54.05,-6,-6.00,0.00,6.00,3.0,0.5,0.5,0.5,4077,12
55,55.10,-6,-6.00,0.00,6.00,3.0,0.5,0.5,0.5,4077,12
56,56.05,-6,-6.00,0.00,6.00,3.0,0.5,0.5,0.5,4077,12
57,57.10,-6,-6.00,0.00,6.00,3.0,0.5,0.5,0.5,4077,12
58,58.05,-6,-6.00,0.00,6.00,3.0,0.5,0.5,0.5,4077,12
59,59.09,-6,-6.00,0.00,6.00,3.0,0.5,0.5,0.5,4077,12
60,60.06,-6,-6.00,0.00,6.00,3.0,0.5,0.5,0.5,4077,12
61,61.09,-6,-6.00,-5.00,12.00,51.5,0.5,0.5,0.5,4077,16
62,62.05,-6,-6.00,-5.00,11.99,18.8,0.5,0.5,0.5,4077,20
63,63.10,-6,-6.00,-5.00,11.98,9.2,0.5,0.5,0.5,4077,24
64,64.05,-6,-6.00,-5.00,11.97,6.8,0.5,0.5,0.5,4077,27
65,65.09,-5,-5.00,-5.00,10.95,1.6,0.5,0.5,0.5,4080,22
66,66.05,-5,-5.00,-5.00,10.93,4.2,0.5,0.5,0.5,4080,19
67,67.09,-5,-5.00,-5.00,10.90,5.0,0.5,0.5,0.5,4080,19
68,68.05,-5,-5.00,-5.00,10.88,5.1,0.5,0.5,0.5,4080,20
69,69.09,-5,-5.00,-5.00,10.84,5.1,0.5,0.5,0.5,4080,20
70,70.05,-5,-5.00,-5.00,10.80,5.0,0.5,0.5,0.5,4080,20
71,71.10,-5,-5.00,-5.00,10.76,5.0,0.5,0.5,0.5,4080,19
72,72.06,-5,-5.00,-5.00,10.72,4.9,0.5,0.5,0.5,4080,19
73,73.09,-5,-5.00,-5.00,10.67,4.8,0.5,0.5,0.5,4080,19
74,74.05,-5,-5.00,-5.00,10.61,4.8,0.5,0.5,0.5,4080,19
75,75.09,-5,-5.00,-5.00,10.55,4.7,0.5,0.5,0.5,4080,18
76,76.06,-5,-5.00,-5.00,10.49,4.6,0.5,0.5,0.5,4080,18
77,77.10,-5,-5.00,-5.00,10.43,4.5,0.5,0.5,0.5,4080,18
78,78.05,-5,-5.00,-5.00,10.36,4.5,0.5,0.5,0.5,4080,18
79,79.09,-5,-5.00,-5.00,10.28,4.4,0.5,0.5,0.5,4080,17
80,80.05,-5,-5.00,-5.00,10.21,4.3,0.5,0.5,0.5,4080,17
81,81.09,-5,-5.00,-5.00,10.12,4.2,0.5,0.5,0.5,4080,17
82,82.06,-5,-5.00,-5.00,10.04,4.2,0.5,0.5,0.5,4080,16
83,83.09,-5,-5.00,-4.00,9.95,4.1,0.5,0.5,0.5,4080,16
84,84.06,-5,-5.00,-4.00,9.86,4.0,0.5,0.5,0.5,4080,15
85,85.09,-5,-5.00,-4.00,9.76,3.9,0.5,0.5,0.5,4080,15
86,86.05,-5,-5.00,-4.00,9.66,3.8,0.5,0.5,0.5,4080,15
87,87.09,-5,-5.00,-4.00,9.55,3.7,0.5,0.5,0.5,4080,14
88,88.05,-5,-5.00,-4.00,9.44,3.6,0.5,0.5,0.5,4080,14
89,89.10,-5,-5.00,-4.00,9.32,3.5,0.5,0.5,0.5,4080,14
90,90.06,-5,-5.00,-4.00,9.21,3.4,0.5,0.5,0.5,4080,13
91,91.10,-5,-5.00,-4.00,9.08,3.3,0.5,0.5,0.5,4080,13
92,92.05,-5,-5.00,-3.00,8.96,3.2,0.5,0.5,0.5,4080,13
93,93.10,-5,-5.00,-3.00,8.83,3.1,0.5,0.5,0.5,4080,12
94,94.06,-6,-6.00,-3.00,9.70,8.8,0.5,0.5,0.5,4077,15
95,95.09,-6,-6.00,-3.00,9.56,4.7,0.5,0.5,0.5,4077,18
96,96.06,-6,-6.00,-3.00,9.42,3.6,0.5,0.5,0.5,4077,15
97,97.09,-6,-6.00,-3.00,9.27,3.3,0.5,0.5,0.5,4077,13
98,98.06,-6,-6.00,-3.00,9.13,3.0,0.5,0.5,0.5,4077,12
99,99.09,-6,-6.00,-2.00,8.97,2.9,0.5,0.5,0.5,4077,11
100,100.06,-6,-6.00,-2.00,8.82,2.8,0.5,0.5,0.5,4077,11
101,101.10,-6,-6.00,-2.00,8.65,2.7,0.5,0.5,0.5,4077,10
102,102.06,-6,-6.00,-2.00,8.49,2.5,0.5,0.5,0.5,4077,10
103,103.10,-6,-6.00,-2.00,8.31,2.4,0.5,0.5,0.5,4077,9
104,104.05,-6,-6.00,-2.00,8.15,2.3,0.5,0.5,0.5,4077,9
105,105.09,-6,-6.00,-1.00,7.96,2.2,0.5,0.5,0.5,4077,8
106,106.05,-6,-6.00,-1.00,7.79,2.0,0.5,0.5,0.5,4077,8
107,107.09,-6,-6.00,-1.00,7.59,1.9,0.5,0.5,0.5,4077,7
108,108.05,-6,-6.00,-1.00,7.41,1.8,0.5,0.5,0.5,4077,7
109,109.09,-6,-6.00,-1.00,7.21,1.6,0.5,0.5,0.5,4077,6
110,110.05,-6,-6.00,-1.00,7.02,1.5,0.5,0.5,0.5,4077,6
111,111.09,-6,-6.00,0.00,6.81,1.5,0.5,0.5,0.5,4077,6
112,112.06,-7,-7.00,0.00,7.62,7.8,0.5,0.5,0.5,4074,8
113,113.10,-7,-7.00,0.00,7.41,3.2,0.5,0.5,0.5,4074,12
114,114.05,-7,-7.00,0.00,7.22,2.0,0.5,0.5,0.5,4074,8
115,115.09,-7,-7.00,0.00,7.01,1.6,0.5,0.5,0.5,4074,6
116,116.05,-7,-7.00,0.00,6.82,1.4,0.5,0.5,0.5,4074,5
117,117.10,-7,-7.00,0.00,6.61,1.3,0.5,0.5,0.5,4074,5
118,118.05,-7,-7.00,0.00,6.42,1.2,0.5,0.5,0.5,4074,5
119,119.09,-7,-7.00,0.00,6.21,1.1,0.5,0.5,0.5,4074,4
120,120.06,-7,-7.00,0.00,6.02,1.0,0.5,0.5,0.5,4074,4
121,121.09,-6,-6.00,1.00,4.81,-5.5,0.5,0.5,0.5,4077,1
122,122.05,-6,-6.00,1.00,4.62,-1.4,0.5,0.5,0.5,4077,-3
123,123.09,-6,-6.00,1.00,4.41,-0.3,0.5,0.5,0.5,4077,-1
124,124.05,-6,-6.00,1.00,4.22,-0.1,0.5,0.5,0.5,4077,0
125,125.09,-6,-6.00,1.00,4.01,-0.1,0.5,0.5,0.5,4077,0
126,126.05,-6,-6.00,2.00,3.82,-0.1,0.5,0.5,0.5,4077,-1
127,127.09,-6,-6.00,2.00,3.61,-0.2,0.5,0.5,0.5,4077,-1
128,128.05,-6,-6.00,2.00,3.42,-0.3,0.5,0.5,0.5,4077,-1
129,129.09,-6,-6.00,2.00,3.21,-0.4,0.5,0.5,0.5,4077,-2
130,130.05,-6,-6.00,2.00,3.02,-0.5,0.5,0.5,0.5,4077,-2
131,131.09,-6,-6.00,3.00,2.81,-0.6,0.5,0.5,0.5,4077,-3
132,132.06,-6,-6.00,3.00,2.62,-0.7,0.5,0.5,0.5,4077,-3
133,133.10,-6,-6.00,3.00,2.41,-0.8,0.5,0.5,0.5,4077,-3
134,134.05,-6,-6.00,3.00,2.22,-0.9,0.5,0.5,0.5,4077,-4
135,135.09,-6,-6.00,3.00,2.01,-1.1,0.5,0.5,0.5,4077,-4
136,136.05,-7,-7.00,4.00,2.82,4.7,0.5,0.5,0.5,4074,-1
137,137.10,-7,-7.00,4.00,2.61,0.6,0.5,0.5,0.5,4074,2
138,138.06,-7,-7.00,4.00,2.42,-0.5,0.5,0.5,0.5,4074,-1
139,139.10,-7,-7.00,4.00,2.21,-0.9,0.5,0.5,0.5,4074,-3
140,140.05,-7,-7.00,4.00,2.02,-1.0,0.5,0.5,0.5,4074,-4
141,141.10,-7,-7.00,5.00,1.81,-1.1,0.5,0.5,0.5,4074,-4
142,142.05,-7,-7.00,5.00,1.62,-1.2,0.5,0.5,0.5,4074,-5
143,143.09,-7,-7.00,5.00,1.41,-1.4,0.5,0.5,0.5,4074,-5
144,144.05,-7,-7.00,5.00,1.22,-1.5,0.5,0.5,0.5,4074,-6
145,145.10,-7,-7.00,5.00,1.01,-1.6,0.5,0.5,0.5,4074,-6
146,146.05,-8,-8.00,6.00,1.82,4.8,0.5,0.5,0.5,4071,-4
147,147.09,-8,-8.00,6.00,1.61,0.3,0.5,0.5,0.5,4071,1
148,148.05,-8,-8.00,6.00,1.42,-0.9,0.5,0.5,0.5,4071,-3
149,149.09,-8,-8.00,6.00,1.21,-1.3,0.5,0.5,0.5,4071,-5
150,150.05,-8,-8.00,6.00,1.02,-1.5,0.5,0.5,0.5,4071,-6
151,151.09,-8,-8.00,7.00,0.81,-1.6,0.5,0.5,0.5,4071,-6
152,152.05,-9,-9.00,7.00,1.62,4.1,0.5,0.5,0.5,4068,-4
153,153.09,-9,-9.00,7.00,1.41,0.0,0.5,0.5,0.5,4068,0
154,154.05,-9,-9.00,7.00,1.22,-1.1,0.5,0.5,0.5,4068,-4
155,155.09,-9,-9.00,7.00,1.01,-1.5,0.5,0.5,0.5,4068,-6
156,156.05,-9,-9.00,8.00,0.82,-1.6,0.5,0.5,0.5,4068,-6
157,157.09,-9,-9.00,8.00,0.61,-1.8,0.5,0.5,0.5,4068,-7
158,158.05,-10,-10.00,8.00,1.42,7.8,0.5,0.5,0.5,4065,-6
159,159.10,-10,-10.00,8.00,1.21,0.9,0.5,0.5,0.5,4065,-2
160,160.05,-10,-10.00,8.00,1.02,-0.9,0.5,0.5,0.5,4065,-3
161,161.09,-10,-10.00,9.00,0.81,-1.5,0.5,0.5,0.5,4065,-6
162,162.06,-10,-10.00,9.00,0.62,-1.7,0.5,0.5,0.5,4065,-7
163,163.09,-10,-10.00,9.00,0.41,-1.8,0.5,0.5,0.5,4065,-7
164,164.06,-11,-11.00,9.00,1.22,10.3,0.5,0.5,0.5,4062,-7
165,165.09,-11,-11.00,9.00,1.01,1.4,0.5,0.5,0.5,4062,-3
166,166.06,-11,-11.00,10.00,0.82,-0.8,0.5,0.5,0.5,4062,-2
167,167.09,-11,-11.00,10.00,0.61,-1.5,0.5,0.5,0.5,4062,-6
168,168.05,-11,-11.00,10.00,0.42,-1.8,0.5,0.5,0.5,4062,-7
169,169.09,-11,-11.00,10.00,0.21,-1.9,0.5,0.5,0.5,4062,-8
170,170.05,-12,-12.00,10.00,1.02,9.7,0.5,0.5,0.5,4059,-7
171,171.09,-12,-12.00,11.00,0.81,1.2,0.5,0.5,0.5,4059,-3
172,172.05,-12,-12.00,11.00,0.62,-0.9,0.5,0.5,0.5,4059,-3
173,173.09,-12,-12.00,11.00,0.41,-1.7,0.5,0.5,0.5,4059,-6
174,174.05,-12,-12.00,11.00,0.22,-1.9,0.5,0.5,0.5,4059,-7
175,175.09,-12,-12.00,11.00,0.01,-2.0,0.5,0.5,0.5,4059,-8
176,176.05,-13,-13.00,12.00,0.82,7.5,0.5,0.5,0.5,4056,-7
177,177.09,-13,-13.00,12.00,0.61,0.6,0.5,0.5,0.5,4056,-3
178,178.05,-13,-13.00,12.00,0.42,-1.2,0.5,0.5,0.5,4056,-4
179,179.10,-13,-13.00,12.00,0.21,-1.8,0.5,0.5,0.5,4056,-7
180,180.05,-13,-13.00,12.00,0.02,-2.0,0.5,0.5,0.5,4056,-8
181,181.09,-13,-13.00,13.00,-0.19,-2.2,0.5,0.5,0.5,4056,-8
182,182.06,-12,-12.00,13.00,-1.38,-8.5,0.5,0.5,0.5,4059,-11
183,183.09,-12,-12.00,13.00,-1.59,-4.3,0.5,0.5,0.5,4059,-15
184,184.06,-12,-12.00,13.00,-1.78,-3.4,0.5,0.5,0.5,4059,-13
185,185.09,-13,-13.00,13.00,-0.99,6.0,0.5,0.5,0.5,4056,-11
186,186.05,-13,-13.00,14.00,-1.18,-0.2,0.5,0.5,0.5,4056,-7
187,187.09,-14,-14.00,14.00,-0.39,7.5,0.5,0.5,0.5,4052,-5
188,188.05,-14,-14.00,14.00,-0.58,0.4,0.5,0.5,0.5,4052,-1
189,189.09,-15,-15.00,14.00,0.21,11.2,0.5,0.5,0.5,4049,-4
190,190.05,-15,-15.00,14.00,0.02,1.7,0.5,0.5,0.5,4049,0
191,191.09,-15,-15.00,15.00,-0.19,-1.2,0.5,0.5,0.5,4049,-1
192,192.05,-15,-15.00,15.00,-0.38,-2.0,0.5,0.5,0.5,4049,-5
193,193.09,-15,-15.00,15.00,-0.59,-2.3,0.5,0.5,0.5,4049,-9
194,194.05,-15,-15.00,15.00,-0.78,-2.4,0.5,0.5,0.5,4049,-10
195,195.09,-16,-16.00,15.00,0.01,1.4,0.5,0.5,0.5,4046,-5
196,196.06,-16,-16.00,16.00,-0.18,-1.2,0.5,0.5,0.5,4046,-4
197,197.09,-16,-16.00,16.00,-0.39,-2.0,0.5,0.5,0.5,4046,-8
198,198.05,-16,-16.00,16.00,-0.58,-2.3,0.5,0.5,0.5,4046,-9
199,199.09,-17,-17.00,16.00,0.21,5.2,0.5,0.5,0.5,4043,-7
200,200.05,-17,-17.00,16.00,0.02,-0.0,0.5,0.5,0.5,4043,-4
201,201.09,-17,-17.00,17.00,-0.19,-1.6,0.5,0.5,0.5,4043,-6
202,202.05,-17,-17.00,17.00,-0.38,-2.1,0.5,0.5,0.5,4043,-8
203,203.09,-18,-18.00,17.00,0.41,4.3,0.5,0.5,0.5,4040,-6
204,204.06,-18,-18.00,17.00,0.22,-0.2,0.5,0.5,0.5,4040,-2
205,205.09,-18,-18.00,17.00,0.01,-1.6,0.5,0.5,0.5,4040,-6
206,206.05,-18,-18.00,18.00,-0.18,-2.0,0.5,0.5,0.5,4040,-8
207,207.09,-19,-19.00,18.00,0.61,3.1,0.5,0.5,0.5,4037,-5
208,208.05,-19,-19.00,18.00,0.42,-0.5,0.5,0.5,0.5,4037,-2
209,209.09,-19,-19.00,18.00,0.21,-1.6,0.5,0.5,0.5,4037,-6
210,210.05,-19,-19.00,18.00,0.02,-2.0,0.5,0.5,0.5,4037,-8
211,211.09,-20,-20.00,19.00,0.81,3.8,0.5,0.5,0.5,4034,-5
212,212.05,-20,-20.00,19.00,0.62,-0.2,0.5,0.5,0.5,4034,-1
213,213.09,-20,-20.00,19.00,0.41,-1.5,0.5,0.5,0.5,4034,-5
214,214.05,-20,-20.00,19.00,0.22,-1.8,0.5,0.5,0.5,4034,-7
215,215.09,-21,-21.00,19.00,1.01,5.1,0.5,0.5,0.5,4031,-5
216,216.05,-21,-21.00,20.00,0.82,0.2,0.5,0.5,0.5,4031,-2
217,217.10,-21,-21.00,20.00,0.61,-1.3,0.5,0.5,0.5,4031,-4
218,218.05,-21,-21.00,20.00,0.42,-1.7,0.5,0.5,0.5,4031,-7
219,219.09,-22,-22.00,20.00,1.21,10.4,0.5,0.5,0.5,4028,-7
220,220.06,-22,-22.00,20.00,1.02,1.8,0.5,0.5,0.5,4028,-3
221,221.09,-22,-22.00,21.00,0.81,-0.8,0.5,0.5,0.5,4028,-2
222,222.05,-22,-22.00,21.00,0.62,-1.5,0.5,0.5,0.5,4028,-6
223,223.09,-22,-22.00,21.00,0.41,-1.8,0.5,0.5,0.5,4028,-7
224,224.06,-23,-23.00,21.00,1.22,3.3,0.5,0.5,0.5,4025,-4
225,225.10,-23,-23.00,21.00,1.01,-0.4,0.5,0.5,0.5,4025,-1
226,226.05,-23,-23.00,22.00,0.82,-1.3,0.5,0.5,0.5,4025,-5
227,227.09,-23,-23.00,22.00,0.61,-1.7,0.5,0.5,0.5,4025,-7
228,228.05,-24,-24.00,22.00,1.42,7.8,0.5,0.5,0.5,4022,-6
229,229.09,-24,-24.00,22.00,1.21,0.9,0.5,0.5,0.5,4022,-2
230,230.05,-24,-24.00,22.00,1.02,-0.9,0.5,0.5,0.5,4022,-3
231,231.09,-24,-24.00,23.00,0.81,-1.5,0.5,0.5,0.5,4022,-6
232,232.05,-25,-25.00,23.00,1.62,11.3,0.5,0.5,0.5,4019,-6
233,233.10,-25,-25.00,23.00,1.41,1.8,0.5,0.5,0.5,4019,-2
234,234.05,-25,-25.00,23.00,1.22,-0.6,0.5,0.5,0.5,4019,-1
235,235.09,-25,-25.00,23.00,1.01,-1.3,0.5,0.5,0.5,4019,-5
236,236.05,-25,-25.00,24.00,0.82,-1.6,0.5,0.5,0.5,4019,-6
237,237.09,-26,-26.00,24.00,1.61,7.2,0.5,0.5,0.5,4016,-5
238,238.05,-26,-26.00,24.00,1.42,1.0,0.5,0.5,0.5,4016,-1
239,239.09,-26,-26.00,24.00,1.21,-0.8,0.5,0.5,0.5,4016,-2
240,240.05,-26,-26.00,24.00,1.02,-1.4,0.5,0.5,0.5,4016,-5
241,241.09,-26,-26.00,25.00,0.81,-1.6,0.5,0.5,0.5,4016,-6
242,242.05,-27,-27.00,25.00,1.62,4.7,0.5,0.5,0.5,4013,-4
243,243.09,-27,-27.00,25.00,1.41,0.2,0.5,0.5,0.5,4013,0
244,244.05,-27,-27.00,25.00,1.22,-1.0,0.5,0.5,0.5,4013,-3
245,245.09,-27,-27.00,25.00,1.01,-1.4,0.5,0.5,0.5,4013,-6
246,246.05,-27,-27.00,26.00,0.82,-1.6,0.5,0.5,0.5,4013,-6
247,247.09,-28,-28.00,26.00,1.61,2.6,0.5,0.5,0.5,4009,-3
248,248.05,-28,-28.00,26.00,1.42,-0.3,0.5,0.5,0.5,4009,-1
249,249.09,-28,-28.00,26.00,1.21,-1.2,0.5,0.5,0.5,4009,-5
250,250.05,-28,-28.00,26.00,1.02,-1.5,0.5,0.5,0.5,4009,-6
251,251.09,-29,-29.00,27.00,1.81,12.0,0.5,0.5,0.5,4006,-6
252,252.05,-29,-29.00,27.00,1.62,2.5,0.5,0.5,0.5,4006,-2
253,253.09,-29,-29.00,27.00,1.41,-0.4,0.5,0.5,0.5,4006,-1
254,254.05,-29,-29.00,27.00,1.22,-1.2,0.5,0.5,0.5,4006,-5
255,255.09,-29,-29.00,27.00,1.01,-1.5,0.5,0.5,0.5,4006,-6
256,256.05,-29,-29.00,28.00,0.82,-1.6,0.5,0.5,0.5,4006,-6
257,257.09,-30,-30.00,28.00,1.61,2.8,0.5,0.5,0.5,4003,-3
258,258.05,-30,-30.00,28.00,1.42,-0.2,0.5,0.5,0.5,4003,0
259,259.10,-30,-30.00,28.00,1.21,-1.2,0.5,0.5,0.5,4003,-4
260,260.05,-30,-30.00,28.00,1.02,-1.5,0.5,0.5,0.5,4003,-6
261,261.09,-30,-30.00,29.00,0.81,-1.6,0.5,0.5,0.5,4003,-6
262,262.05,-31,-31.00,29.00,1.62,4.8,0.5,0.5,0.5,4000,-4
263,263.09,-31,-31.00,29.00,1.41,0.2,0.5,0.5,0.5,4000,0
264,264.05,-31,-31.00,29.00,1.22,-1.0,0.5,0.5,0.5,4000,-3
265,265.09,-31,-31.00,29.00,1.01,-1.4,0.5,0.5,0.5,4000,-6
266,266.05,-31,-31.00,30.00,0.82,-1.6,0.5,0.5,0.5,4000,-6
267,267.09,-32,-32.00,30.00,1.61,4.2,0.5,0.5,0.5,3997,-4
268,268.05,-32,-32.00,30.00,1.42,0.2,0.5,0.5,0.5,3997,0
269,269.09,-32,-32.00,30.00,1.21,-1.1,0.5,0.5,0.5,3997,-4
270,270.05,-32,-32.00,30.00,1.02,-1.4,0.5,0.5,0.5,3997,-6
271,271.09,-32,-32.00,31.00,0.81,-1.6,0.5,0.5,0.5,3997,-6
272,272.05,-33,-33.00,31.00,1.62,7.6,0.5,0.5,0.5,3994,-5
273,273.09,-33,-33.00,31.00,1.41,0.9,0.5,0.5,0.5,3994,-1
274,274.05,-33,-33.00,31.00,1.22,-0.8,0.5,0.5,0.5,3994,-3
275,275.09,-33,-33.00,31.00,1.01,-1.4,0.5,0.5,0.5,3994,-5
276,276.05,-33,-33.00,32.00,0.82,-1.6,0.5,0.5,0.5,3994,-6
277,277.09,-34,-34.00,32.00,1.61,10.0,0.5,0.5,0.5,3991,-6
278,278.05,-34,-34.00,32.00,1.42,1.8,0.5,0.5,0.5,3991,-2
279,279.09,-34,-34.00,32.00,1.21,-0.6,0.5,0.5,0.5,3991,-2
280,280.05,-34,-34.00,32.00,1.02,-1.3,0.5,0.5,0.5,3991,-5
281,281.09,-34,-34.00,33.00,0.81,-1.6,0.5,0.5,0.5,3991,-6
282,282.05,-34,-34.00,33.00,0.62,-1.7,0.5,0.5,0.5,3991,-7
283,283.09,-35,-35.00,33.00,1.41,3.5,0.5,0.5,0.5,3988,-4
284,284.05,-35,-35.00,33.00,1.22,-0.1,0.5,0.5,0.5,3988,0
285,285.09,-35,-35.00,33.00,1.01,-1.2,0.5,0.5,0.5,3988,-4
286,286.06,-35,-35.00,34.00,0.82,-1.6,0.5,0.5,0.5,3988,-6
287,287.09,-35,-35.00,34.00,0.61,-1.7,0.5,0.5,0.5,3988,-7
288,288.06,-36,-36.00,34.00,1.42,4.2,0.5,0.5,0.5,3985,-4
289,289.09,-36,-36.00,34.00,1.21,-0.0,0.5,0.5,0.5,3985,0
290,290.05,-36,-36.00,34.00,1.02,-1.2,0.5,0.5,0.5,3985,-4
291,291.09,-36,-36.00,35.00,0.81,-1.6,0.5,0.5,0.5,3985,-6
292,292.05,-36,-36.00,35.00,0.62,-1.7,0.5,0.5,0.5,3985,-7
293,293.09,-37,-37.00,35.00,1.41,9.0,0.5,0.5,0.5,3982,-6
294,294.06,-37,-37.00,35.00,1.22,1.5,0.5,0.5,0.5,3982,-2
295,295.09,-37,-37.00,35.00,1.01,-0.8,0.5,0.5,0.5,3982,-2
296,296.05,-37,-37.00,36.00,0.82,-1.4,0.5,0.5,0.5,3982,-6
297,297.09,-37,-37.00,36.00,0.61,-1.7,0.5,0.5,0.5,3982,-7
298,298.05,-37,-37.00,36.00,0.42,-1.8,0.5,0.5,0.5,3982,-7
299,299.09,-38,-38.00,36.00,1.21,4.1,0.5,0.5,0.5,3979,-4
300,300.05,-38,-38.00,36.00,1.02,0.0,0.5,0.5,0.5,3979,-1
301,301.09,-38,-38.00,37.00,0.81,-1.3,0.5,0.5,0.5,3979,-4
302,302.05,-38,-38.00,37.00,0.62,-1.6,0.5,0.5,0.5,3979,-6
303,303.09,-38,-38.00,37.00,0.41,-1.8,0.5,0.5,0.5,3979,-7
304,304.05,-39,-39.00,37.00,1.22,4.8,0.5,0.5,0.5,3976,-5
305,305.10,-39,-39.00,37.00,1.01,0.0,0.5,0.5,0.5,3976,-1
306,306.05,-39,-39.00,38.00,0.82,-1.2,0.5,0.5,0.5,3976,-4
307,307.09,-39,-39.00,38.00,0.61,-1.6,0.5,0.5,0.5,3976,-6
308,308.05,-39,-39.00,38.00,0.42,-1.8,0.5,0.5,0.5,3976,-7
309,309.09,-40,-40.00,38.00,1.21,8.9,0.5,0.5,0.5,3973,-7
310,310.05,-40,-40.00,38.00,1.02,1.4,0.5,0.5,0.5,3973,-3
311,311.09,-40,-40.00,39.00,0.81,-0.9,0.5,0.5,0.5,3973,-3
312,312.05,-40,-40.00,39.00,0.62,-1.5,0.5,0.5,0.5,3973,-6
313,313.09,-40,-40.00,39.00,0.41,-1.8,0.5,0.5,0.5,3973,-7
314,314.06,-41,-41.00,39.00,1.22,8.7,0.5,0.5,0.5,3970,-6
315,315.09,-41,-41.00,39.00,1.01,1.0,0.5,0.5,0.5,3970,-2
316,316.05,-41,-41.00,40.00,0.82,-0.9,0.5,0.5,0.5,3970,-3
317,317.10,-41,-41.00,40.00,0.61,-1.6,0.5,0.5,0.5,3970,-6
318,318.05,-41,-41.00,40.00,0.42,-1.8,0.5,0.5,0.5,3970,-7
319,319.09,-41,-41.00,40.00,0.21,-1.9,0.5,0.5,0.5,3970,-8
320,320.05,-42,-42.00,40.00,1.02,4.9,0.5,0.5,0.5,3966,-6
321,321.09,-42,-42.00,41.00,0.81,-0.0,0.5,0.5,0.5,3966,-1
322,322.05,-42,-42.00,41.00,0.62,-1.3,0.5,0.5,0.5,3966,-5
323,323.09,-42,-42.00,41.00,0.41,-1.7,0.5,0.5,0.5,3966,-7
324,324.05,-42,-42.00,41.00,0.22,-1.9,0.5,0.5,0.5,3966,-8
325,325.10,-43,-43.00,41.00,1.01,3.6,0.5,0.5,0.5,3963,-5
326,326.05,-43,-43.00,42.00,0.82,-0.2,0.5,0.5,0.5,3963,-1
327,327.09,-43,-43.00,42.00,0.61,-1.4,0.5,0.5,0.5,3963,-5
328,328.05,-43,-43.00,42.00,0.42,-1.8,0.5,0.5,0.5,3963,-7
329,329.09,-43,-43.00,42.00,0.21,-1.9,0.5,0.5,0.5,3963,-8
330,330.05,-42,-42.00,42.00,-0.98,-11.8,0.5,0.5,0.5,3966,-9
331,331.09,-42,-42.00,43.00,-1.19,-5.0,0.5,0.5,0.5,3966,-13
332,332.05,-42,-42.00,43.00,-1.38,-3.4,0.5,0.5,0.5,3966,-13
333,333.09,-43,-43.00,43.00,-0.59,1.8,0.5,0.5,0.5,3963,-9
334,334.05,-44,-44.00,43.00,0.22,6.0,0.5,0.5,0.5,3960,-6
335,335.09,-45,-45.00,43.00,1.01,7.8,0.5,0.5,0.5,3957,-1
336,336.05,-46,-46.00,44.00,1.82,12.8,0.5,0.5,0.5,3954,2
337,337.09,-46,-46.00,44.00,1.61,2.3,0.5,0.5,0.5,3954,7
338,338.05,-46,-46.00,44.00,1.42,-0.4,0.5,0.5,0.5,3954,3
339,339.09,-46,-46.00,44.00,1.21,-1.2,0.5,0.5,0.5,3954,-1
340,340.05,-46,-46.00,44.00,1.02,-1.5,0.5,0.5,0.5,3954,-5
341,341.09,-46,-46.00,45.00,0.81,-1.6,0.5,0.5,0.5,3954,-6
342,342.05,-46,-46.00,45.00,0.62,-1.7,0.5,0.5,0.5,3954,-7
343,343.09,-46,-46.00,45.00,0.41,-1.9,0.5,0.5,0.5,3954,-7
344,344.05,-46,-46.00,45.00,0.22,-2.0,0.5,0.5,0.5,3954,-8
345,345.09,-47,-47.00,45.00,1.01,11.2,0.5,0.5,0.5,3951,-8
346,346.06,-47,-47.00,46.00,0.82,1.9,0.5,0.5,0.5,3951,-4
347,347.09,-47,-47.00,46.00,0.61,-0.8,0.5,0.5,0.5,3951,-3
348,348.06,-47,-47.00,46.00,0.42,-1.6,0.5,0.5,0.5,3951,-6
349,349.09,-47,-47.00,46.00,0.21,-1.9,0.5,0.5,0.5,3951,-7
350,350.05,-47,-47.00,46.00,0.02,-2.0,0.5,0.5,0.5,3951,-8
351,351.09,-48,-48.00,47.00,0.81,11.5,0.5,0.5,0.5,3948,-8
352,352.05,-48,-48.00,47.00,0.62,2.0,0.5,0.5,0.5,3948,-4
353,353.09,-48,-48.00,47.00,0.41,-0.9,0.5,0.5,0.5,3948,-3
354,354.05,-48,-48.00,47.00,0.22,-1.7,0.5,0.5,0.5,3948,-7
355,355.09,-48,-48.00,47.00,0.01,-2.0,0.5,0.5,0.5,3948,-8
356,356.05,-49,-49.00,48.00,0.82,8.7,0.5,0.5,0.5,3945,-7
357,357.09,-49,-49.00,48.00,0.61,0.9,0.5,0.5,0.5,3945,-3
358,358.05,-49,-49.00,48.00,0.42,-1.1,0.5,0.5,0.5,3945,-4
359,359.09,-49,-49.00,48.00,0.21,-1.8,0.5,0.5,0.5,3945,-7
360,360.05,-49,-49.00,48.00,0.02,-2.0,0.5,0.5,0.5,3945,-8
361,361.09,-49,-49.00,49.00,-0.19,-2.1,0.5,0.5,0.5,3945,-8
362,362.05,-50,-50.00,49.00,0.62,4.2,0.5,0.5,0.5,3942,-6
363,363.09,-50,-50.00,49.00,0.41,-0.3,0.5,0.5,0.5,3942,-2
364,364.05,-50,-50.00,49.00,0.22,-1.5,0.5,0.5,0.5,3942,-5
365,365.09,-50,-50.00,49.00,0.01,-2.0,0.5,0.5,0.5,3942,-8
366,366.05,-50,-50.00,50.00,-0.18,-2.1,0.5,0.5,0.5,3942,-8
367,367.09,-51,-51.00,50.00,0.61,2.4,0.5,0.5,0.5,3939,-5
368,368.05,-51,-51.00,50.00,0.42,-0.7,0.5,0.5,0.5,3939,-2
369,369.09,-51,-51.00,50.00,0.21,-1.7,0.5,0.5,0.5,3939,-6
370,370.05,-51,-51.00,50.00,0.02,-2.0,0.5,0.5,0.5,3939,-8
371,371.09,-51,-51.00,51.00,-0.19,-2.1,0.5,0.5,0.5,3939,-8
372,372.05,-52,-52.00,51.00,0.62,10.1,0.5,0.5,0.5,3936,-8
373,373.09,-52,-52.00,51.00,0.41,1.2,0.5,0.5,0.5,3936,-4
374,374.05,-52,-52.00,51.00,0.22,-1.1,0.5,0.5,0.5,3936,-3
375,375.09,-52,-52.00,51.00,0.01,-1.8,0.5,0.5,0.5,3936,-7
376,376.05,-52,-52.00,52.00,-0.18,-2.1,0.5,0.5,0.5,3936,-8
377,377.09,-53,-53.00,52.00,0.61,6.6,0.5,0.5,0.5,3933,-7
378,378.05,-53,-53.00,52.00,0.42,0.5,0.5,0.5,0.5,3933,-3
379,379.09,-53,-53.00,52.00,0.21,-1.4,0.5,0.5,0.5,3933,-5
380,380.05,-53,-53.00,52.00,0.02,-1.9,0.5,0.5,0.5,3933,-7
381,381.09,-53,-53.00,53.00,-0.19,-2.1,0.5,0.5,0.5,3933,-8
382,382.05,-53,-53.00,53.00,-0.38,-2.2,0.5,0.5,0.5,3933,-9
383,383.09,-54,-54.00,53.00,0.41,3.4,0.5,0.5,0.5,3930,-6
384,384.05,-54,-54.00,53.00,0.22,-0.5,0.5,0.5,0.5,3930,-2
385,385.09,-54,-54.00,53.00,0.01,-1.7,0.5,0.5,0.5,3930,-6
386,386.05,-54,-54.00,54.00,-0.18,-2.1,0.5,0.5,0.5,3930,-8
387,387.09,-55,-55.00,54.00,0.61,11.0,0.5,0.5,0.5,3926,-8
388,388.05,-55,-55.00,54.00,0.42,1.7,0.5,0.5,0.5,3926,-5
389,389.09,-55,-55.00,54.00,0.21,-1.0,0.5,0.5,0.5,3926,-3
390,390.05,-55,-55.00,54.00,0.02,-1.8,0.5,0.5,0.5,3926,-7
391,391.09,-55,-55.00,55.00,-0.19,-2.1,0.5,0.5,0.5,3926,-8
392,392.05,-55,-55.00,55.00,-0.38,-2.2,0.5,0.5,0.5,3926,-9
393,393.09,-56,-56.00,55.00,0.41,5.5,0.5,0.5,0.5,3923,-7
394,394.05,-56,-56.00,55.00,0.22,0.1,0.5,0.5,0.5,3923,-3
395,395.09,-56,-56.00,55.00,0.01,-1.5,0.5,0.5,0.5,3923,-5
396,396.05,-56,-56.00,56.00,-0.18,-2.0,0.5,0.5,0.5,3923,-8
397,397.09,-56,-56.00,56.00,-0.39,-2.2,0.5,0.5,0.5,3923,-9
398,398.05,-57,-57.00,56.00,0.42,3.2,0.5,0.5,0.5,3920,-6
399,399.09,-57,-57.00,56.00,0.21,-0.7,0.5,0.5,0.5,3920,-2
400,400.05,-57,-57.00,56.00,0.02,-1.7,0.5,0.5,0.5,3920,-6
401,401.09,-57,-57.00,57.00,-0.19,-2.1,0.5,0.5,0.5,3920,-8
402,402.05,-57,-57.00,57.00,-0.38,-2.2,0.5,0.5,0.5,3920,-9
403,403.09,-58,-58.00,57.00,0.41,10.2,0.5,0.5,0.5,3917,-9
404,404.05,-58,-58.00,57.00,0.22,1.5,0.5,0.5,0.5,3917,-5
405,405.09,-58,-58.00,57.00,0.01,-1.2,0.5,0.5,0.5,3917,-4
406,406.05,-58,-58.00,58.00,-0.18,-1.9,0.5,0.5,0.5,3917,-7
407,407.09,-58,-58.00,58.00,-0.39,-2.2,0.5,0.5,0.5,3917,-9
408,408.05,-59,-59.00,58.00,0.42,3.7,0.5,0.5,0.5,3914,-6
409,409.09,-59,-59.00,58.00,0.21,-0.5,0.5,0.5,0.5,3914,-2
410,410.05,-59,-59.00,58.00,0.02,-1.7,0.5,0.5,0.5,3914,-6
411,411.09,-59,-59.00,59.00,-0.19,-2.1,0.5,0.5,0.5,3914,-8
412,412.05,-59,-59.00,59.00,-0.38,-2.2,0.5,0.5,0.5,3914,-9
413,413.09,-59,-59.00,59.00,-0.59,-2.4,0.5,0.5,0.5,3914,-9
414,414.05,-60,-60.00,59.00,0.22,6.0,0.5,0.5,0.5,3911,-8
415,415.09,-60,-60.00,59.00,0.01,-0.0,0.5,0.5,0.5,3911,-4
416,416.05,-60,-60.00,60.00,-0.18,-1.6,0.5,0.5,0.5,3911,-6
417,417.09,-60,-60.00,60.00,-0.39,-2.1,0.5,0.5,0.5,3911,-8
418,418.05,-61,-61.00,60.00,0.42,4.4,0.5,0.5,0.5,3908,-6
419,419.09,-61,-61.00,60.00,0.21,-0.4,0.5,0.5,0.5,3908,-2
420,420.05,-61,-61.00,60.00,0.02,-1.6,0.5,0.5,0.5,3908,-6
421,421.09,-61,-61.00,61.00,-0.19,-2.0,0.5,0.5,0.5,3908,-8
422,422.05,-61,-61.00,61.00,-0.38,-2.2,0.5,0.5,0.5,3908,-9
423,423.09,-61,-61.00,61.00,-0.59,-2.4,0.5,0.5,0.5,3908,-9
424,424.05,-61,-61.00,61.00,-0.78,-2.5,0.5,0.5,0.5,3908,-10
425,425.09,-62,-62.00,61.00,0.01,2.6,0.5,0.5,0.5,3905,-6
426,426.05,-62,-62.00,62.00,-0.18,-0.8,0.5,0.5,0.5,3905,-3
427,427.09,-62,-62.00,62.00,-0.39,-1.9,0.5,0.5,0.5,3905,-7
428,428.05,-63,-63.00,62.00,0.42,9.1,0.5,0.5,0.5,3902,-8
429,429.09,-63,-63.00,62.00,0.21,0.8,0.5,0.5,0.5,3902,-4
430,430.05,-63,-63.00,62.00,0.02,-1.3,0.5,0.5,0.5,3902,-4
431,431.09,-63,-63.00,63.00,-0.19,-2.0,0.5,0.5,0.5,3902,-8
432,432.05,-63,-63.00,63.00,-0.38,-2.2,0.5,0.5,0.5,3902,-9
433,433.09,-63,-63.00,63.00,-0.59,-2.3,0.5,0.5,0.5,3902,-9
434,434.05,-63,-63.00,63.00,-0.78,-2.5,0.5,0.5,0.5,3902,-10
435,435.09,-63,-63.00,63.00,-0.99,-2.6,0.5,0.5,0.5,3902,-10
436,436.05,-64,-64.00,64.00,-0.18,1.8,0.5,0.5,0.5,3899,-6
437,437.09,-64,-64.00,64.00,-0.39,-1.2,0.5,0.5,0.5,3899,-4
438,438.05,-65,-65.00,64.00,0.42,9.7,0.5,0.5,0.5,3896,-7
439,439.09,-65,-65.00,64.00,0.21,1.0,0.5,0.5,0.5,3896,-3
440,440.05,-65,-65.00,64.00,0.02,-1.2,0.5,0.5,0.5,3896,-3
441,441.09,-65,-65.00,65.00,-0.19,-2.0,0.5,0.5,0.5,3896,-7
442,442.05,-65,-65.00,65.00,-0.38,-2.2,0.5,0.5,0.5,3896,-9
443,443.09,-65,-65.00,65.00,-0.59,-2.3,0.5,0.5,0.5,3896,-9
444,444.05,-65,-65.00,65.00,-0.78,-2.5,0.5,0.5,0.5,3896,-10
445,445.09,-65,-65.00,65.00,-0.99,-2.6,0.5,0.5,0.5,3896,-10
446,446.05,-64,-64.00,66.00,-2.18,-15.9,0.5,0.5,0.5,3899,-11
447,447.09,-64,-64.00,66.00,-2.39,-6.5,0.5,0.5,0.5,3899,-15
448,448.05,-65,-65.00,66.00,-1.58,5.0,0.5,0.5,0.5,3896,-16
449,449.09,-66,-66.00,66.00,-0.79,9.1,0.5,0.5,0.5,3893,-12
450,450.05,-67,-67.00,66.00,0.02,8.4,0.5,0.5,0.5,3890,-8
451,451.09,-68,-68.00,67.00,0.81,6.3,0.5,0.5,0.5,3887,-4
452,452.05,-69,-69.00,67.00,1.62,5.1,0.5,0.5,0.5,3883,0
453,453.09,-70,-70.00,67.00,2.41,4.3,0.5,0.5,0.5,3880,4
454,454.05,-71,-71.00,67.00,3.22,6.1,0.5,0.5,0.5,3877,8
455,455.09,-71,-71.00,67.00,3.01,1.1,0.5,0.5,0.5,3877,8
456,456.05,-70,-70.00,68.00,1.82,-7.6,0.5,0.5,0.5,3880,4
457,457.09,-69,-69.00,68.00,0.61,-13.5,0.5,0.5,0.5,3883,0
458,458.05,-68,-68.00,68.00,-0.58,-16.4,0.5,0.5,0.5,3887,-4
459,459.09,-67,-67.00,68.00,-1.79,-16.7,0.5,0.5,0.5,3890,-8
460,460.05,-66,-66.00,68.00,-2.98,-19.5,0.5,0.5,0.5,3893,-12
461,461.09,-66,-66.00,69.00,-3.19,-7.7,0.5,0.5,0.5,3893,-16
462,462.05,-66,-66.00,69.00,-3.38,-4.9,0.5,0.5,0.5,3893,-19
463,463.09,-67,-67.00,69.00,-2.59,6.1,0.5,0.5,0.5,3890,-16
464,464.05,-68,-68.00,69.00,-1.78,9.1,0.5,0.5,0.5,3887,-12
465,465.09,-69,-69.00,69.00,-0.99,6.6,0.5,0.5,0.5,3883,-8
466,466.05,-71,-71.00,70.00,0.82,14.6,0.5,0.5,0.5,3877,-4
467,467.09,-72,-72.00,70.00,1.61,9.3,0.5,0.5,0.5,3874,0
468,468.05,-73,-73.00,70.00,2.42,7.7,0.5,0.5,0.5,3871,4
469,469.09,-74,-74.00,70.00,3.21,9.1,0.5,0.5,0.5,3868,8
470,470.05,-74,-74.00,70.00,3.02,2.2,0.5,0.5,0.5,3868,10
471,471.09,-73,-73.00,71.00,1.81,-7.1,0.5,0.5,0.5,3871,6
472,472.05,-74,-74.00,71.00,2.62,6.4,0.5,0.5,0.5,3868,5
473,473.09,-73,-73.00,71.00,1.41,-6.6,0.5,0.5,0.5,3871,5
474,474.05,-72,-72.00,71.00,0.22,-8.8,0.5,0.5,0.5,3874,1
475,475.09,-72,-72.00,71.00,0.01,1.5,0.5,0.5,0.5,3874,0
476,476.05,-71,-71.00,72.00,-1.18,-8.3,0.5,0.5,0.5,3877,-2
477,477.09,-70,-70.00,72.00,-2.39,-9.0,0.5,0.5,0.5,3880,-6
478,478.05,-69,-69.00,72.00,-3.58,-9.6,0.5,0.5,0.5,3883,-10
479,479.09,-70,-70.00,72.00,-2.79,-1.0,0.5,0.5,0.5,3880,-6
480,480.05,-70,-70.00,72.00,-2.98,-2.9,0.5,0.5,0.5,3880,-9
481,481.09,-70,-70.00,73.00,-3.19,-3.5,0.5,0.5,0.5,3880,-13
482,482.05,-70,-70.00,73.00,-3.38,-3.7,0.5,0.5,0.5,3880,-15
483,483.09,-72,-72.00,73.00,-1.59,14.0,0.5,0.5,0.5,3874,-11
484,484.05,-73,-73.00,73.00,-0.78,11.4,0.5,0.5,0.5,3871,-7
485,485.09,-73,-73.00,73.00,-0.99,8.1,0.5,0.5,0.5,3871,-8
486,486.05,-74,-74.00,74.00,-0.18,9.5,0.5,0.5,0.5,3868,-4
487,487.09,-75,-75.00,74.00,0.61,6.7,0.5,0.5,0.5,3865,0
488,488.05,-76,-76.00,74.00,1.42,5.5,0.5,0.5,0.5,3862,4
489,489.09,-77,-77.00,74.00,2.21,4.7,0.5,0.5,0.5,3859,8
490,490.05,-77,-77.00,74.00,2.02,0.6,0.5,0.5,0.5,3859,7
491,491.09,-77,-77.00,75.00,1.81,-0.7,0.5,0.5,0.5,3859,3
492,492.05,-78,-78.00,75.00,2.62,7.7,0.5,0.5,0.5,3856,2
493,493.09,-77,-77.00,75.00,1.41,-9.3,0.5,0.5,0.5,3859,4
494,494.05,-76,-76.00,75.00,0.22,-15.1,0.5,0.5,0.5,3862,1
495,495.09,-75,-75.00,75.00,-0.99,-14.0,0.5,0.5,0.5,3865,-4
496,496.05,-74,-74.00,76.00,-2.18,-13.3,0.5,0.5,0.5,3868,-7
497,497.09,-73,-73.00,76.00,-3.39,-14.6,0.5,0.5,0.5,3871,-12
498,498.05,-73,-73.00,76.00,-3.58,-6.9,0.5,0.5,0.5,3871,-15
499,499.09,-73,-73.00,76.00,-3.79,-4.8,0.5,0.5,0.5,3871,-19
500,500.05,-74,-74.00,76.00,-2.98,4.8,0.5,0.5,0.5,3868,-16
501,501.09,-75,-75.00,77.00,-2.19,4.7,0.5,0.5,0.5,3865,-11
502,502.05,-77,-77.00,77.00,-0.38,13.4,0.5,0.5,0.5,3859,-8
503,503.09,-79,-79.00,77.00,1.41,17.6,0.5,0.5,0.5,3853,-3
504,504.05,-80,-80.00,77.00,2.22,11.3,0.5,0.5,0.5,3850,0
505,505.09,-81,-81.00,77.00,3.01,6.9,0.5,0.5,0.5,3847,5
506,506.05,-82,-82.00,78.00,3.82,6.3,0.5,0.5,0.5,3844,8
507,507.09,-82,-82.00,78.00,3.61,1.4,0.5,0.5,0.5,3844,9
508,508.05,-82,-82.00,78.00,3.42,0.1,0.5,0.5,0.5,3844,5
509,509.09,-81,-81.00,78.00,2.21,-4.9,0.5,0.5,0.5,3847,1
510,510.05,-80,-80.00,78.00,1.02,-7.5,0.5,0.5,0.5,3850,-3
511,511.09,-78,-78.00,79.00,-1.19,-20.4,0.5,0.5,0.5,3856,-7
512,512.05,-77,-77.00,79.00,-2.38,-21.0,0.5,0.5,0.5,3859,-11
513,513.09,-77,-77.00,79.00,-2.59,-7.9,0.5,0.5,0.5,3859,-15
514,514.05,-77,-77.00,79.00,-2.78,-4.7,0.5,0.5,0.5,3859,-19
515,515.09,-77,-77.00,79.00,-2.99,-3.9,0.5,0.5,0.5,3859,-15
516,516.05,-76,-76.00,80.00,-4.18,-9.8,0.5,0.5,0.5,3862,-18
517,517.09,-78,-78.00,80.00,-2.39,8.8,0.5,0.5,0.5,3856,-14
518,518.05,-80,-80.00,80.00,-0.58,17.5,0.5,0.5,0.5,3850,-11
519,519.09,-82,-82.00,80.00,1.21,18.4,0.5,0.5,0.5,3844,-6
520,520.05,-84,-84.00,80.00,3.02,22.6,0.5,0.5,0.5,3837,-3
521,521.09,-85,-85.00,81.00,3.81,12.5,0.5,0.5,0.5,3834,2
522,522.05,-86,-86.00,81.00,4.62,9.0,0.5,0.5,0.5,3831,5
523,523.09,-87,-87.00,81.00,5.41,9.4,0.5,0.5,0.5,3828,10
524,524.05,-87,-87.00,81.00,5.22,3.0,0.5,0.5,0.5,3828,13
525,525.09,-86,-86.00,81.00,4.01,-2.8,0.5,0.5,0.5,3831,8
526,526.05,-84,-84.00,82.00,1.82,-16.0,0.5,0.5,0.5,3837,5
527,527.09,-82,-82.00,82.00,-0.39,-22.3,0.5,0.5,0.5,3844,0
528,528.05,-81,-81.00,82.00,-1.58,-15.4,0.5,0.5,0.5,3847,-3
529,529.09,-79,-79.00,82.00,-3.79,-18.0,0.5,0.5,0.5,3853,-8
530,530.05,-77,-77.00,82.00,-5.98,-26.2,0.5,0.5,0.5,3859,-11
531,531.09,-77,-77.00,83.00,-6.19,-10.6,0.5,0.5,0.5,3859,-16
532,532.05,-76,-76.00,83.00,-7.38,-11.2,0.5,0.5,0.5,3862,-19
533,533.09,-77,-77.00,83.00,-6.59,-0.1,0.5,0.5,0.5,3859,-19
534,534.05,-78,-78.00,83.00,-5.78,2.9,0.5,0.5,0.5,3856,-15
535,535.09,-80,-80.00,83.00,-3.99,9.5,0.5,0.5,0.5,3850,-11
536,536.05,-83,-83.00,84.00,-1.18,24.9,0.5,0.5,0.5,3840,-7
537,537.09,-85,-85.00,84.00,0.61,21.2,0.5,0.5,0.5,3834,-3
538,538.05,-87,-87.00,84.00,2.42,24.1,0.5,0.5,0.5,3828,1
539,539.09,-88,-88.00,84.00,3.21,12.9,0.5,0.5,0.5,3825,5
540,540.05,-89,-89.00,84.00,4.02,10.6,0.5,0.5,0.5,3822,9
541,541.09,-89,-89.00,85.00,3.81,2.6,0.5,0.5,0.5,3822,12
542,542.05,-88,-88.00,85.00,2.62,-10.7,0.5,0.5,0.5,3825,8
543,543.09,-87,-87.00,85.00,1.41,-13.0,0.5,0.5,0.5,3828,4
544,544.05,-86,-86.00,85.00,0.22,-11.2,0.5,0.5,0.5,3831,0
545,545.09,-86,-86.00,85.00,0.01,-0.2,0.5,0.5,0.5,3831,-1
546,546.05,-84,-84.00,86.00,-2.18,-18.7,0.5,0.5,0.5,3837,-5
547,547.09,-83,-83.00,86.00,-3.39,-14.6,0.5,0.5,0.5,3840,-9
548,548.05,-82,-82.00,86.00,-4.58,-13.0,0.5,0.5,0.5,3844,-13
549,549.09,-81,-81.00,86.00,-5.79,-13.5,0.5,0.5,0.5,3847,-17
550,550.05,-81,-81.00,86.00,-5.98,-7.5,0.5,0.5,0.5,3847,-21
551,551.09,-83,-83.00,87.00,-4.19,10.2,0.5,0.5,0.5,3840,-17
552,552.05,-84,-84.00,87.00,-3.38,7.0,0.5,0.5,0.5,3837,-13
553,553.09,-85,-85.00,87.00,-2.59,8.5,0.5,0.5,0.5,3834,-13
554,554.05,-87,-87.00,87.00,-0.78,19.2,0.5,0.5,0.5,3828,-9
555,555.09,-87,-87.00,87.00,-0.99,6.8,0.5,0.5,0.5,3828,-8
556,556.05,-89,-89.00,88.00,0.82,14.9,0.5,0.5,0.5,3822,-4
557,557.09,-91,-91.00,88.00,2.61,19.8,0.5,0.5,0.5,3816,0
558,558.05,-92,-92.00,88.00,3.42,13.7,0.5,0.5,0.5,3813,4
559,559.09,-92,-92.00,88.00,3.21,3.1,0.5,0.5,0.5,3813,8
560,560.05,-92,-92.00,88.00,3.02,-7.5,0.5,0.5,0.5,3813,11
561,561.09,-92,-92.00,89.00,2.81,-2.4,0.5,0.5,0.5,3813,7
562,562.05,-90,-90.00,89.00,0.62,-18.0,0.5,0.5,0.5,3819,3
563,563.09,-89,-89.00,89.00,-0.59,-13.4,0.5,0.5,0.5,3822,-1
564,564.05,-87,-87.00,89.00,-2.78,-18.7,0.5,0.5,0.5,3828,-5
565,565.09,-87,-87.00,89.00,-2.99,-12.7,0.5,0.5,0.5,3828,-7
566,566.05,-86,-86.00,90.00,-4.18,-13.4,0.5,0.5,0.5,3831,-10
567,567.09,-85,-85.00,90.00,-5.39,-11.8,0.5,0.5,0.5,3834,-15
568,568.05,-84,-84.00,90.00,-6.58,-15.3,0.5,0.5,0.5,3837,-18
569,569.09,-85,-85.00,90.00,-5.79,-1.5,0.5,0.5,0.5,3834,-18
570,570.05,-86,-86.00,90.00,-4.98,3.8,0.5,0.5,0.5,3831,-14
571,571.09,-88,-88.00,91.00,-3.19,13.3,0.5,0.5,0.5,3825,-10
572,572.05,-90,-90.00,91.00,-1.38,18.8,0.5,0.5,0.5,3819,-6
573,573.09,-92,-92.00,91.00,0.41,22.0,0.5,0.5,0.5,3813,-2
574,574.05,-93,-93.00,91.00,1.22,13.6,0.5,0.5,0.5,3810,2
575,575.09,-94,-94.00,91.00,2.01,10.2,0.5,0.5,0.5,3807,7
576,576.05,-94,-94.00,92.00,1.82,2.0,0.5,0.5,0.5,3807,9
577,577.09,-94,-94.00,92.00,1.61,-0.4,0.5,0.5,0.5,3807,5
578,578.05,-93,-93.00,92.00,0.42,-8.5,0.5,0.5,0.5,3810,1
579,579.09,-92,-92.00,92.00,-0.79,-10.3,0.5,0.5,0.5,3813,-3
580,580.05,-91,-91.00,92.00,-1.98,-10.1,0.5,0.5,0.5,3816,-7
581,581.09,-89,-89.00,93.00,-4.19,-19.6,0.5,0.5,0.5,3822,-11
582,582.05,-89,-89.00,93.00,-4.38,-8.6,0.5,0.5,0.5,3822,-15
583,583.09,-88,-88.00,93.00,-5.59,-9.7,0.5,0.5,0.5,3825,-19
584,584.05,-89,-89.00,93.00,-4.78,4.1,0.5,0.5,0.5,3822,-21
585,585.09,-90,-90.00,93.00,-3.99,6.4,0.5,0.5,0.5,3819,-17
586,586.05,-92,-92.00,94.00,-2.18,14.8,0.5,0.5,0.5,3813,-13
587,587.09,-94,-94.00,94.00,-0.39,15.5,0.5,0.5,0.5,3807,-9
588,588.05,-94,-94.00,94.00,-0.58,-1.0,0.5,0.5,0.5,3807,-5
589,589.09,-96,-96.00,94.00,1.21,9.8,0.5,0.5,0.5,3801,-1
590,590.05,-98,-98.00,94.00,3.02,20.6,0.5,0.5,0.5,3794,3
591,591.09,-98,-98.00,95.00,2.81,4.7,0.5,0.5,0.5,3794,7
592,592.05,-98,-98.00,95.00,2.62,0.8,0.5,0.5,0.5,3794,7
593,593.09,-98,-98.00,95.00,2.41,-0.5,0.5,0.5,0.5,3794,2
594,594.05,-97,-97.00,95.00,1.22,-8.1,0.5,0.5,0.5,3797,-1
595,595.09,-96,-96.00,95.00,0.01,-9.3,0.5,0.5,0.5,3801,-6
596,596.05,-96,-96.00,96.00,-0.18,3.2,0.5,0.5,0.5,3801,-9
597,597.09,-95,-95.00,96.00,-1.39,-10.5,0.5,0.5,0.5,3804,-7
598,598.05,-94,-94.00,96.00,-2.58,-16.0,0.5,0.5,0.5,3807,-11
599,599.09,-94,-94.00,96.00,-2.79,-6.7,0.5,0.5,0.5,3807,-15
600,600.05,-94,-94.00,96.00,-2.98,-4.5,0.5,0.5,0.5,3807,-18
601,601.09,-94,-94.00,97.00,-3.19,-3.9,0.5,0.5,0.5,3807,-15
602,602.05,-96,-96.00,97.00,-1.38,15.0,0.5,0.5,0.5,3801,-12
603,603.09,-97,-97.00,97.00,-0.59,10.1,0.5,0.5,0.5,3797,-8
604,604.05,-98,-98.00,97.00,0.22,6.9,0.5,0.5,0.5,3794,-4
605,605.09,-100,-100.00,97.00,2.01,15.3,0.5,0.5,0.5,3788,0
606,606.05,-100,-100.00,98.00,1.82,3.5,0.5,0.5,0.5,3788,4
607,607.09,-101,-101.00,98.00,2.61,4.3,0.5,0.5,0.5,3785,8
608,608.05,-100,-100.00,98.00,1.42,-9.2,0.5,0.5,0.5,3788,7
609,609.09,-99,-99.00,98.00,0.21,-13.2,0.5,0.5,0.5,3791,3
610,610.05,-98,-98.00,98.00,-0.98,-13.1,0.5,0.5,0.5,3794,-1
611,611.09,-98,-98.00,99.00,-1.19,0.4,0.5,0.5,0.5,3794,-3
612,612.05,-97,-97.00,99.00,-2.38,-9.0,0.5,0.5,0.5,3797,-5
613,613.09,-95,-95.00,99.00,-4.59,-20.3,0.5,0.5,0.5,3804,-9
614,614.05,-94,-94.00,99.00,-5.78,-17.7,0.5,0.5,0.5,3807,-13
615,615.09,-94,-94.00,99.00,-5.99,-8.3,0.5,0.5,0.5,3807,-17
616,616.05,-94,-94.00,100.00,-6.18,-6.1,0.5,0.5,0.5,3807,-21
617,617.09,-95,-95.00,100.00,-5.39,2.8,0.5,0.5,0.5,3804,-20
618,618.05,-97,-97.00,100.00,-3.58,14.3,0.5,0.5,0.5,3797,-17
619,619.09,-100,-100.00,100.00,-0.79,26.6,0.5,0.5,0.5,3788,-12
620,620.05,-102,-102.00,100.00,1.02,21.0,0.5,0.5,0.5,3782,-9
621,621.09,-105,-105.00,101.00,3.81,25.3,0.5,0.5,0.5,3773,-4
622,622.05,-105,-105.00,101.00,3.62,10.7,0.5,0.5,0.5,3773,-1
623,623.09,-107,-107.00,101.00,5.41,19.6,0.5,0.5,0.5,3767,4
624,624.05,-108,-108.00,101.00,6.22,17.7,0.5,0.5,0.5,3764,7
625,625.09,-108,-108.00,101.00,6.01,5.2,0.5,0.5,0.5,3764,12
626,626.05,-107,-107.00,102.00,4.82,-7.6,0.5,0.5,0.5,3767,11
627,627.09,-106,-106.00,102.00,3.61,-8.7,0.5,0.5,0.5,3770,7
628,628.05,-106,-106.00,102.00,3.42,1.0,0.5,0.5,0.5,3770,5
629,629.09,-103,-103.00,102.00,0.21,-21.4,0.5,0.5,0.5,3779,1
630,630.05,-103,-103.00,102.00,0.02,-10.4,0.5,0.5,0.5,3779,-3
631,631.09,-100,-100.00,103.00,-3.19,-28.5,0.5,0.5,0.5,3788,-7
632,632.05,-98,-98.00,103.00,-5.38,-30.2,0.5,0.5,0.5,3794,-11
633,633.09,-97,-97.00,103.00,-6.59,-19.8,0.5,0.5,0.5,3797,-15
634,634.05,-97,-97.00,103.00,-6.78,-9.6,0.5,0.5,0.5,3797,-19
635,635.09,-97,-97.00,103.00,-6.99,-6.6,0.5,0.5,0.5,3797,-23
636,636.05,-99,-99.00,104.00,-5.18,13.3,0.5,0.5,0.5,3791,-22
637,637.09,-101,-101.00,104.00,-3.39,14.6,0.5,0.5,0.5,3785,-18
638,638.05,-105,-105.00,104.00,0.42,34.2,0.5,0.5,0.5,3773,-14
639,639.09,-108,-108.00,104.00,3.21,30.3,0.5,0.5,0.5,3764,-10
640,640.05,-111,-111.00,104.00,6.02,29.6,0.5,0.5,0.5,3754,-6
641,641.09,-115,-115.00,105.00,9.81,39.9,0.5,0.5,0.5,3742,-2
642,642.05,-117,-117.00,105.00,11.62,31.7,0.5,0.5,0.5,3736,2
643,643.09,-119,-119.00,105.00,13.41,29.3,0.5,0.5,0.5,3730,6
644,644.05,-119,-119.00,105.00,13.22,11.5,0.5,0.5,0.5,3730,10
645,645.09,-119,-119.00,105.00,13.01,6.3,0.5,0.5,0.5,3730,14
646,646.05,-118,-118.00,106.00,11.82,-6.3,0.5,0.5,0.5,3733,16
647,647.09,-118,-118.00,106.00,11.61,4.9,0.5,0.5,0.5,3733,14
648,648.05,-115,-115.00,106.00,8.42,-18.4,0.5,0.5,0.5,3742,11
649,649.09,-111,-111.00,106.00,4.21,-31.6,0.5,0.5,0.5,3754,7
650,650.05,-107,-107.00,106.00,0.02,-40.3,0.5,0.5,0.5,3767,3
651,651.09,-105,-105.00,107.00,-2.19,-34.3,0.5,0.5,0.5,3773,-1
652,652.05,-102,-102.00,107.00,-5.38,-36.1,0.5,0.5,0.5,3782,-5
653,653.09,-101,-101.00,107.00,-6.59,-20.0,0.5,0.5,0.5,3785,-9
654,654.05,-99,-99.00,107.00,-8.78,-21.6,0.5,0.5,0.5,3791,-13
655,655.09,-97,-97.00,107.00,-10.99,-23.2,0.5,0.5,0.5,3797,-17
656,656.05,-97,-97.00,108.00,-11.18,-12.1,0.5,0.5,0.5,3797,-21
657,657.09,-96,-96.00,108.00,-12.39,-19.7,0.5,0.5,0.5,3801,-25
658,658.05,-98,-98.00,108.00,-10.58,4.8,0.5,0.5,0.5,3794,-24
659,659.09,-102,-102.00,108.00,-6.79,30.7,0.5,0.5,0.5,3782,-19
660,660.05,-106,-106.00,108.00,-2.98,40.8,0.5,0.5,0.5,3770,-16
661,661.09,-110,-110.00,109.00,0.81,39.4,0.5,0.5,0.5,3757,-11
662,662.05,-114,-114.00,109.00,4.62,37.4,0.5,0.5,0.5,3745,-8
663,663.09,-119,-119.00,109.00,9.41,47.5,0.5,0.5,0.5,3730,-3
664,664.05,-120,-120.00,109.00,10.22,27.9,0.5,0.5,0.5,3727,0
665,665.09,-123,-123.00,109.00,13.01,31.8,0.5,0.5,0.5,3718,5
666,666.05,-125,-125.00,110.00,14.82,30.5,0.5,0.5,0.5,3711,8
667,667.09,-124,-124.00,110.00,13.61,3.0,0.5,0.5,0.5,3714,11
668,668.05,-124,-124.00,110.00,13.42,4.2,0.5,0.5,0.5,3714,15
669,669.09,-122,-122.00,110.00,11.21,-10.4,0.5,0.5,0.5,3721,10
670,670.05,-122,-122.00,110.00,11.02,3.6,0.5,0.5,0.5,3721,9
671,671.09,-119,-119.00,111.00,7.81,-18.6,0.5,0.5,0.5,3730,6
672,672.05,-116,-116.00,111.00,4.62,-27.1,0.5,0.5,0.5,3739,2
673,673.09,-115,-115.00,111.00,3.41,-14.5,0.5,0.5,0.5,3742,-3
674,674.05,-112,-112.00,111.00,0.22,-26.5,0.5,0.5,0.5,3751,-6
675,675.09,-109,-109.00,111.00,-2.99,-31.6,0.5,0.5,0.5,3761,-11
676,676.05,-107,-107.00,112.00,-5.18,-28.7,0.5,0.5,0.5,3767,-14
677,677.09,-106,-106.00,112.00,-6.39,-20.1,0.5,0.5,0.5,3770,-19
678,678.05,-106,-106.00,112.00,-6.58,-9.6,0.5,0.5,0.5,3770,-22
679,679.09,-108,-108.00,112.00,-4.79,9.7,0.5,0.5,0.5,3764,-19
680,680.05,-110,-110.00,112.00,-2.98,16.6,0.5,0.5,0.5,3757,-15
681,681.09,-113,-113.00,113.00,-0.19,23.8,0.5,0.5,0.5,3748,-11
682,682.05,-114,-114.00,113.00,0.62,5.1,0.5,0.5,0.5,3745,-7
683,683.09,-117,-117.00,113.00,3.41,24.2,0.5,0.5,0.5,3736,-3
684,684.05,-119,-119.00,113.00,5.22,20.7,0.5,0.5,0.5,3730,1
685,685.09,-121,-121.00,113.00,7.01,18.4,0.5,0.5,0.5,3724,5
686,686.05,-122,-122.00,114.00,7.82,11.8,0.5,0.5,0.5,3721,9
687,687.09,-122,-122.00,114.00,7.61,4.3,0.5,0.5,0.5,3721,13
688,688.05,-122,-122.00,114.00,7.42,2.4,0.5,0.5,0.5,3721,11
689,689.09,-120,-120.00,114.00,5.21,-12.3,0.5,0.5,0.5,3727,7
690,690.05,-118,-118.00,114.00,3.02,-16.7,0.5,0.5,0.5,3733,3
691,691.09,-115,-115.00,115.00,-0.19,-26.3,0.5,0.5,0.5,3742,-1
692,692.05,-115,-115.00,115.00,-0.38,-12.7,0.5,0.5,0.5,3742,-5
693,693.09,-112,-112.00,115.00,-3.59,-25.2,0.5,0.5,0.5,3751,-9
694,694.05,-110,-110.00,115.00,-5.78,-27.6,0.5,0.5,0.5,3757,-13
695,695.09,-109,-109.00,115.00,-6.99,-19.6,0.5,0.5,0.5,3761,-17
696,696.05,-109,-109.00,116.00,-7.18,-9.6,0.5,0.5,0.5,3761,-21
697,697.09,-110,-110.00,116.00,-6.39,1.5,0.5,0.5,0.5,3757,-21
698,698.05,-112,-112.00,116.00,-4.58,11.9,0.5,0.5,0.5,3751,-17
699,699.09,-115,-115.00,116.00,-1.79,22.2,0.5,0.5,0.5,3742,-13
700,700.05,-118,-118.00,116.00,1.02,27.3,0.5,0.5,0.5,3733,-9
701,701.09,-119,-119.00,117.00,1.81,14.0,0.5,0.5,0.5,3730,-5
702,702.05,-122,-122.00,117.00,4.62,27.0,0.5,0.5,0.5,3721,-1
703,703.09,-124,-124.00,117.00,6.41,21.5,0.5,0.5,0.5,3714,3
704,704.05,-125,-125.00,117.00,7.22,12.7,0.5,0.5,0.5,3711,7
705,705.09,-126,-126.00,117.00,8.01,8.9,0.5,0.5,0.5,3708,11
706,706.05,-126,-126.00,118.00,7.82,3.8,0.5,0.5,0.5,3708,15
707,707.09,-124,-124.00,118.00,5.61,-13.0,0.5,0.5,0.5,3714,10
708,708.05,-124,-124.00,118.00,5.42,0.4,0.5,0.5,0.5,3714,7
709,709.09,-121,-121.00,118.00,2.21,-21.5,0.5,0.5,0.5,3724,2
710,710.05,-118,-118.00,118.00,-0.98,-30.6,0.5,0.5,0.5,3733,-1
711,711.09,-115,-115.00,119.00,-4.19,-32.9,0.5,0.5,0.5,3742,-6
712,712.05,-113,-113.00,119.00,-6.38,-26.5,0.5,0.5,0.5,3748,-9
713,713.09,-113,-113.00,119.00,-6.59,-14.2,0.5,0.5,0.5,3748,-14
714,714.05,-111,-111.00,119.00,-8.78,-24.2,0.5,0.5,0.5,3754,-17
715,715.09,-111,-111.00,119.00,-8.99,-11.1,0.5,0.5,0.5,3754,-22
716,716.05,-112,-112.00,120.00,-8.18,-1.2,0.5,0.5,0.5,3751,-20
717,717.09,-115,-115.00,120.00,-5.39,20.1,0.5,0.5,0.5,3742,-16
718,718.05,-117,-117.00,120.00,-3.58,18.0,0.5,0.5,0.5,3736,-12
719,719.09,-120,-120.00,120.00,-0.79,21.4,0.5,0.5,0.5,3727,-8
720,720.05,-121,-121.00,120.00,0.02,11.6,0.5,0.5,0.5,3724,-4
721,721.09,-124,-124.00,121.00,2.81,22.5,0.5,0.5,0.5,3714,0
722,722.05,-126,-126.00,121.00,4.62,22.7,0.5,0.5,0.5,3708,4
723,723.09,-127,-127.00,121.00,5.41,12.6,0.5,0.5,0.5,3705,8
724,724.05,-128,-128.00,121.00,6.22,12.9,0.5,0.5,0.5,3702,12
725,725.09,-127,-127.00,121.00,5.01,-1.8,0.5,0.5,0.5,3705,10
726,726.05,-125,-125.00,122.00,2.82,-19.8,0.5,0.5,0.5,3711,6
727,727.09,-123,-123.00,122.00,0.61,-24.0,0.5,0.5,0.5,3718,2
728,728.05,-121,-121.00,122.00,-1.58,-23.3,0.5,0.5,0.5,3724,-2
729,729.09,-118,-118.00,122.00,-4.79,-31.5,0.5,0.5,0.5,3733,-6
730,730.05,-116,-116.00,122.00,-6.98,-30.0,0.5,0.5,0.5,3739,-10
731,731.09,-114,-114.00,123.00,-9.19,-29.9,0.5,0.5,0.5,3745,-14
732,732.05,-113,-113.00,123.00,-10.38,-25.1,0.5,0.5,0.5,3748,-18
733,733.09,-113,-113.00,123.00,-10.59,-11.9,0.5,0.5,0.5,3748,-22
734,734.05,-115,-115.00,123.00,-8.78,8.5,0.5,0.5,0.5,3742,-19
735,735.09,-117,-117.00,123.00,-6.99,16.7,0.5,0.5,0.5,3736,-15
736,736.05,-119,-119.00,124.00,-5.18,16.0,0.5,0.5,0.5,3730,-11
737,737.09,-122,-122.00,124.00,-2.39,21.6,0.5,0.5,0.5,3721,-7
738,738.05,-124,-124.00,124.00,-0.58,17.3,0.5,0.5,0.5,3714,-3
739,739.09,-126,-126.00,124.00,1.21,13.4,0.5,0.5,0.5,3708,1
740,740.05,-126,-126.00,124.00,1.02,-2.7,0.5,0.5,0.5,3708,3
741,741.09,-127,-127.00,125.00,1.81,11.1,0.5,0.5,0.5,3705,-1
742,742.05,-127,-127.00,125.00,1.62,2.2,0.5,0.5,0.5,3705,3
743,743.09,-128,-128.00,125.00,2.41,7.7,0.5,0.5,0.5,3702,5
744,744.05,-127,-127.00,125.00,1.22,-9.3,0.5,0.5,0.5,3705,7
745,745.09,-126,-126.00,125.00,0.01,-10.9,0.5,0.5,0.5,3708,3
746,746.05,-124,-124.00,126.00,-2.18,-19.4,0.5,0.5,0.5,3714,-1
747,747.09,-122,-122.00,126.00,-4.39,-21.0,0.5,0.5,0.5,3721,-5
748,748.05,-122,-122.00,126.00,-4.58,-3.9,0.5,0.5,0.5,3721,-9
749,749.09,-120,-120.00,126.00,-6.79,-21.0,0.5,0.5,0.5,3727,-13
750,750.05,-120,-120.00,126.00,-6.98,-10.0,0.5,0.5,0.5,3727,-17
751,751.09,-120,-120.00,127.00,-7.19,0.1,0.5,0.5,0.5,3727,-20
752,752.05,-121,-121.00,127.00,-6.38,9.3,0.5,0.5,0.5,3724,-16
753,753.09,-123,-123.00,127.00,-4.59,18.4,0.5,0.5,0.5,3718,-12
754,754.05,-125,-125.00,127.00,-2.78,20.6,0.5,0.5,0.5,3711,-8
755,755.09,-127,-127.00,127.00,-0.99,18.8,0.5,0.5,0.5,3705,-4
756,756.05,-129,-129.00,128.00,0.82,21.0,0.5,0.5,0.5,3699,0
757,757.09,-130,-130.00,128.00,1.61,11.9,0.5,0.5,0.5,3696,4
758,758.05,-131,-131.00,128.00,2.42,12.0,0.5,0.5,0.5,3693,8
759,759.09,-130,-130.00,128.00,1.21,-10.7,0.5,0.5,0.5,3696,11
760,760.05,-129,-129.00,128.00,0.02,-17.2,0.5,0.5,0.5,3699,7
761,761.09,-128,-128.00,129.00,-1.19,-13.5,0.5,0.5,0.5,3702,3
762,762.05,-128,-128.00,129.00,-1.38,-2.3,0.5,0.5,0.5,3702,-1
763,763.09,-125,-125.00,129.00,-4.59,-26.6,0.5,0.5,0.5,3711,-5
764,764.05,-123,-123.00,129.00,-6.78,-31.4,0.5,0.5,0.5,3718,-9
765,765.09,-122,-122.00,129.00,-7.99,-19.3,0.5,0.5,0.5,3721,-13
766,766.05,-121,-121.00,130.00,-9.18,-15.3,0.5,0.5,0.5,3724,-17
767,767.09,-121,-121.00,130.00,-9.39,-9.0,0.5,0.5,0.5,3724,-21
768,768.05,-122,-122.00,130.00,-8.58,1.8,0.5,0.5,0.5,3721,-23
769,769.09,-124,-124.00,130.00,-6.79,10.4,0.5,0.5,0.5,3714,-19
770,770.05,-127,-127.00,130.00,-3.98,19.9,0.5,0.5,0.5,3705,-15
771,771.09,-131,-131.00,131.00,-0.19,32.5,0.5,0.5,0.5,3693,-11
772,772.05,-134,-134.00,131.00,2.62,32.6,0.5,0.5,0.5,3684,-7
773,773.09,-137,-137.00,131.00,5.41,31.6,0.5,0.5,0.5,3675,-3
774,774.05,-139,-139.00,131.00,7.22,26.3,0.5,0.5,0.5,3668,1
775,775.09,-141,-141.00,131.00,9.01,24.7,0.5,0.5,0.5,3662,5
776,776.05,-141,-141.00,132.00,8.82,8.6,0.5,0.5,0.5,3662,9
777,777.09,-141,-141.00,132.00,8.61,3.9,0.5,0.5,0.5,3662,13
778,778.05,-140,-140.00,132.00,7.42,-6.5,0.5,0.5,0.5,3665,11
779,779.09,-138,-138.00,132.00,5.21,-14.3,0.5,0.5,0.5,3671,7
780,780.05,-135,-135.00,132.00,2.02,-24.9,0.5,0.5,0.5,3681,3
781,781.09,-132,-132.00,133.00,-1.19,-27.5,0.5,0.5,0.5,3690,-1
782,782.05,-129,-129.00,133.00,-4.38,-31.8,0.5,0.5,0.5,3699,-5
783,783.09,-126,-126.00,133.00,-7.59,-35.5,0.5,0.5,0.5,3708,-9
784,784.05,-124,-124.00,133.00,-9.78,-31.2,0.5,0.5,0.5,3714,-13
785,785.09,-123,-123.00,133.00,-10.99,-19.1,0.5,0.5,0.5,3718,-17
786,786.05,-122,-122.00,134.00,-12.18,-18.3,0.5,0.5,0.5,3721,-21
787,787.09,-123,-123.00,134.00,-11.39,-6.5,0.5,0.5,0.5,3718,-22
788,788.05,-126,-126.00,134.00,-8.58,17.4,0.5,0.5,0.5,3708,-18
789,789.09,-129,-129.00,134.00,-5.79,26.8,0.5,0.5,0.5,3699,-14
790,790.05,-132,-132.00,134.00,-2.98,30.2,0.5,0.5,0.5,3690,-10
791,791.08,-135,-135.00,135.00,-0.19,28.0,0.5,0.5,0.5,3681,-6
792,792.05,-138,-138.00,135.00,2.62,27.8,0.5,0.5,0.5,3671,-2
793,793.09,-140,-140.00,135.00,4.41,19.0,0.5,0.5,0.5,3665,2
794,794.05,-142,-142.00,135.00,6.22,18.5,0.5,0.5,0.5,3659,6
795,795.09,-143,-143.00,135.00,7.01,12.5,0.5,0.5,0.5,3656,10
796,796.05,-143,-143.00,136.00,6.82,4.5,0.5,0.5,0.5,3656,14
797,797.09,-141,-141.00,136.00,4.61,-14.6,0.5,0.5,0.5,3662,11
798,798.05,-139,-139.00,136.00,2.42,-21.9,0.5,0.5,0.5,3668,7
799,799.09,-138,-138.00,136.00,1.21,-7.4,0.5,0.5,0.5,3671,3
800,800.05,-135,-135.00,136.00,-1.98,-28.0,0.5,0.5,0.5,3681,-1
801,801.09,-134,-134.00,137.00,-3.19,-23.8,0.5,0.5,0.5,3684,-5
802,802.05,-131,-131.00,137.00,-6.38,-36.6,0.5,0.5,0.5,3693,-9
803,803.09,-129,-129.00,137.00,-8.59,-31.6,0.5,0.5,0.5,3699,-13
804,804.05,-130,-130.00,137.00,-7.78,-6.6,0.5,0.5,0.5,3696,-17
805,805.08,-130,-130.00,137.00,-7.99,-6.2,0.5,0.5,0.5,3696,-21
806,806.05,-131,-131.00,138.00,-7.18,6.8,0.5,0.5,0.5,3693,-24
807,807.09,-133,-133.00,138.00,-5.39,15.9,0.5,0.5,0.5,3687,-20
808,808.05,-136,-136.00,138.00,-2.58,25.4,0.5,0.5,0.5,3678,-16
809,809.09,-138,-138.00,138.00,-0.79,23.0,0.5,0.5,0.5,3671,-12
810,810.05,-142,-142.00,138.00,3.02,39.9,0.5,0.5,0.5,3659,-8
811,811.09,-145,-145.00,139.00,5.81,33.1,0.5,0.5,0.5,3650,-4
812,812.05,-148,-148.00,139.00,8.62,33.2,0.5,0.5,0.5,3641,0
813,813.09,-150,-150.00,139.00,10.41,24.0,0.5,0.5,0.5,3635,4
814,814.05,-151,-151.00,139.00,11.22,14.4,0.5,0.5,0.5,3632,8
815,815.09,-150,-150.00,139.00,10.01,2.1,0.5,0.5,0.5,3635,8
816,816.05,-149,-149.00,140.00,8.82,-10.0,0.5,0.5,0.5,3638,10
817,817.09,-148,-148.00,140.00,7.61,-10.5,0.5,0.5,0.5,3641,6
818,818.05,-146,-146.00,140.00,5.42,-19.1,0.5,0.5,0.5,3647,2
819,819.09,-144,-144.00,140.00,3.21,-20.2,0.5,0.5,0.5,3653,-2
820,820.04,-141,-141.00,140.00,0.02,-31.6,0.5,0.5,0.5,3662,-6
821,821.09,-139,-139.00,141.00,-2.19,-27.0,0.5,0.5,0.5,3668,-10
822,822.05,-140,-140.00,141.00,-1.38,-3.5,0.5,0.5,0.5,3665,-14
823,823.09,-139,-139.00,141.00,-2.59,-7.0,0.5,0.5,0.5,3668,-18
824,824.05,-139,-139.00,141.00,-2.78,0.7,0.5,0.5,0.5,3668,-20
825,825.09,-138,-138.00,141.00,-3.99,-13.2,0.5,0.5,0.5,3671,-18
826,826.05,-140,-140.00,142.00,-2.18,11.6,0.5,0.5,0.5,3665,-16
827,827.09,-143,-143.00,142.00,0.61,26.4,0.5,0.5,0.5,3656,-12
828,828.05,-145,-145.00,142.00,2.42,23.0,0.5,0.5,0.5,3650,-8
829,829.09,-146,-146.00,142.00,3.21,20.1,0.5,0.5,0.5,3647,-4
830,830.05,-148,-148.00,142.00,5.02,23.8,0.5,0.5,0.5,3641,0
831,831.09,-149,-149.00,143.00,5.81,12.6,0.5,0.5,0.5,3638,4
832,832.05,-150,-150.00,143.00,6.62,9.3,0.5,0.5,0.5,3635,8
833,833.09,-150,-150.00,143.00,6.41,3.2,0.5,0.5,0.5,3635,12
834,834.05,-149,-149.00,143.00,5.22,-5.3,0.5,0.5,0.5,3638,8
835,835.09,-147,-147.00,143.00,3.01,-14.3,0.5,0.5,0.5,3644,4
836,836.05,-145,-145.00,144.00,0.82,-18.4,0.5,0.5,0.5,3650,0
837,837.09,-142,-142.00,144.00,-2.39,-27.1,0.5,0.5,0.5,3659,-4
838,838.05,-142,-142.00,144.00,-2.58,-6.9,0.5,0.5,0.5,3659,-8
839,839.09,-139,-139.00,144.00,-5.79,-26.9,0.5,0.5,0.5,3668,-12
840,840.05,-140,-140.00,144.00,-4.98,-3.1,0.5,0.5,0.5,3665,-12
841,841.09,-139,-139.00,145.00,-6.19,-11.0,0.5,0.5,0.5,3668,-16
842,842.05,-139,-139.00,145.00,-6.38,-6.9,0.5,0.5,0.5,3668,-20
843,843.09,-141,-141.00,145.00,-4.59,10.2,0.5,0.5,0.5,3662,-17
844,844.05,-143,-143.00,145.00,-2.78,18.2,0.5,0.5,0.5,3656,-13
845,845.09,-145,-145.00,145.00,-0.99,17.8,0.5,0.5,0.5,3650,-9
846,846.05,-148,-148.00,146.00,1.82,29.1,0.5,0.5,0.5,3641,-5
847,847.09,-150,-150.00,146.00,3.61,25.2,0.5,0.5,0.5,3635,-1
848,848.05,-151,-151.00,146.00,4.42,14.0,0.5,0.5,0.5,3632,3
849,849.09,-152,-152.00,146.00,5.21,9.0,0.5,0.5,0.5,3628,7
850,850.05,-152,-152.00,146.00,5.02,2.9,0.5,0.5,0.5,3628,11
851,851.09,-151,-151.00,147.00,3.81,-11.4,0.5,0.5,0.5,3632,7
852,852.05,-150,-150.00,147.00,2.62,-10.5,0.5,0.5,0.5,3635,3
853,853.08,-148,-148.00,147.00,0.41,-15.2,0.5,0.5,0.5,3641,-1
854,854.05,-145,-145.00,147.00,-2.78,-29.8,0.5,0.5,0.5,3650,-5
855,855.09,-143,-143.00,147.00,-4.99,-28.7,0.5,0.5,0.5,3656,-9
856,856.05,-142,-142.00,148.00,-6.18,-18.9,0.5,0.5,0.5,3659,-13
857,857.09,-141,-141.00,148.00,-7.39,-13.2,0.5,0.5,0.5,3662,-17
858,858.05,-140,-140.00,148.00,-8.58,-12.6,0.5,0.5,0.5,3665,-21
859,859.09,-141,-141.00,148.00,-7.79,-3.1,0.5,0.5,0.5,3662,-18
860,860.05,-143,-143.00,148.00,-5.98,7.6,0.5,0.5,0.5,3656,-14
861,861.09,-144,-144.00,149.00,-5.19,11.2,0.5,0.5,0.5,3653,-13
862,862.05,-147,-147.00,149.00,-2.38,24.2,0.5,0.5,0.5,3644,-9
863,863.08,-149,-149.00,149.00,-0.59,16.2,0.5,0.5,0.5,3638,-5
864,864.04,-150,-150.00,149.00,0.22,18.6,0.5,0.5,0.5,3635,-1
865,865.09,-151,-151.00,149.00,1.01,9.8,0.5,0.5,0.5,3632,3
866,866.05,-152,-152.00,150.00,1.82,6.3,0.5,0.5,0.5,3628,7
867,867.09,-152,-152.00,150.00,1.61,0.6,0.5,0.5,0.5,3628,7
868,868.05,-152,-152.00,150.00,1.42,-0.8,0.5,0.5,0.5,3628,3
869,869.09,-150,-150.00,150.00,-0.79,-17.5,0.5,0.5,0.5,3635,-1
870,870.05,-149,-149.00,150.00,-1.98,-14.5,0.5,0.5,0.5,3638,-5
871,871.09,-147,-147.00,151.00,-4.19,-19.2,0.5,0.5,0.5,3644,-9
872,872.05,-145,-145.00,151.00,-6.38,-25.9,0.5,0.5,0.5,3650,-13
873,873.08,-144,-144.00,151.00,-7.59,-21.3,0.5,0.5,0.5,3653,-17
874,874.05,-144,-144.00,151.00,-7.78,-10.3,0.5,0.5,0.5,3653,-21
875,875.09,-145,-145.00,151.00,-6.99,0.8,0.5,0.5,0.5,3650,-21
876,876.05,-147,-147.00,152.00,-5.18,12.8,0.5,0.5,0.5,3644,-17
877,877.09,-150,-150.00,152.00,-2.39,23.7,0.5,0.5,0.5,3635,-13
878,878.04,-153,-153.00,152.00,0.42,32.3,0.5,0.5,0.5,3625,-9
879,879.09,-155,-155.00,152.00,2.21,21.9,0.5,0.5,0.5,3619,-5
880,880.05,-157,-157.00,152.00,4.02,18.5,0.5,0.5,0.5,3613,-1
881,881.09,-159,-159.00,153.00,5.81,17.5,0.5,0.5,0.5,3607,3
882,882.05,-160,-160.00,153.00,6.62,12.5,0.5,0.5,0.5,3604,7
883,883.09,-160,-160.00,153.00,6.41,4.0,0.5,0.5,0.5,3604,11
884,884.05,-159,-159.00,153.00,5.22,-8.8,0.5,0.5,0.5,3607,9
885,885.09,-157,-157.00,153.00,3.01,-21.0,0.5,0.5,0.5,3613,5
886,886.05,-155,-155.00,154.00,0.82,-25.2,0.5,0.5,0.5,3619,1
887,887.08,-153,-153.00,154.00,-1.39,-21.8,0.5,0.5,0.5,3625,-3
888,888.05,-150,-150.00,154.00,-4.58,-31.5,0.5,0.5,0.5,3635,-7
889,889.09,-148,-148.00,154.00,-6.79,-25.4,0.5,0.5,0.5,3641,-11
890,890.05,-146,-146.00,154.00,-8.98,-26.2,0.5,0.5,0.5,3647,-15
891,891.09,-145,-145.00,155.00,-10.19,-21.5,0.5,0.5,0.5,3650,-19
892,892.05,-146,-146.00,155.00,-9.38,-1.0,0.5,0.5,0.5,3647,-21
893,893.09,-147,-147.00,155.00,-8.59,3.5,0.5,0.5,0.5,3644,-17
894,894.05,-149,-149.00,155.00,-6.78,10.2,0.5,0.5,0.5,3638,-13
895,895.09,-152,-152.00,155.00,-3.99,18.2,0.5,0.5,0.5,3628,-9
896,896.05,-155,-155.00,156.00,-1.18,25.8,0.5,0.5,0.5,3619,-5
897,897.09,-157,-157.00,156.00,0.61,19.5,0.5,0.5,0.5,3613,-1
898,898.04,-159,-159.00,156.00,2.42,21.3,0.5,0.5,0.5,3607,3
899,899.09,-160,-160.00,156.00,3.21,14.5,0.5,0.5,0.5,3604,7
900,900.05,-160,-160.00,156.00,3.02,3.7,0.5,0.5,0.5,3604,11
901,901.09,-159,-159.00,157.00,1.81,-7.5,0.5,0.5,0.5,3607,8
902,902.05,-157,-157.00,157.00,-0.38,-22.7,0.5,0.5,0.5,3613,4
903,903.09,-157,-157.00,157.00,-0.59,-12.7,0.5,0.5,0.5,3613,0
904,904.05,-155,-155.00,157.00,-2.78,-22.2,0.5,0.5,0.5,3619,-4
905,905.09,-153,-153.00,157.00,-4.99,-21.4,0.5,0.5,0.5,3625,-8
906,906.05,-151,-151.00,158.00,-7.18,-23.2,0.5,0.5,0.5,3632,-12
907,907.08,-149,-149.00,158.00,-9.39,-28.2,0.5,0.5,0.5,3638,-16
908,908.04,-149,-149.00,158.00,-9.58,-12.9,0.5,0.5,0.5,3638,-20
909,909.09,-150,-150.00,158.00,-8.79,-0.2,0.5,0.5,0.5,3635,-21
910,910.05,-152,-152.00,158.00,-6.98,12.2,0.5,0.5,0.5,3628,-17
911,911.09,-155,-155.00,159.00,-4.19,23.8,0.5,0.5,0.5,3619,-13
912,912.05,-156,-156.00,159.00,-3.38,4.8,0.5,0.5,0.5,3616,-9
913,913.09,-159,-159.00,159.00,-0.59,23.4,0.5,0.5,0.5,3607,-5
914,914.05,-159,-159.00,159.00,-0.78,8.3,0.5,0.5,0.5,3607,-1
915,915.09,-161,-161.00,159.00,1.01,13.9,0.5,0.5,0.5,3601,3
916,916.05,-162,-162.00,160.00,1.82,9.5,0.5,0.5,0.5,3598,7
917,917.08,-163,-163.00,160.00,2.61,10.4,0.5,0.5,0.5,3595,11
918,918.05,-164,-164.00,160.00,3.42,7.7,0.5,0.5,0.5,3592,15
919,919.09,-162,-162.00,160.00,1.21,-14.3,0.5,0.5,0.5,3598,12
920,920.05,-161,-161.00,160.00,0.02,-15.6,0.5,0.5,0.5,3601,9
921,921.09,-160,-160.00,161.00,-1.19,-7.9,0.5,0.5,0.5,3604,4
922,922.04,-158,-158.00,161.00,-3.38,-10.8,0.5,0.5,0.5,3610,1
923,923.09,-155,-155.00,161.00,-6.59,-27.7,0.5,0.5,0.5,3619,-4
924,924.05,-152,-152.00,161.00,-9.78,-31.4,0.5,0.5,0.5,3628,-7
925,925.09,-149,-149.00,161.00,-12.99,-32.0,0.5,0.5,0.5,3638,-12
926,926.05,-147,-147.00,162.00,-15.18,-27.9,0.5,0.5,0.5,3644,-15
927,927.09,-146,-146.00,162.00,-16.39,-19.8,0.5,0.5,0.5,3647,-20
928,928.05,-146,-146.00,162.00,-16.58,-13.1,0.5,0.5,0.5,3647,-23
929,929.09,-148,-148.00,162.00,-14.79,1.5,0.5,0.5,0.5,3641,-20
930,930.05,-149,-149.00,162.00,-13.98,1.7,0.5,0.5,0.5,3638,-19
931,931.08,-153,-153.00,163.00,-10.19,23.0,0.5,0.5,0.5,3625,-14
932,932.05,-157,-157.00,163.00,-6.38,33.2,0.5,0.5,0.5,3613,-11
933,933.09,-161,-161.00,163.00,-2.59,36.2,0.5,0.5,0.5,3601,-6
934,934.05,-164,-164.00,163.00,0.22,30.3,0.5,0.5,0.5,3592,-3
935,935.08,-167,-167.00,163.00,3.01,26.0,0.5,0.5,0.5,3582,2
936,936.04,-167,-167.00,164.00,2.82,10.1,0.5,0.5,0.5,3582,5
937,937.08,-169,-169.00,164.00,4.61,15.7,0.5,0.5,0.5,3576,10
938,938.04,-169,-169.00,164.00,4.42,4.5,0.5,0.5,0.5,3576,13
939,939.08,-168,-168.00,164.00,3.21,-8.6,0.5,0.5,0.5,3579,10
940,940.04,-168,-168.00,164.00,3.02,2.2,0.5,0.5,0.5,3579,8
941,941.09,-165,-165.00,165.00,-0.19,-27.0,0.5,0.5,0.5,3588,4
942,942.05,-163,-163.00,165.00,-2.38,-25.6,0.5,0.5,0.5,3595,0
943,943.09,-162,-162.00,165.00,-3.59,-9.7,0.5,0.5,0.5,3598,-4
944,944.05,-159,-159.00,165.00,-6.78,-27.2,0.5,0.5,0.5,3607,-8
945,945.08,-157,-157.00,165.00,-8.99,-23.9,0.5,0.5,0.5,3613,-12
946,946.05,-155,-155.00,166.00,-11.18,-24.6,0.5,0.5,0.5,3619,-16
947,947.09,-154,-154.00,166.00,-12.39,-21.2,0.5,0.5,0.5,3622,-20
948,948.05,-155,-155.00,166.00,-11.58,-5.7,0.5,0.5,0.5,3619,-21
949,949.09,-157,-157.00,166.00,-9.79,8.5,0.5,0.5,0.5,3613,-18
950,950.05,-160,-160.00,166.00,-6.98,23.5,0.5,0.5,0.5,3604,-15
951,951.09,-163,-163.00,167.00,-4.19,24.7,0.5,0.5,0.5,3595,-10
952,952.05,-166,-166.00,167.00,-1.38,25.8,0.5,0.5,0.5,3585,-7
953,953.08,-169,-169.00,167.00,1.41,24.3,0.5,0.5,0.5,3576,-2
954,954.05,-171,-171.00,167.00,3.22,18.3,0.5,0.5,0.5,3570,1
955,955.08,-173,-173.00,167.00,5.01,15.5,0.5,0.5,0.5,3564,6
956,956.04,-174,-174.00,168.00,5.82,9.8,0.5,0.5,0.5,3561,9
957,957.09,-174,-174.00,168.00,5.61,3.0,0.5,0.5,0.5,3561,13
958,958.04,-173,-173.00,168.00,4.42,-6.7,0.5,0.5,0.5,3564,9
959,959.09,-171,-171.00,168.00,2.21,-15.0,0.5,0.5,0.5,3570,5
960,960.04,-170,-170.00,168.00,1.02,-21.1,0.5,0.5,0.5,3573,1
961,961.08,-167,-167.00,169.00,-2.19,-35.0,0.5,0.5,0.5,3582,-3
962,962.05,-165,-165.00,169.00,-4.38,-29.4,0.5,0.5,0.5,3588,-7
963,963.09,-163,-163.00,169.00,-6.59,-23.5,0.5,0.5,0.5,3595,-11
964,964.05,-161,-161.00,169.00,-8.78,-23.9,0.5,0.5,0.5,3601,-15
965,965.09,-162,-162.00,169.00,-7.99,-3.5,0.5,0.5,0.5,3598,-16
966,966.05,-163,-163.00,170.00,-7.18,5.5,0.5,0.5,0.5,3595,-17
967,967.09,-164,-164.00,170.00,-6.39,6.7,0.5,0.5,0.5,3592,-13
968,968.05,-164,-164.00,170.00,-6.58,-8.1,0.5,0.5,0.5,3592,-10
969,969.09,-166,-166.00,170.00,-4.79,10.1,0.5,0.5,0.5,3585,-8
970,970.04,-168,-168.00,170.00,-2.98,17.8,0.5,0.5,0.5,3579,-5
971,971.09,-170,-170.00,171.00,-1.19,21.5,0.5,0.5,0.5,3573,0
972,972.04,-171,-171.00,171.00,-0.38,14.4,0.5,0.5,0.5,3570,3
973,973.09,-171,-171.00,171.00,-0.59,1.9,0.5,0.5,0.5,3570,7
974,974.04,-171,-171.00,171.00,-0.78,-1.3,0.5,0.5,0.5,3570,3
975,975.08,-171,-171.00,171.00,-0.99,-2.3,0.5,0.5,0.5,3570,-1
976,976.04,-170,-170.00,172.00,-2.18,-8.6,0.5,0.5,0.5,3573,-5
977,977.09,-169,-169.00,172.00,-3.39,-10.2,0.5,0.5,0.5,3576,-9
978,978.04,-168,-168.00,172.00,-4.58,-10.6,0.5,0.5,0.5,3579,-13
979,979.08,-167,-167.00,172.00,-5.79,-11.2,0.5,0.5,0.5,3582,-17
980,980.04,-167,-167.00,172.00,-5.98,-6.9,0.5,0.5,0.5,3582,-21
981,981.08,-168,-168.00,173.00,-5.19,0.1,0.5,0.5,0.5,3579,-19
982,982.04,-170,-170.00,173.00,-3.38,7.8,0.5,0.5,0.5,3573,-15
983,983.08,-173,-173.00,173.00,-0.59,19.9,0.5,0.5,0.5,3564,-11
984,984.05,-176,-176.00,173.00,2.22,29.5,0.5,0.5,0.5,3555,-7
985,985.09,-178,-178.00,173.00,4.01,22.6,0.5,0.5,0.5,3549,-3
986,986.04,-180,-180.00,174.00,5.82,25.2,0.5,0.5,0.5,3542,1
987,987.08,-181,-181.00,174.00,6.61,15.8,0.5,0.5,0.5,3539,5
988,988.05,-181,-181.00,174.00,6.42,5.3,0.5,0.5,0.5,3539,9
989,989.08,-181,-181.00,174.00,6.21,2.1,0.5,0.5,0.5,3539,10
990,990.04,-180,-180.00,174.00,5.02,-5.9,0.5,0.5,0.5,3542,6
991,991.08,-178,-178.00,175.00,2.81,-14.2,0.5,0.5,0.5,3549,2
992,992.04,-176,-176.00,175.00,0.62,-17.9,0.5,0.5,0.5,3555,-2
993,993.08,-173,-173.00,175.00,-2.59,-27.6,0.5,0.5,0.5,3564,-6
994,994.05,-171,-171.00,175.00,-4.78,-27.8,0.5,0.5,0.5,3570,-10
995,995.08,-170,-170.00,175.00,-5.99,-16.8,0.5,0.5,0.5,3573,-14
996,996.05,-169,-169.00,176.00,-7.18,-13.4,0.5,0.5,0.5,3576,-18
997,997.08,-169,-169.00,176.00,-7.39,-7.8,0.5,0.5,0.5,3576,-22
998,998.04,-171,-171.00,176.00,-5.58,12.9,0.5,0.5,0.5,3570,-21
999,999.08,-171,-171.00,176.00,-5.79,3.3,0.5,0.5,0.5,3570,-19
1000,1000.05,-173,-173.00,176.00,-3.98,10.4,0.5,0.5,0.5,3564,-16
1001,1001.08,-176,-176.00,177.00,-1.19,21.1,0.5,0.5,0.5,3555,-11
1002,1002.05,-178,-178.00,177.00,0.62,10.6,0.5,0.5,0.5,3549,-8
1003,1003.08,-181,-181.00,177.00,3.41,22.4,0.5,0.5,0.5,3539,-3
1004,1004.04,-184,-184.00,177.00,6.22,27.4,0.5,0.5,0.5,3530,0
1005,1005.08,-184,-184.00,177.00,6.01,3.5,0.5,0.5,0.5,3530,5
1006,1006.04,-186,-186.00,178.00,7.82,20.8,0.5,0.5,0.5,3524,8
1007,1007.08,-186,-186.00,178.00,7.61,6.6,0.5,0.5,0.5,3524,13
1008,1008.04,-186,-186.00,178.00,7.42,3.0,0.5,0.5,0.5,3524,14
1009,1009.08,-186,-186.00,178.00,7.21,6.1,0.5,0.5,0.5,3524,13
1010,1010.04,-183,-183.00,178.00,4.02,-23.0,0.5,0.5,0.5,3533,9
1011,1011.08,-180,-180.00,179.00,0.81,-31.5,0.5,0.5,0.5,3542,5
1012,1012.04,-177,-177.00,179.00,-2.38,-34.3,0.5,0.5,0.5,3552,1
1013,1013.08,-175,-175.00,179.00,-4.59,-24.9,0.5,0.5,0.5,3558,-3
1014,1014.05,-173,-173.00,179.00,-6.78,-25.1,0.5,0.5,0.5,3564,-7
1015,1015.08,-170,-170.00,179.00,-9.99,-30.4,0.5,0.5,0.5,3573,-11
1016,1016.04,-168,-168.00,180.00,-12.18,-28.6,0.5,0.5,0.5,3579,-15
1017,1017.08,-167,-167.00,180.00,-13.39,-20.0,0.5,0.5,0.5,3582,-19
1018,1018.04,-167,-167.00,180.00,-13.58,-12.1,0.5,0.5,0.5,3582,-23
1019,1019.08,-169,-169.00,180.00,-11.79,2.8,0.5,0.5,0.5,3576,-18
1020,1020.04,-172,-172.00,180.00,-8.98,19.2,0.5,0.5,0.5,3567,-15
1021,1021.08,-175,-175.00,181.00,-6.19,21.0,0.5,0.5,0.5,3558,-10
1022,1022.04,-179,-179.00,181.00,-2.38,34.8,0.5,0.5,0.5,3545,-7
1023,1023.08,-182,-182.00,181.00,0.41,32.1,0.5,0.5,0.5,3536,-2
1024,1024.05,-182,-182.00,181.00,0.22,4.5,0.5,0.5,0.5,3536,1
1025,1025.08,-185,-185.00,181.00,3.01,23.9,0.5,0.5,0.5,3527,6
1026,1026.05,-186,-186.00,182.00,3.82,15.9,0.5,0.5,0.5,3524,9
1027,1027.08,-186,-186.00,182.00,3.61,3.8,0.5,0.5,0.5,3524,14
1028,1028.04,-186,-186.00,182.00,3.42,0.8,0.5,0.5,0.5,3524,10
1029,1029.08,-184,-184.00,182.00,1.21,-12.6,0.5,0.5,0.5,3530,6
1030,1030.04,-182,-182.00,182.00,-0.98,-17.9,0.5,0.5,0.5,3536,2
1031,1031.08,-179,-179.00,183.00,-4.19,-30.1,0.5,0.5,0.5,3545,-2
1032,1032.04,-177,-177.00,183.00,-6.38,-27.8,0.5,0.5,0.5,3552,-6
1033,1033.08,-175,-175.00,183.00,-8.59,-24.7,0.5,0.5,0.5,3558,-10
1034,1034.04,-173,-173.00,183.00,-10.78,-28.2,0.5,0.5,0.5,3564,-14
1035,1035.08,-173,-173.00,183.00,-10.99,-12.9,0.5,0.5,0.5,3564,-18
1036,1036.04,-173,-173.00,184.00,-11.18,-9.2,0.5,0.5,0.5,3564,-22
1037,1037.08,-173,-173.00,184.00,-11.39,-3.0,0.5,0.5,0.5,3564,-25
1038,1038.05,-176,-176.00,184.00,-8.58,21.9,0.5,0.5,0.5,3555,-21
1039,1039.08,-180,-180.00,184.00,-4.79,35.6,0.5,0.5,0.5,3542,-17
1040,1040.04,-184,-184.00,184.00,-0.98,39.5,0.5,0.5,0.5,3530,-13
1041,1041.08,-187,-187.00,185.00,1.81,30.2,0.5,0.5,0.5,3521,-9
1042,1042.04,-191,-191.00,185.00,5.62,44.1,0.5,0.5,0.5,3509,-5
1043,1043.09,-194,-194.00,185.00,8.41,33.3,0.5,0.5,0.5,3499,-1
1044,1044.04,-197,-197.00,185.00,11.22,31.3,0.5,0.5,0.5,3490,3
1045,1045.08,-200,-200.00,185.00,14.01,31.3,0.5,0.5,0.5,3481,7
1046,1046.04,-200,-200.00,186.00,13.82,5.1,0.5,0.5,0.5,3481,11
1047,1047.08,-200,-200.00,186.00,13.61,4.9,0.5,0.5,0.5,3481,15
1048,1048.04,-200,-200.00,186.00,13.42,4.7,0.5,0.5,0.5,3481,18
1049,1049.08,-198,-198.00,186.00,11.21,-8.5,0.5,0.5,0.5,3487,15
1050,1050.04,-197,-197.00,186.00,10.02,-8.5,0.5,0.5,0.5,3490,11
1051,1051.09,-195,-195.00,187.00,7.81,-13.7,0.5,0.5,0.5,3496,7
1052,1052.04,-192,-192.00,187.00,4.62,-27.2,0.5,0.5,0.5,3506,3
1053,1053.08,-188,-188.00,187.00,0.41,-37.7,0.5,0.5,0.5,3518,-1
1054,1054.04,-185,-185.00,187.00,-2.78,-36.8,0.5,0.5,0.5,3527,-5
1055,1055.08,-184,-184.00,187.00,-3.99,-26.4,0.5,0.5,0.5,3530,-9
1056,1056.04,-184,-184.00,188.00,-4.18,-4.0,0.5,0.5,0.5,3530,-13
1057,1057.08,-183,-183.00,188.00,-5.39,-11.3,0.5,0.5,0.5,3533,-17
1058,1058.04,-183,-183.00,188.00,-5.58,-6.7,0.5,0.5,0.5,3533,-21
1059,1059.09,-183,-183.00,188.00,-5.79,1.0,0.5,0.5,0.5,3533,-24
1060,1060.05,-185,-185.00,188.00,-3.98,12.8,0.5,0.5,0.5,3527,-20
1061,1061.09,-190,-190.00,189.00,0.81,38.8,0.5,0.5,0.5,3512,-16
1062,1062.04,-192,-192.00,189.00,2.62,20.6,0.5,0.5,0.5,3506,-12
1063,1063.08,-197,-197.00,189.00,7.41,44.8,0.5,0.5,0.5,3490,-8
1064,1064.04,-199,-199.00,189.00,9.22,28.9,0.5,0.5,0.5,3484,-4
1065,1065.08,-203,-203.00,189.00,13.01,41.8,0.5,0.5,0.5,3472,0
1066,1066.04,-206,-206.00,190.00,15.82,40.8,0.5,0.5,0.5,3463,4
1067,1067.08,-209,-209.00,190.00,18.61,40.4,0.5,0.5,0.5,3453,8
1068,1068.04,-208,-208.00,190.00,17.42,9.2,0.5,0.5,0.5,3456,12
1069,1069.08,-209,-209.00,190.00,18.21,12.1,0.5,0.5,0.5,3453,16
1070,1070.04,-209,-209.00,190.00,18.02,8.4,0.5,0.5,0.5,3453,20
1071,1071.08,-209,-209.00,191.00,17.81,2.6,0.5,0.5,0.5,3453,21
1072,1072.04,-206,-206.00,191.00,14.62,-15.1,0.5,0.5,0.5,3463,17
1073,1073.08,-203,-203.00,191.00,11.41,-20.0,0.5,0.5,0.5,3472,13
1074,1074.04,-199,-199.00,191.00,7.22,-36.7,0.5,0.5,0.5,3484,9
1075,1075.09,-196,-196.00,191.00,4.01,-32.9,0.5,0.5,0.5,3493,5
1076,1076.04,-192,-192.00,192.00,-0.18,-42.3,0.5,0.5,0.5,3506,1
1077,1077.08,-190,-190.00,192.00,-2.39,-29.3,0.5,0.5,0.5,3512,-3
1078,1078.04,-188,-188.00,192.00,-4.58,-30.1,0.5,0.5,0.5,3518,-7
1079,1079.09,-185,-185.00,192.00,-7.79,-35.4,0.5,0.5,0.5,3527,-11
1080,1080.04,-184,-184.00,192.00,-8.98,-21.0,0.5,0.5,0.5,3530,-15
1081,1081.08,-183,-183.00,193.00,-10.19,-14.4,0.5,0.5,0.5,3533,-19
1082,1082.04,-184,-184.00,193.00,-9.38,3.9,0.5,0.5,0.5,3530,-23
1083,1083.08,-186,-186.00,193.00,-7.59,14.6,0.5,0.5,0.5,3524,-18
1084,1084.05,-189,-189.00,193.00,-4.78,25.1,0.5,0.5,0.5,3515,-15
1085,1085.09,-193,-193.00,193.00,-0.99,33.0,0.5,0.5,0.5,3502,-10
1086,1086.05,-195,-195.00,194.00,0.82,30.0,0.5,0.5,0.5,3496,-7
1087,1087.08,-199,-199.00,194.00,4.61,37.2,0.5,0.5,0.5,3484,-2
1088,1088.04,-202,-202.00,194.00,7.42,32.9,0.5,0.5,0.5,3475,1
1089,1089.08,-203,-203.00,194.00,8.21,17.8,0.5,0.5,0.5,3472,6
1090,1090.04,-205,-205.00,194.00,10.02,19.3,0.5,0.5,0.5,3466,9
1091,1091.08,-205,-205.00,195.00,9.81,12.1,0.5,0.5,0.5,3466,14
1092,1092.04,-205,-205.00,195.00,9.62,5.4,0.5,0.5,0.5,3466,17
1093,1093.08,-204,-204.00,195.00,8.41,-5.8,0.5,0.5,0.5,3469,15
1094,1094.04,-202,-202.00,195.00,6.22,-15.2,0.5,0.5,0.5,3475,11
1095,1095.08,-199,-199.00,195.00,3.01,-25.5,0.5,0.5,0.5,3484,7
1096,1096.04,-196,-196.00,196.00,-0.18,-30.3,0.5,0.5,0.5,3493,3
1097,1097.08,-193,-193.00,196.00,-3.39,-31.0,0.5,0.5,0.5,3502,-1
1098,1098.04,-190,-190.00,196.00,-6.58,-35.3,0.5,0.5,0.5,3512,-5
1099,1099.08,-188,-188.00,196.00,-8.79,-25.6,0.5,0.5,0.5,3518,-9
1100,1100.04,-186,-186.00,196.00,-10.98,-24.7,0.5,0.5,0.5,3524,-13
1101,1101.08,-185,-185.00,197.00,-12.19,-17.7,0.5,0.5,0.5,3527,-17
1102,1102.04,-185,-185.00,197.00,-12.38,-11.0,0.5,0.5,0.5,3527,-21
1103,1103.08,-187,-187.00,197.00,-10.59,6.6,0.5,0.5,0.5,3521,-18
1104,1104.04,-190,-190.00,197.00,-7.78,23.8,0.5,0.5,0.5,3512,-14
1105,1105.08,-193,-193.00,197.00,-4.99,26.8,0.5,0.5,0.5,3502,-10
1106,1106.05,-194,-194.00,198.00,-4.18,5.4,0.5,0.5,0.5,3499,-6
1107,1107.08,-198,-198.00,198.00,-0.39,29.6,0.5,0.5,0.5,3487,-2
1108,1108.04,-201,-201.00,198.00,2.42,34.9,0.5,0.5,0.5,3478,2
1109,1109.09,-203,-203.00,198.00,4.21,23.9,0.5,0.5,0.5,3472,6
1110,1110.04,-205,-205.00,198.00,6.02,23.4,0.5,0.5,0.5,3466,10
1111,1111.08,-206,-206.00,199.00,6.81,18.0,0.5,0.5,0.5,3463,14
1112,1112.04,-205,-205.00,199.00,5.62,-5.8,0.5,0.5,0.5,3466,17
1113,1113.08,-204,-204.00,199.00,4.41,-9.2,0.5,0.5,0.5,3469,12
1114,1114.04,-202,-202.00,199.00,2.22,-17.7,0.5,0.5,0.5,3475,9
1115,1115.08,-199,-199.00,199.00,-0.99,-27.2,0.5,0.5,0.5,3484,4
1116,1116.04,-196,-196.00,200.00,-4.18,-33.9,0.5,0.5,0.5,3493,1
1117,1117.08,-193,-193.00,200.00,-7.39,-37.9,0.5,0.5,0.5,3502,-4
1118,1118.04,-191,-191.00,200.00,-9.58,-31.9,0.5,0.5,0.5,3509,-7
1119,1119.08,-189,-189.00,200.00,-11.79,-28.2,0.5,0.5,0.5,3515,-12
1120,1120.04,-188,-188.00,200.00,-12.98,-21.0,0.5,0.5,0.5,3518,-15
1121,1121.09,-188,-188.00,201.00,-13.19,-11.9,0.5,0.5,0.5,3518,-20
1122,1122.04,-189,-189.00,201.00,-12.38,-1.3,0.5,0.5,0.5,3515,-20
1123,1123.08,-192,-192.00,201.00,-9.59,20.5,0.5,0.5,0.5,3506,-16
1124,1124.04,-193,-193.00,201.00,-8.78,11.6,0.5,0.5,0.5,3502,-12
1125,1125.08,-196,-196.00,201.00,-5.99,21.0,0.5,0.5,0.5,3493,-8
1126,1126.04,-200,-200.00,202.00,-2.18,35.2,0.5,0.5,0.5,3481,-4
1127,1127.08,-203,-203.00,202.00,0.61,30.6,0.5,0.5,0.5,3472,0
1128,1128.04,-203,-203.00,202.00,0.42,11.0,0.5,0.5,0.5,3472,4
1129,1129.09,-206,-206.00,202.00,3.21,25.3,0.5,0.5,0.5,3463,8
1130,1130.04,-207,-207.00,202.00,4.02,16.3,0.5,0.5,0.5,3459,12
1131,1131.08,-207,-207.00,203.00,3.81,4.0,0.5,0.5,0.5,3459,16
1132,1132.04,-206,-206.00,203.00,2.62,-12.1,0.5,0.5,0.5,3463,12
1133,1133.08,-205,-205.00,203.00,1.41,-11.3,0.5,0.5,0.5,3466,8
1134,1134.04,-203,-203.00,203.00,-0.78,-16.8,0.5,0.5,0.5,3472,4
1135,1135.08,-200,-200.00,203.00,-3.99,-28.3,0.5,0.5,0.5,3481,0
1136,1136.04,-198,-198.00,204.00,-6.18,-28.2,0.5,0.5,0.5,3487,-4
1137,1137.08,-196,-196.00,204.00,-8.39,-24.4,0.5,0.5,0.5,3493,-8
1138,1138.04,-194,-194.00,204.00,-10.58,-30.7,0.5,0.5,0.5,3499,-12
1139,1139.08,-194,-194.00,204.00,-10.79,-13.4,0.5,0.5,0.5,3499,-16
1140,1140.04,-194,-194.00,204.00,-10.98,-9.3,0.5,0.5,0.5,3499,-20
1141,1141.08,-195,-195.00,205.00,-10.19,0.0,0.5,0.5,0.5,3496,-20
1142,1142.04,-196,-196.00,205.00,-9.38,-4.8,0.5,0.5,0.5,3493,-18
1143,1143.08,-199,-199.00,205.00,-6.59,16.6,0.5,0.5,0.5,3484,-15
1144,1144.04,-201,-201.00,205.00,-4.78,21.5,0.5,0.5,0.5,3478,-11
1145,1145.08,-205,-205.00,205.00,-0.99,31.5,0.5,0.5,0.5,3466,-7
1146,1146.04,-209,-209.00,206.00,2.82,41.0,0.5,0.5,0.5,3453,-3
1147,1147.08,-212,-212.00,206.00,5.61,32.0,0.5,0.5,0.5,3444,1
1148,1148.04,-215,-215.00,206.00,8.42,36.0,0.5,0.5,0.5,3435,5
1149,1149.08,-217,-217.00,206.00,10.21,27.0,0.5,0.5,0.5,3429,9
1150,1150.04,-218,-218.00,206.00,11.02,16.2,0.5,0.5,0.5,3426,13
1151,1151.08,-219,-219.00,207.00,11.81,12.2,0.5,0.5,0.5,3423,17
1152,1152.04,-218,-218.00,207.00,10.62,-3.0,0.5,0.5,0.5,3426,18
1153,1153.08,-216,-216.00,207.00,8.41,-16.2,0.5,0.5,0.5,3432,13
1154,1154.04,-214,-214.00,207.00,6.22,-18.7,0.5,0.5,0.5,3438,10
1155,1155.08,-211,-211.00,207.00,3.01,-24.2,0.5,0.5,0.5,3447,5
1156,1156.04,-210,-210.00,208.00,1.82,-19.3,0.5,0.5,0.5,3450,2
1157,1157.09,-207,-207.00,208.00,-1.39,-26.0,0.5,0.5,0.5,3459,-3
1158,1158.04,-204,-204.00,208.00,-4.58,-36.0,0.5,0.5,0.5,3469,-6
1159,1159.08,-202,-202.00,208.00,-6.79,-32.7,0.5,0.5,0.5,3475,-11
1160,1160.04,-201,-201.00,208.00,-7.98,-25.0,0.5,0.5,0.5,3478,-14
1161,1161.08,-201,-201.00,209.00,-8.19,-11.0,0.5,0.5,0.5,3478,-19
1162,1162.04,-202,-202.00,209.00,-7.38,-1.1,0.5,0.5,0.5,3475,-17
1163,1163.08,-203,-203.00,209.00,-6.59,4.7,0.5,0.5,0.5,3472,-16
1164,1164.04,-205,-205.00,209.00,-4.78,13.9,0.5,0.5,0.5,3466,-12
1165,1165.08,-209,-209.00,209.00,-0.99,30.3,0.5,0.5,0.5,3453,-8
1166,1166.04,-212,-212.00,210.00,1.82,29.8,0.5,0.5,0.5,3444,-4
1167,1167.08,-215,-215.00,210.00,4.61,27.3,0.5,0.5,0.5,3435,0
1168,1168.04,-218,-218.00,210.00,7.42,29.9,0.5,0.5,0.5,3426,4
1169,1169.08,-220,-220.00,210.00,9.21,21.3,0.5,0.5,0.5,3419,8
1170,1170.04,-220,-220.00,210.00,9.02,2.9,0.5,0.5,0.5,3419,11
1171,1171.09,-221,-221.00,211.00,9.81,11.1,0.5,0.5,0.5,3416,12
1172,1172.04,-221,-221.00,211.00,9.62,5.1,0.5,0.5,0.5,3416,16
1173,1173.08,-220,-220.00,211.00,8.41,-1.4,0.5,0.5,0.5,3419,13
1174,1174.04,-218,-218.00,211.00,6.22,-13.1,0.5,0.5,0.5,3426,9
1175,1175.08,-216,-216.00,211.00,4.01,-16.1,0.5,0.5,0.5,3432,5
1176,1176.04,-213,-213.00,212.00,0.82,-29.4,0.5,0.5,0.5,3441,1
1177,1177.09,-211,-211.00,212.00,-1.39,-26.9,0.5,0.5,0.5,3447,-3
1178,1178.04,-210,-210.00,212.00,-2.58,-16.2,0.5,0.5,0.5,3450,-7
1179,1179.09,-208,-208.00,212.00,-4.79,-20.3,0.5,0.5,0.5,3456,-11
1180,1180.04,-208,-208.00,212.00,-4.98,-9.1,0.5,0.5,0.5,3456,-15
1181,1181.08,-208,-208.00,213.00,-5.19,-5.8,0.5,0.5,0.5,3456,-19
1182,1182.04,-209,-209.00,213.00,-4.38,1.9,0.5,0.5,0.5,3453,-19
1183,1183.08,-212,-212.00,213.00,-1.59,19.6,0.5,0.5,0.5,3444,-15
1184,1184.04,-215,-215.00,213.00,1.22,25.3,0.5,0.5,0.5,3435,-11
1185,1185.08,-219,-219.00,213.00,5.01,37.9,0.5,0.5,0.5,3423,-7
1186,1186.04,-222,-222.00,214.00,7.82,36.8,0.5,0.5,0.5,3413,-3
1187,1187.08,-225,-225.00,214.00,10.61,35.0,0.5,0.5,0.5,3404,2
1188,1188.04,-227,-227.00,214.00,12.42,26.2,0.5,0.5,0.5,3398,5
1189,1189.08,-227,-227.00,214.00,12.21,13.0,0.5,0.5,0.5,3398,9
1190,1190.05,-229,-229.00,214.00,14.02,23.9,0.5,0.5,0.5,3392,13
1191,1191.08,-229,-229.00,215.00,13.81,9.7,0.5,0.5,0.5,3392,17
1192,1192.04,-228,-228.00,215.00,12.62,-7.1,0.5,0.5,0.5,3395,21
1193,1193.08,-227,-227.00,215.00,11.41,-6.6,0.5,0.5,0.5,3398,17
1194,1194.04,-224,-224.00,215.00,8.22,-22.0,0.5,0.5,0.5,3407,13
1195,1195.08,-221,-221.00,215.00,5.01,-26.6,0.5,0.5,0.5,3416,9
1196,1196.05,-220,-220.00,216.00,3.82,-9.0,0.5,0.5,0.5,3419,5
1197,1197.08,-218,-218.00,216.00,1.61,-8.5,0.5,0.5,0.5,3426,1
1198,1198.04,-216,-216.00,216.00,-0.58,-19.5,0.5,0.5,0.5,3432,-3
1199,1199.08,-214,-214.00,216.00,-2.79,-18.7,0.5,0.5,0.5,3438,-7
1200,1200.04,-212,-212.00,216.00,-4.98,-20.7,0.5,0.5,0.5,3444,-11
1201,1201.08,-211,-211.00,217.00,-6.18,-17.0,0.5,0.5,0.5,3447,-15
1202,1202.04,-212,-212.00,217.00,-5.38,1.5,0.5,0.5,0.5,3444,-17
1203,1203.08,-213,-213.00,217.00,-4.58,4.6,0.5,0.5,0.5,3441,-13
1204,1204.04,-216,-216.00,217.00,-1.78,23.9,0.5,0.5,0.5,3432,-9
1205,1205.08,-219,-219.00,217.00,1.01,31.6,0.5,0.5,0.5,3423,-5
1206,1206.04,-221,-221.00,218.00,2.82,23.5,0.5,0.5,0.5,3416,-1
1207,1207.08,-222,-222.00,218.00,3.61,19.5,0.5,0.5,0.5,3413,3
1208,1208.04,-222,-222.00,218.00,3.42,1.6,0.5,0.5,0.5,3413,6
1209,1209.08,-224,-224.00,218.00,5.22,14.8,0.5,0.5,0.5,3407,9
1210,1210.04,-225,-225.00,218.00,6.02,11.5,0.5,0.5,0.5,3404,13
1211,1211.08,-225,-225.00,219.00,5.81,3.6,0.5,0.5,0.5,3404,16
1212,1212.04,-225,-225.00,219.00,5.62,1.5,0.5,0.5,0.5,3404,12
1213,1213.08,-223,-223.00,219.00,3.41,-17.2,0.5,0.5,0.5,3410,8
1214,1214.04,-222,-222.00,219.00,2.22,-14.4,0.5,0.5,0.5,3413,4
1215,1215.08,-220,-220.00,219.00,0.01,-19.3,0.5,0.5,0.5,3419,0
1216,1216.04,-219,-219.00,220.00,-1.18,-13.4,0.5,0.5,0.5,3423,-4
1217,1217.08,-217,-217.00,220.00,-3.39,-18.5,0.5,0.5,0.5,3429,-8
1218,1218.04,-216,-216.00,220.00,-4.58,-18.7,0.5,0.5,0.5,3432,-12
1219,1219.08,-216,-216.00,220.00,-4.78,-8.1,0.5,0.5,0.5,3432,-16
1220,1220.04,-217,-217.00,220.00,-3.98,0.7,0.5,0.5,0.5,3429,-15
1221,1221.08,-219,-219.00,221.00,-2.18,13.8,0.5,0.5,0.5,3423,-11
1222,1222.04,-221,-221.00,221.00,-0.38,17.3,0.5,0.5,0.5,3416,-7
1223,1223.08,-224,-224.00,221.00,2.41,27.9,0.5,0.5,0.5,3407,-3
1224,1224.04,-226,-226.00,221.00,4.22,26.6,0.5,0.5,0.5,3401,1
1225,1225.08,-228,-228.00,221.00,6.01,25.8,0.5,0.5,0.5,3395,5
1226,1226.04,-229,-229.00,222.00,6.82,16.2,0.5,0.5,0.5,3392,9
1227,1227.08,-230,-230.00,222.00,7.61,12.2,0.5,0.5,0.5,3389,13
1228,1228.04,-230,-230.00,222.00,7.42,4.6,0.5,0.5,0.5,3389,17
1229,1229.08,-229,-229.00,222.00,6.21,-5.4,0.5,0.5,0.5,3392,13
1230,1230.04,-227,-227.00,222.00,4.02,-19.8,0.5,0.5,0.5,3398,9
1231,1231.08,-225,-225.00,223.00,1.82,-25.2,0.5,0.5,0.5,3404,5
1232,1232.04,-223,-223.00,223.00,-0.38,-27.2,0.5,0.5,0.5,3410,1
1233,1233.08,-223,-223.00,223.00,-0.58,-13.7,0.5,0.5,0.5,3410,-3
1234,1234.04,-222,-222.00,223.00,-1.78,-12.9,0.5,0.5,0.5,3413,-7
1235,1235.08,-221,-221.00,223.00,-2.99,-10.4,0.5,0.5,0.5,3416,-11
1236,1236.04,-220,-220.00,224.00,-4.18,-10.4,0.5,0.5,0.5,3419,-15
1237,1237.08,-221,-221.00,224.00,-3.38,7.4,0.5,0.5,0.5,3416,-18
1238,1238.04,-222,-222.00,224.00,-2.58,9.0,0.5,0.5,0.5,3413,-14
1239,1239.08,-224,-224.00,224.00,-0.79,12.6,0.5,0.5,0.5,3407,-10
1240,1240.04,-227,-227.00,224.00,2.02,24.6,0.5,0.5,0.5,3398,-6
1241,1241.08,-230,-230.00,225.00,4.82,30.2,0.5,0.5,0.5,3389,-2
1242,1242.04,-230,-230.00,225.00,4.62,4.3,0.5,0.5,0.5,3389,1
1243,1243.08,-232,-232.00,225.00,6.41,14.9,0.5,0.5,0.5,3383,6
1244,1244.04,-234,-234.00,225.00,8.22,22.2,0.5,0.5,0.5,3376,10
1245,1245.08,-235,-235.00,225.00,9.02,16.7,0.5,0.5,0.5,3373,14
1246,1246.04,-235,-235.00,226.00,8.82,6.4,0.5,0.5,0.5,3373,17
1247,1247.08,-234,-234.00,226.00,7.61,-4.8,0.5,0.5,0.5,3376,16
1248,1248.04,-232,-232.00,226.00,5.42,-19.6,0.5,0.5,0.5,3383,12
1249,1249.08,-230,-230.00,226.00,3.21,-20.7,0.5,0.5,0.5,3389,8
1250,1250.04,-228,-228.00,226.00,1.02,-19.8,0.5,0.5,0.5,3395,4
1251,1251.08,-225,-225.00,227.00,-2.19,-28.1,0.5,0.5,0.5,3404,0
1252,1252.04,-223,-223.00,227.00,-4.38,-27.1,0.5,0.5,0.5,3410,-4
1253,1253.08,-223,-223.00,227.00,-4.58,-17.2,0.5,0.5,0.5,3410,-8
1254,1254.04,-222,-222.00,227.00,-5.78,-18.6,0.5,0.5,0.5,3413,-12
1255,1255.08,-222,-222.00,227.00,-5.98,-8.5,0.5,0.5,0.5,3413,-16
1256,1256.04,-223,-223.00,228.00,-5.18,4.5,0.5,0.5,0.5,3410,-18
1257,1257.08,-225,-225.00,228.00,-3.39,16.1,0.5,0.5,0.5,3404,-14
1258,1258.04,-227,-227.00,228.00,-1.58,18.2,0.5,0.5,0.5,3398,-10
1259,1259.08,-230,-230.00,228.00,1.21,23.3,0.5,0.5,0.5,3389,-6
1260,1260.04,-233,-233.00,228.00,4.02,28.7,0.5,0.5,0.5,3380,-2
1261,1261.08,-234,-234.00,229.00,4.81,6.5,0.5,0.5,0.5,3376,2
1262,1262.04,-236,-236.00,229.00,6.62,20.2,0.5,0.5,0.5,3370,6
1263,1263.08,-237,-237.00,229.00,7.41,12.2,0.5,0.5,0.5,3367,10
1264,1264.04,-238,-238.00,229.00,8.22,9.1,0.5,0.5,0.5,3364,14
1265,1265.08,-239,-239.00,229.00,9.01,7.7,0.5,0.5,0.5,3361,18
1266,1266.04,-238,-238.00,230.00,7.82,-3.1,0.5,0.5,0.5,3364,18
1267,1267.08,-236,-236.00,230.00,5.61,-15.5,0.5,0.5,0.5,3370,13
1268,1268.04,-234,-234.00,230.00,3.42,-19.8,0.5,0.5,0.5,3376,10
1269,1269.08,-231,-231.00,230.00,0.22,-28.1,0.5,0.5,0.5,3386,5
1270,1270.04,-229,-229.00,230.00,-1.98,-23.8,0.5,0.5,0.5,3392,2
1271,1271.08,-226,-226.00,231.00,-5.18,-31.4,0.5,0.5,0.5,3401,-3
1272,1272.04,-224,-224.00,231.00,-7.38,-30.2,0.5,0.5,0.5,3407,-6
1273,1273.08,-223,-223.00,231.00,-8.59,-20.1,0.5,0.5,0.5,3410,-11
1274,1274.04,-222,-222.00,231.00,-9.78,-20.0,0.5,0.5,0.5,3413,-14
1275,1275.08,-223,-223.00,231.00,-8.99,-0.6,0.5,0.5,0.5,3410,-16
1276,1276.04,-224,-224.00,232.00,-8.18,3.6,0.5,0.5,0.5,3407,-13
1277,1277.08,-224,-224.00,232.00,-8.38,-7.8,0.5,0.5,0.5,3407,-12
1278,1278.04,-227,-227.00,232.00,-5.58,15.8,0.5,0.5,0.5,3398,-8
1279,1279.08,-228,-228.00,232.00,-4.79,15.0,0.5,0.5,0.5,3395,-6
1280,1280.04,-230,-230.00,232.00,-2.98,17.1,0.5,0.5,0.5,3389,-3
1281,1281.08,-233,-233.00,233.00,-0.19,24.1,0.5,0.5,0.5,3380,2
1282,1282.04,-233,-233.00,233.00,-0.38,10.3,0.5,0.5,0.5,3380,2
1283,1283.08,-235,-235.00,233.00,1.42,21.2,0.5,0.5,0.5,3373,6
1284,1284.04,-236,-236.00,233.00,2.22,14.1,0.5,0.5,0.5,3370,10
1285,1285.08,-237,-237.00,233.00,3.01,14.5,0.5,0.5,0.5,3367,14
1286,1286.04,-237,-237.00,234.00,2.82,3.6,0.5,0.5,0.5,3367,16
1287,1287.08,-236,-236.00,234.00,1.62,-4.2,0.5,0.5,0.5,3370,12
1288,1288.04,-234,-234.00,234.00,-0.58,-18.2,0.5,0.5,0.5,3376,8
1289,1289.08,-234,-234.00,234.00,-0.78,-1.7,0.5,0.5,0.5,3376,4
1290,1290.04,-232,-232.00,234.00,-2.98,-20.4,0.5,0.5,0.5,3383,0
1291,1291.08,-231,-231.00,235.00,-4.19,-14.2,0.5,0.5,0.5,3386,-4
1292,1292.04,-229,-229.00,235.00,-6.38,-22.2,0.5,0.5,0.5,3392,-8
1293,1293.08,-228,-228.00,235.00,-7.58,-18.8,0.5,0.5,0.5,3395,-12
1294,1294.04,-228,-228.00,235.00,-7.78,-9.6,0.5,0.5,0.5,3395,-16
1295,1295.08,-229,-229.00,235.00,-6.99,2.2,0.5,0.5,0.5,3392,-17
1296,1296.04,-230,-230.00,236.00,-6.18,4.4,0.5,0.5,0.5,3389,-13
1297,1297.08,-233,-233.00,236.00,-3.39,19.1,0.5,0.5,0.5,3380,-9
1298,1298.04,-233,-233.00,236.00,-3.58,6.2,0.5,0.5,0.5,3380,-8
1299,1299.08,-236,-236.00,236.00,-0.79,22.1,0.5,0.5,0.5,3370,-4
1300,1300.04,-238,-238.00,236.00,1.02,19.4,0.5,0.5,0.5,3364,0
1301,1301.08,-238,-238.00,237.00,0.81,-0.3,0.5,0.5,0.5,3364,1
1302,1302.04,-240,-240.00,237.00,2.62,14.6,0.5,0.5,0.5,3358,4
1303,1303.08,-241,-241.00,237.00,3.42,10.2,0.5,0.5,0.5,3355,8
1304,1304.04,-242,-242.00,237.00,4.22,10.2,0.5,0.5,0.5,3352,12
1305,1305.08,-242,-242.00,237.00,4.01,2.5,0.5,0.5,0.5,3352,13
1306,1306.04,-242,-242.00,238.00,3.82,0.6,0.5,0.5,0.5,3352,9
1307,1307.08,-241,-241.00,238.00,2.62,-5.0,0.5,0.5,0.5,3355,5
1308,1308.04,-239,-239.00,238.00,0.42,-17.7,0.5,0.5,0.5,3361,1
1309,1309.08,-238,-238.00,238.00,-0.79,-14.6,0.5,0.5,0.5,3364,-3
1310,1310.04,-237,-237.00,238.00,-1.98,-13.5,0.5,0.5,0.5,3367,-7
1311,1311.08,-236,-236.00,239.00,-3.19,-12.3,0.5,0.5,0.5,3370,-11
1312,1312.04,-236,-236.00,239.00,-3.38,-6.2,0.5,0.5,0.5,3370,-15
1313,1313.08,-236,-236.00,239.00,-3.59,-4.5,0.5,0.5,0.5,3370,-18
1314,1314.04,-237,-237.00,239.00,-2.78,2.2,0.5,0.5,0.5,3367,-14
1315,1315.08,-239,-239.00,239.00,-0.99,10.2,0.5,0.5,0.5,3361,-10
1316,1316.04,-241,-241.00,240.00,0.82,13.3,0.5,0.5,0.5,3355,-6
1317,1317.08,-244,-244.00,240.00,3.61,26.4,0.5,0.5,0.5,3346,-2
1318,1318.04,-245,-245.00,240.00,4.42,15.2,0.5,0.5,0.5,3343,2
1319,1319.08,-247,-247.00,240.00,6.22,17.8,0.5,0.5,0.5,3337,6
1320,1320.04,-248,-248.00,240.00,7.02,13.6,0.5,0.5,0.5,3333,10
1321,1321.08,-249,-249.00,241.00,7.82,16.6,0.5,0.5,0.5,3330,14
1322,1322.04,-248,-248.00,241.00,6.62,-7.1,0.5,0.5,0.5,3333,17
1323,1323.08,-247,-247.00,241.00,5.41,-13.4,0.5,0.5,0.5,3337,13
1324,1324.04,-246,-246.00,241.00,4.22,-13.2,0.5,0.5,0.5,3340,9
1325,1325.08,-244,-244.00,241.00,2.01,-18.1,0.5,0.5,0.5,3346,5
1326,1326.04,-242,-242.00,242.00,-0.18,-22.0,0.5,0.5,0.5,3352,1
1327,1327.08,-240,-240.00,242.00,-2.39,-25.1,0.5,0.5,0.5,3358,-3
1328,1328.04,-239,-239.00,242.00,-3.58,-17.2,0.5,0.5,0.5,3361,-7
1329,1329.08,-238,-238.00,242.00,-4.79,-14.0,0.5,0.5,0.5,3364,-11
1330,1330.04,-238,-238.00,242.00,-4.98,-7.3,0.5,0.5,0.5,3364,-15
1331,1331.08,-238,-238.00,243.00,-5.19,-5.4,0.5,0.5,0.5,3364,-19
1332,1332.04,-239,-239.00,243.00,-4.38,1.4,0.5,0.5,0.5,3361,-18
1333,1333.08,-242,-242.00,243.00,-1.59,20.7,0.5,0.5,0.5,3352,-13
1334,1334.04,-245,-245.00,243.00,1.22,30.3,0.5,0.5,0.5,3343,-10
1335,1335.08,-248,-248.00,243.00,4.02,34.7,0.5,0.5,0.5,3333,-5
1336,1336.04,-250,-250.00,244.00,5.82,27.0,0.5,0.5,0.5,3327,-2
1337,1337.08,-252,-252.00,244.00,7.62,20.2,0.5,0.5,0.5,3321,3
1338,1338.04,-252,-252.00,244.00,7.42,3.6,0.5,0.5,0.5,3321,6
1339,1339.08,-254,-254.00,244.00,9.22,16.0,0.5,0.5,0.5,3315,11
1340,1340.04,-255,-255.00,244.00,10.02,17.5,0.5,0.5,0.5,3312,14
1341,1341.08,-255,-255.00,245.00,9.82,6.6,0.5,0.5,0.5,3312,19
1342,1342.04,-254,-254.00,245.00,8.62,-2.1,0.5,0.5,0.5,3315,17
1343,1343.08,-254,-254.00,245.00,8.41,6.8,0.5,0.5,0.5,3315,14
1344,1344.04,-252,-252.00,245.00,6.22,-13.0,0.5,0.5,0.5,3321,12
1345,1345.08,-251,-251.00,245.00,5.01,-12.8,0.5,0.5,0.5,3324,8
1346,1346.04,-249,-249.00,246.00,2.82,-20.4,0.5,0.5,0.5,3330,4
1347,1347.08,-248,-248.00,246.00,1.62,-21.8,0.5,0.5,0.5,3333,0
1348,1348.04,-246,-246.00,246.00,-0.58,-27.3,0.5,0.5,0.5,3340,-4
1349,1349.08,-245,-245.00,246.00,-1.79,-15.3,0.5,0.5,0.5,3343,-8
1350,1350.04,-244,-244.00,246.00,-2.98,-11.2,0.5,0.5,0.5,3346,-12
1351,1351.08,-243,-243.00,247.00,-4.19,-10.3,0.5,0.5,0.5,3349,-16
1352,1352.04,-244,-244.00,247.00,-3.38,2.4,0.5,0.5,0.5,3346,-16
1353,1353.08,-245,-245.00,247.00,-2.58,4.7,0.5,0.5,0.5,3343,-12
1354,1354.04,-248,-248.00,247.00,0.22,24.0,0.5,0.5,0.5,3333,-8
1355,1355.08,-250,-250.00,247.00,2.02,19.7,0.5,0.5,0.5,3327,-4
1356,1356.04,-252,-252.00,248.00,3.82,18.5,0.5,0.5,0.5,3321,0
1357,1357.08,-255,-255.00,248.00,6.61,28.1,0.5,0.5,0.5,3312,4
1358,1358.04,-256,-256.00,248.00,7.42,16.6,0.5,0.5,0.5,3309,8
1359,1359.08,-256,-256.00,248.00,7.21,-1.7,0.5,0.5,0.5,3309,11
1360,1360.04,-256,-256.00,248.00,7.02,0.6,0.5,0.5,0.5,3309,7
1361,1361.08,-257,-257.00,249.00,7.82,6.4,0.5,0.5,0.5,3306,9
1362,1362.04,-257,-257.00,249.00,7.62,3.1,0.5,0.5,0.5,3306,12
1363,1363.08,-256,-256.00,249.00,6.42,-2.9,0.5,0.5,0.5,3309,8
1364,1364.04,-255,-255.00,249.00,5.22,-7.0,0.5,0.5,0.5,3312,4
1365,1365.08,-254,-254.00,249.00,4.01,-7.8,0.5,0.5,0.5,3315,0
1366,1366.04,-253,-253.00,250.00,2.82,-7.9,0.5,0.5,0.5,3318,-4
1367,1367.08,-252,-252.00,250.00,1.62,-7.5,0.5,0.5,0.5,3321,-8
1368,1368.04,-251,-251.00,250.00,0.42,-9.2,0.5,0.5,0.5,3324,-12
1369,1369.08,-251,-251.00,250.00,0.21,-3.8,0.5,0.5,0.5,3324,-15
1370,1370.04,-251,-251.00,250.00,0.02,-2.6,0.5,0.5,0.5,3324,-12
1371,1371.08,-251,-251.00,251.00,-0.18,5.8,0.5,0.5,0.5,3324,-14
1372,1372.04,-252,-252.00,251.00,0.62,8.4,0.5,0.5,0.5,3321,-11
1373,1373.08,-254,-254.00,251.00,2.41,16.1,0.5,0.5,0.5,3315,-6
1374,1374.04,-255,-255.00,251.00,3.22,10.2,0.5,0.5,0.5,3312,-3
1375,1375.08,-257,-257.00,251.00,5.02,14.4,0.5,0.5,0.5,3306,2
1376,1376.04,-258,-258.00,252.00,5.82,12.0,0.5,0.5,0.5,3303,5
1377,1377.08,-259,-259.00,252.00,6.61,11.6,0.5,0.5,0.5,3300,10
1378,1378.04,-259,-259.00,252.00,6.42,4.1,0.5,0.5,0.5,3300,13
1379,1379.08,-259,-259.00,252.00,6.22,1.8,0.5,0.5,0.5,3300,10
1380,1380.04,-260,-260.00,252.00,7.02,6.8,0.5,0.5,0.5,3297,13
1381,1381.08,-258,-258.00,253.00,4.82,-15.1,0.5,0.5,0.5,3303,10
1382,1382.04,-257,-257.00,253.00,3.62,-13.0,0.5,0.5,0.5,3306,6
1383,1383.08,-255,-255.00,253.00,1.41,-18.1,0.5,0.5,0.5,3312,2
1384,1384.04,-253,-253.00,253.00,-0.78,-25.1,0.5,0.5,0.5,3318,-2
1385,1385.08,-252,-252.00,253.00,-1.98,-17.0,0.5,0.5,0.5,3321,-6
1386,1386.04,-251,-251.00,254.00,-3.18,-14.1,0.5,0.5,0.5,3324,-10
1387,1387.08,-250,-250.00,254.00,-4.38,-19.5,0.5,0.5,0.5,3327,-14
1388,1388.04,-251,-251.00,254.00,-3.58,0.5,0.5,0.5,0.5,3324,-15
1389,1389.08,-250,-250.00,254.00,-4.79,-14.1,0.5,0.5,0.5,3327,-13
1390,1390.04,-251,-251.00,254.00,-3.98,0.6,0.5,0.5,0.5,3324,-13
1391,1391.08,-253,-253.00,255.00,-2.18,10.3,0.5,0.5,0.5,3318,-8
1392,1392.04,-255,-255.00,255.00,-0.38,14.1,0.5,0.5,0.5,3312,-5
1393,1393.08,-257,-257.00,255.00,1.41,14.9,0.5,0.5,0.5,3306,0
1394,1394.04,-259,-259.00,255.00,3.22,20.0,0.5,0.5,0.5,3300,4
1395,1395.08,-260,-260.00,255.00,4.01,13.3,0.5,0.5,0.5,3297,8
1396,1396.04,-261,-261.00,256.00,4.82,15.4,0.5,0.5,0.5,3294,11
1397,1397.08,-261,-261.00,256.00,4.62,4.1,0.5,0.5,0.5,3294,16
1398,1398.04,-260,-260.00,256.00,3.42,-8.4,0.5,0.5,0.5,3297,12
1399,1399.08,-259,-259.00,256.00,2.21,-12.1,0.5,0.5,0.5,3300,8
1400,1400.04,-260,-260.00,256.00,3.02,3.0,0.5,0.5,0.5,3297,8
1401,1401.08,-258,-258.00,257.00,0.82,-13.6,0.5,0.5,0.5,3303,5
1402,1402.04,-257,-257.00,257.00,-0.38,-12.0,0.5,0.5,0.5,3306,1
1403,1403.08,-255,-255.00,257.00,-2.58,-17.3,0.5,0.5,0.5,3312,-3
1404,1404.04,-254,-254.00,257.00,-3.78,-13.4,0.5,0.5,0.5,3315,-7
1405,1405.08,-253,-253.00,257.00,-4.98,-11.1,0.5,0.5,0.5,3318,-11
1406,1406.04,-253,-253.00,258.00,-5.18,-6.5,0.5,0.5,0.5,3318,-15
1407,1407.08,-253,-253.00,258.00,-5.39,-5.3,0.5,0.5,0.5,3318,-19
1408,1408.04,-254,-254.00,258.00,-4.58,3.1,0.5,0.5,0.5,3315,-18
1409,1409.08,-254,-254.00,258.00,-4.79,-6.4,0.5,0.5,0.5,3315,-17
1410,1410.04,-257,-257.00,258.00,-1.98,20.6,0.5,0.5,0.5,3306,-14
1411,1411.08,-258,-258.00,259.00,-1.19,18.6,0.5,0.5,0.5,3303,-10
1412,1412.03,-260,-260.00,259.00,0.62,18.0,0.5,0.5,0.5,3297,-6
1413,1413.08,-263,-263.00,259.00,3.41,28.6,0.5,0.5,0.5,3287,-2
1414,1414.03,-264,-264.00,259.00,4.22,15.1,0.5,0.5,0.5,3284,2
1415,1415.08,-266,-266.00,259.00,6.01,15.8,0.5,0.5,0.5,3278,6
1416,1416.03,-267,-267.00,260.00,6.82,11.5,0.5,0.5,0.5,3275,10
1417,1417.07,-268,-268.00,260.00,7.62,13.5,0.5,0.5,0.5,3272,14
1418,1418.03,-267,-267.00,260.00,6.42,-7.2,0.5,0.5,0.5,3275,17
1419,1419.08,-266,-266.00,260.00,5.21,-13.5,0.5,0.5,0.5,3278,13
1420,1420.03,-265,-265.00,260.00,4.02,-13.1,0.5,0.5,0.5,3281,9
1421,1421.08,-265,-265.00,261.00,3.81,-8.0,0.5,0.5,0.5,3281,9
1422,1422.04,-263,-263.00,261.00,1.62,-19.2,0.5,0.5,0.5,3287,5
1423,1423.08,-263,-263.00,261.00,1.41,-10.7,0.5,0.5,0.5,3287,3
1424,1424.03,-261,-261.00,261.00,-0.78,-21.7,0.5,0.5,0.5,3294,-1
1425,1425.07,-260,-260.00,261.00,-1.98,-14.6,0.5,0.5,0.5,3297,-5
1426,1426.03,-258,-258.00,262.00,-4.18,-24.4,0.5,0.5,0.5,3303,-9
1427,1427.07,-258,-258.00,262.00,-4.38,-9.4,0.5,0.5,0.5,3303,-13
1428,1428.03,-258,-258.00,262.00,-4.58,-5.8,0.5,0.5,0.5,3303,-17
1429,1429.07,-258,-258.00,262.00,-4.78,-4.9,0.5,0.5,0.5,3303,-19
1430,1430.03,-260,-260.00,262.00,-2.98,9.7,0.5,0.5,0.5,3297,-15
1431,1431.08,-262,-262.00,263.00,-1.18,13.1,0.5,0.5,0.5,3290,-11
1432,1432.03,-265,-265.00,263.00,1.62,27.3,0.5,0.5,0.5,3281,-7
1433,1433.07,-267,-267.00,263.00,3.42,23.2,0.5,0.5,0.5,3275,-3
1434,1434.03,-267,-267.00,263.00,3.22,10.6,0.5,0.5,0.5,3275,1
1435,1435.07,-268,-268.00,263.00,4.02,8.8,0.5,0.5,0.5,3272,5
1436,1436.04,-270,-270.00,264.00,5.82,19.2,0.5,0.5,0.5,3266,9
1437,1437.07,-270,-270.00,264.00,5.62,5.4,0.5,0.5,0.5,3266,13
1438,1438.03,-270,-270.00,264.00,5.42,2.0,0.5,0.5,0.5,3266,12
1439,1439.07,-270,-270.00,264.00,5.22,0.9,0.5,0.5,0.5,3266,8
1440,1440.03,-269,-269.00,264.00,4.02,-4.9,0.5,0.5,0.5,3269,4
1441,1441.08,-267,-267.00,265.00,1.81,-18.4,0.5,0.5,0.5,3275,0
1442,1442.03,-266,-266.00,265.00,0.62,-16.8,0.5,0.5,0.5,3278,-4
1443,1443.07,-265,-265.00,265.00,-0.58,-12.6,0.5,0.5,0.5,3281,-8
1444,1444.04,-264,-264.00,265.00,-1.78,-12.3,0.5,0.5,0.5,3284,-12
1445,1445.08,-264,-264.00,265.00,-1.99,-5.4,0.5,0.5,0.5,3284,-16
1446,1446.03,-264,-264.00,266.00,-2.18,-3.8,0.5,0.5,0.5,3284,-15
1447,1447.07,-264,-264.00,266.00,-2.38,-3.4,0.5,0.5,0.5,3284,-13
1448,1448.03,-265,-265.00,266.00,-1.58,1.2,0.5,0.5,0.5,3281,-10
1449,1449.08,-267,-267.00,266.00,0.21,12.9,0.5,0.5,0.5,3275,-6
1450,1450.04,-268,-268.00,266.00,1.02,10.9,0.5,0.5,0.5,3272,-2
1451,1451.07,-269,-269.00,267.00,1.82,8.6,0.5,0.5,0.5,3269,2
1452,1452.03,-270,-270.00,267.00,2.62,13.3,0.5,0.5,0.5,3266,6
1453,1453.08,-270,-270.00,267.00,2.41,2.7,0.5,0.5,0.5,3266,10
1454,1454.04,-270,-270.00,267.00,2.22,0.1,0.5,0.5,0.5,3266,6
1455,1455.08,-269,-269.00,267.00,1.01,-7.6,0.5,0.5,0.5,3269,2
1456,1456.03,-268,-268.00,268.00,-0.18,-14.9,0.5,0.5,0.5,3272,-2
1457,1457.08,-268,-268.00,268.00,-0.39,-5.5,0.5,0.5,0.5,3272,-6
1458,1458.03,-267,-267.00,268.00,-1.58,-7.9,0.5,0.5,0.5,3275,-10
1459,1459.08,-268,-268.00,268.00,-0.79,1.7,0.5,0.5,0.5,3272,-8
1460,1460.03,-268,-268.00,268.00,-0.98,-1.4,0.5,0.5,0.5,3272,-5
1461,1461.07,-268,-268.00,269.00,-1.18,-2.4,0.5,0.5,0.5,3272,-9
1462,1462.03,-268,-268.00,269.00,-1.38,-2.7,0.5,0.5,0.5,3272,-10
1463,1463.07,-268,-268.00,269.00,-1.58,-2.8,0.5,0.5,0.5,3272,-11
1464,1464.03,-268,-268.00,269.00,-1.78,-3.0,0.5,0.5,0.5,3272,-12
1465,1465.07,-269,-269.00,269.00,-0.98,4.1,0.5,0.5,0.5,3269,-10
1466,1466.03,-270,-270.00,270.00,-0.18,10.6,0.5,0.5,0.5,3266,-6
1467,1467.08,-270,-270.00,270.00,-0.39,1.0,0.5,0.5,0.5,3266,-2
1468,1468.04,-271,-271.00,270.00,0.42,3.7,0.5,0.5,0.5,3263,2
1469,1469.08,-271,-271.00,270.00,0.21,-0.5,0.5,0.5,0.5,3263,2
1470,1470.03,-271,-271.00,270.00,0.02,-1.7,0.5,0.5,0.5,3263,-2
1471,1471.07,-271,-271.00,271.00,-0.18,-2.1,0.5,0.5,0.5,3263,-6
1472,1472.03,-271,-271.00,271.00,-0.38,-2.2,0.5,0.5,0.5,3263,-9
1473,1473.07,-270,-270.00,271.00,-1.58,-8.8,0.5,0.5,0.5,3266,-11
1474,1474.03,-270,-270.00,271.00,-1.78,-4.7,0.5,0.5,0.5,3266,-15
1475,1475.08,-270,-270.00,271.00,-1.99,-3.5,0.5,0.5,0.5,3266,-14
1476,1476.03,-271,-271.00,272.00,-1.18,2.4,0.5,0.5,0.5,3263,-10
1477,1477.07,-272,-272.00,272.00,-0.38,9.9,0.5,0.5,0.5,3260,-6
1478,1478.03,-272,-272.00,272.00,-0.58,1.1,0.5,0.5,0.5,3260,-2
1479,1479.07,-273,-273.00,272.00,0.22,7.1,0.5,0.5,0.5,3257,-1
1480,1480.03,-273,-273.00,272.00,0.02,0.5,0.5,0.5,0.5,3257,2
1481,1481.07,-273,-273.00,273.00,-0.18,-1.5,0.5,0.5,0.5,3257,-2
1482,1482.03,-272,-272.00,273.00,-1.38,-11.8,0.5,0.5,0.5,3260,-6
1483,1483.07,-272,-272.00,273.00,-1.58,-5.2,0.5,0.5,0.5,3260,-10
1484,1484.03,-272,-272.00,273.00,-1.78,-3.6,0.5,0.5,0.5,3260,-14
1485,1485.07,-271,-271.00,273.00,-2.98,-9.7,0.5,0.5,0.5,3263,-16
1486,1486.03,-270,-270.00,274.00,-4.18,-16.0,0.5,0.5,0.5,3266,-20
1487,1487.07,-270,-270.00,274.00,-4.38,-7.3,0.5,0.5,0.5,3266,-24
1488,1488.04,-271,-271.00,274.00,-3.58,0.4,0.5,0.5,0.5,3263,-21
1489,1489.07,-273,-273.00,274.00,-1.78,8.8,0.5,0.5,0.5,3257,-17
1490,1490.04,-275,-275.00,274.00,0.02,13.7,0.5,0.5,0.5,3250,-13
1491,1491.07,-277,-277.00,275.00,1.82,15.0,0.5,0.5,0.5,3244,-9
1492,1492.04,-279,-279.00,275.00,3.62,18.8,0.5,0.5,0.5,3238,-5
1493,1493.08,-280,-280.00,275.00,4.41,11.0,0.5,0.5,0.5,3235,-1
1494,1494.03,-281,-281.00,275.00,5.22,8.2,0.5,0.5,0.5,3232,3
1495,1495.08,-280,-280.00,275.00,4.01,-4.8,0.5,0.5,0.5,3235,2
1496,1496.04,-280,-280.00,276.00,3.82,-1.5,0.5,0.5,0.5,3235,-1
1497,1497.08,-280,-280.00,276.00,3.62,-0.6,0.5,0.5,0.5,3235,-2
1498,1498.04,-279,-279.00,276.00,2.42,-5.2,0.5,0.5,0.5,3238,-6
1499,1499.08,-278,-278.00,276.00,1.22,-13.0,0.5,0.5,0.5,3241,-10
1500,1500.04,-278,-278.00,276.00,1.02,-4.8,0.5,0.5,0.5,3241,-14
1501,1501.07,-277,-277.00,277.00,-0.18,-9.0,0.5,0.5,0.5,3244,-17
1502,1502.04,-277,-277.00,277.00,-0.38,-4.2,0.5,0.5,0.5,3244,-18
1503,1503.07,-277,-277.00,277.00,-0.58,-2.9,0.5,0.5,0.5,3244,-14
1504,1504.03,-278,-278.00,277.00,0.22,3.9,0.5,0.5,0.5,3241,-10
1505,1505.08,-278,-278.00,277.00,0.02,-0.6,0.5,0.5,0.5,3241,-6
1506,1506.04,-279,-279.00,278.00,0.82,3.2,0.5,0.5,0.5,3238,-2
1507,1507.08,-279,-279.00,278.00,0.62,-0.5,0.5,0.5,0.5,3238,-1
1508,1508.04,-279,-279.00,278.00,0.42,-1.5,0.5,0.5,0.5,3238,-5
1509,1509.08,-279,-279.00,278.00,0.21,-1.9,0.5,0.5,0.5,3238,-7
1510,1510.04,-278,-278.00,278.00,-0.98,-13.6,0.5,0.5,0.5,3241,-9
1511,1511.08,-278,-278.00,279.00,-1.19,-5.5,0.5,0.5,0.5,3241,-13
1512,1512.04,-278,-278.00,279.00,-1.38,-3.6,0.5,0.5,0.5,3241,-14
1513,1513.08,-278,-278.00,279.00,-1.58,-3.1,0.5,0.5,0.5,3241,-12
1514,1514.04,-278,-278.00,279.00,-1.78,-3.0,0.5,0.5,0.5,3241,-12
1515,1515.08,-278,-278.00,279.00,-1.99,-3.1,0.5,0.5,0.5,3241,-12
1516,1516.04,-278,-278.00,280.00,-2.18,-3.2,0.5,0.5,0.5,3241,-12
1517,1517.08,-279,-279.00,280.00,-1.39,3.9,0.5,0.5,0.5,3238,-10
1518,1518.04,-279,-279.00,280.00,-1.58,-1.0,0.5,0.5,0.5,3238,-6
1519,1519.08,-279,-279.00,280.00,-1.78,-2.5,0.5,0.5,0.5,3238,-9
1520,1520.04,-279,-279.00,280.00,-1.98,-2.9,0.5,0.5,0.5,3238,-11
1521,1521.08,-279,-279.00,281.00,-2.19,-3.1,0.5,0.5,0.5,3238,-12
1522,1522.04,-278,-278.00,281.00,-3.38,-15.6,0.5,0.5,0.5,3241,-13
1523,1523.08,-278,-278.00,281.00,-3.58,-6.9,0.5,0.5,0.5,3241,-17
1524,1524.04,-278,-278.00,281.00,-3.78,-4.8,0.5,0.5,0.5,3241,-19
1525,1525.08,-279,-279.00,281.00,-2.98,9.4,0.5,0.5,0.5,3238,-17
1526,1526.04,-279,-279.00,282.00,-3.18,-0.0,0.5,0.5,0.5,3238,-13
1527,1527.08,-280,-280.00,282.00,-2.39,3.0,0.5,0.5,0.5,3235,-9
1528,1528.04,-281,-281.00,282.00,-1.58,10.6,0.5,0.5,0.5,3232,-5
1529,1529.08,-281,-281.00,282.00,-1.78,0.4,0.5,0.5,0.5,3232,-1
1530,1530.04,-281,-281.00,282.00,-1.98,-2.1,0.5,0.5,0.5,3232,-4
1531,1531.08,-281,-281.00,283.00,-2.18,-2.9,0.5,0.5,0.5,3232,-8
1532,1532.04,-280,-280.00,283.00,-3.38,-11.2,0.5,0.5,0.5,3235,-12
1533,1533.08,-280,-280.00,283.00,-3.58,-5.8,0.5,0.5,0.5,3235,-16
1534,1534.04,-280,-280.00,283.00,-3.78,-4.5,0.5,0.5,0.5,3235,-18
1535,1535.08,-280,-280.00,283.00,-3.98,-4.2,0.5,0.5,0.5,3235,-16
1536,1536.04,-280,-280.00,284.00,-4.18,-4.2,0.5,0.5,0.5,3235,-16
1537,1537.08,-280,-280.00,284.00,-4.38,-4.3,0.5,0.5,0.5,3235,-17
1538,1538.04,-281,-281.00,284.00,-3.58,1.0,0.5,0.5,0.5,3232,-14
1539,1539.08,-280,-280.00,284.00,-4.78,-12.2,0.5,0.5,0.5,3235,-12
1540,1540.04,-280,-280.00,284.00,-4.98,-6.8,0.5,0.5,0.5,3235,-16
1541,1541.08,-281,-281.00,285.00,-4.18,1.5,0.5,0.5,0.5,3232,-15
1542,1542.04,-281,-281.00,285.00,-4.38,-2.7,0.5,0.5,0.5,3232,-11
1543,1543.08,-282,-282.00,285.00,-3.58,0.7,0.5,0.5,0.5,3229,-8
1544,1544.04,-282,-282.00,285.00,-3.78,-2.7,0.5,0.5,0.5,3229,-8
1545,1545.08,-282,-282.00,285.00,-3.98,-3.8,0.5,0.5,0.5,3229,-12
1546,1546.04,-282,-282.00,286.00,-4.18,-4.1,0.5,0.5,0.5,3229,-16
1547,1547.08,-282,-282.00,286.00,-4.38,-4.3,0.5,0.5,0.5,3229,-17
1548,1548.04,-282,-282.00,286.00,-4.58,-4.4,0.5,0.5,0.5,3229,-17
1549,1549.08,-283,-283.00,286.00,-3.79,8.5,0.5,0.5,0.5,3226,-17
1550,1550.04,-283,-283.00,286.00,-3.98,-0.5,0.5,0.5,0.5,3226,-13
1551,1551.08,-283,-283.00,287.00,-4.18,-3.3,0.5,0.5,0.5,3226,-12
1552,1552.04,-283,-283.00,287.00,-4.38,-4.0,0.5,0.5,0.5,3226,-16
1553,1553.08,-282,-282.00,287.00,-5.58,-10.2,0.5,0.5,0.5,3229,-19
1554,1554.04,-282,-282.00,287.00,-5.78,-6.5,0.5,0.5,0.5,3229,-23
1555,1555.08,-283,-283.00,287.00,-4.98,8.2,0.5,0.5,0.5,3226,-21
1556,1556.04,-283,-283.00,288.00,-5.18,-1.1,0.5,0.5,0.5,3226,-17
1557,1557.08,-284,-284.00,288.00,-4.38,2.2,0.5,0.5,0.5,3223,-13
1558,1558.04,-285,-285.00,288.00,-3.58,7.2,0.5,0.5,0.5,3220,-9
1559,1559.08,-285,-285.00,288.00,-3.78,-1.2,0.5,0.5,0.5,3220,-5
1560,1560.04,-285,-285.00,288.00,-3.98,-3.3,0.5,0.5,0.5,3220,-9
1561,1561.07,-285,-285.00,289.00,-4.18,-4.0,0.5,0.5,0.5,3220,-13
1562,1562.04,-285,-285.00,289.00,-4.38,-4.2,0.5,0.5,0.5,3220,-16
1563,1563.08,-285,-285.00,289.00,-4.58,-4.4,0.5,0.5,0.5,3220,-17
1564,1564.04,-285,-285.00,289.00,-4.78,-4.5,0.5,0.5,0.5,3220,-17
1565,1565.08,-285,-285.00,289.00,-4.99,-4.6,0.5,0.5,0.5,3220,-18
1566,1566.04,-285,-285.00,290.00,-5.18,-4.7,0.5,0.5,0.5,3220,-18
1567,1567.08,-285,-285.00,290.00,-5.38,-4.8,0.5,0.5,0.5,3220,-19
1568,1568.04,-286,-286.00,290.00,-4.58,-0.6,0.5,0.5,0.5,3217,-15
1569,1569.08,-286,-286.00,290.00,-4.78,-3.5,0.5,0.5,0.5,3217,-13
1570,1570.04,-286,-286.00,290.00,-4.98,-4.3,0.5,0.5,0.5,3217,-17
1571,1571.08,-287,-287.00,291.00,-4.18,1.3,0.5,0.5,0.5,3214,-14
1572,1572.04,-287,-287.00,291.00,-4.38,-2.7,0.5,0.5,0.5,3214,-11
1573,1573.08,-287,-287.00,291.00,-4.58,-4.0,0.5,0.5,0.5,3214,-15
1574,1574.04,-287,-287.00,291.00,-4.78,-4.4,0.5,0.5,0.5,3214,-17
1575,1575.08,-287,-287.00,291.00,-4.98,-4.6,0.5,0.5,0.5,3214,-18
1576,1576.03,-287,-287.00,292.00,-5.18,-4.7,0.5,0.5,0.5,3214,-18
1577,1577.08,-287,-287.00,292.00,-5.38,-4.8,0.5,0.5,0.5,3214,-19
1578,1578.04,-287,-287.00,292.00,-5.58,-4.9,0.5,0.5,0.5,3214,-19
1579,1579.08,-287,-287.00,292.00,-5.78,-5.0,0.5,0.5,0.5,3214,-19
1580,1580.04,-288,-288.00,292.00,-4.98,3.4,0.5,0.5,0.5,3211,-18
1581,1581.08,-288,-288.00,293.00,-5.19,-2.7,0.5,0.5,0.5,3211,-14
1582,1582.04,-288,-288.00,293.00,-5.38,-4.2,0.5,0.5,0.5,3211,-16
1583,1583.08,-288,-288.00,293.00,-5.59,-4.7,0.5,0.5,0.5,3211,-19
1584,1584.04,-289,-289.00,293.00,-4.78,2.7,0.5,0.5,0.5,3207,-17
1585,1585.08,-289,-289.00,293.00,-4.98,-2.8,0.5,0.5,0.5,3207,-13
1586,1586.04,-289,-289.00,294.00,-5.18,-4.2,0.5,0.5,0.5,3207,-15
1587,1587.08,-289,-289.00,294.00,-5.38,-4.7,0.5,0.5,0.5,3207,-18
1588,1588.04,-289,-289.00,294.00,-5.58,-4.8,0.5,0.5,0.5,3207,-19
1589,1589.08,-289,-289.00,294.00,-5.79,-5.0,0.5,0.5,0.5,3207,-19
1590,1590.04,-289,-289.00,294.00,-5.98,-5.1,0.5,0.5,0.5,3207,-20
1591,1591.08,-289,-289.00,295.00,-6.19,-5.2,0.5,0.5,0.5,3207,-20
1592,1592.04,-289,-289.00,295.00,-6.38,-5.3,0.5,0.5,0.5,3207,-21
1593,1593.08,-288,-288.00,295.00,-7.58,-12.5,0.5,0.5,0.5,3211,-23
1594,1594.04,-288,-288.00,295.00,-7.78,-7.9,0.5,0.5,0.5,3211,-27
1595,1595.08,-289,-289.00,295.00,-6.99,5.0,0.5,0.5,0.5,3207,-25
1596,1596.04,-289,-289.00,296.00,-7.18,-2.7,0.5,0.5,0.5,3207,-22
1597,1597.08,-290,-290.00,296.00,-6.38,0.9,0.5,0.5,0.5,3204,-17
1598,1598.04,-291,-291.00,296.00,-5.58,7.0,0.5,0.5,0.5,3201,-14
1599,1599.07,-291,-291.00,296.00,-5.78,-2.0,0.5,0.5,0.5,3201,-9
1600,1600.04,-291,-291.00,296.00,-5.98,-4.2,0.5,0.5,0.5,3201,-13
1601,1601.08,-291,-291.00,297.00,-6.18,-5.0,0.5,0.5,0.5,3201,-17
1602,1602.04,-291,-291.00,297.00,-6.38,-5.2,0.5,0.5,0.5,3201,-20
1603,1603.08,-291,-291.00,297.00,-6.59,-5.4,0.5,0.5,0.5,3201,-21
1604,1604.04,-291,-291.00,297.00,-6.78,-5.5,0.5,0.5,0.5,3201,-21
1605,1605.08,-291,-291.00,297.00,-6.98,-5.6,0.5,0.5,0.5,3201,-22
1606,1606.04,-291,-291.00,298.00,-7.18,-5.7,0.5,0.5,0.5,3201,-22
1607,1607.08,-291,-291.00,298.00,-7.38,-5.8,0.5,0.5,0.5,3201,-23
1608,1608.04,-290,-290.00,298.00,-8.58,-10.8,0.5,0.5,0.5,3204,-26
1609,1609.08,-290,-290.00,298.00,-8.78,-7.6,0.5,0.5,0.5,3204,-30
1610,1610.04,-291,-291.00,298.00,-7.98,3.5,0.5,0.5,0.5,3201,-26
1611,1611.08,-291,-291.00,299.00,-8.19,-3.8,0.5,0.5,0.5,3201,-22
1612,1612.04,-292,-292.00,299.00,-7.38,0.0,0.5,0.5,0.5,3198,-18
1613,1613.08,-292,-292.00,299.00,-7.58,-4.4,0.5,0.5,0.5,3198,-16
1614,1614.04,-293,-293.00,299.00,-6.78,-1.2,0.5,0.5,0.5,3195,-12
1615,1615.08,-293,-293.00,299.00,-6.99,-4.5,0.5,0.5,0.5,3195,-14
1616,1616.04,-293,-293.00,300.00,-7.18,-5.4,0.5,0.5,0.5,3195,-18
1617,1617.08,-293,-293.00,300.00,-7.38,-5.7,0.5,0.5,0.5,3195,-22
1618,1618.04,-293,-293.00,300.00,-7.58,-5.9,0.5,0.5,0.5,3195,-23
1619,1619.08,-292,-292.00,300.00,-8.78,-13.1,0.5,0.5,0.5,3198,-25
1620,1620.04,-292,-292.00,300.00,-8.98,-8.5,0.5,0.5,0.5,3198,-29
1621,1621.08,-293,-293.00,301.00,-8.18,2.6,0.5,0.5,0.5,3195,-28
1622,1622.04,-293,-293.00,301.00,-8.38,-3.8,0.5,0.5,0.5,3195,-24
1623,1623.08,-293,-293.00,301.00,-8.58,-5.8,0.5,0.5,0.5,3195,-22
1624,1624.04,-294,-294.00,301.00,-7.78,-0.3,0.5,0.5,0.5,3192,-20
1625,1625.08,-294,-294.00,301.00,-7.98,-4.6,0.5,0.5,0.5,3192,-18
1626,1626.04,-294,-294.00,302.00,-8.18,-5.8,0.5,0.5,0.5,3192,-21
1627,1627.08,-294,-294.00,302.00,-8.38,-6.2,0.5,0.5,0.5,3192,-24
1628,1628.03,-295,-295.00,302.00,-7.58,2.5,0.5,0.5,0.5,3189,-23
1629,1629.08,-295,-295.00,302.00,-7.79,-3.9,0.5,0.5,0.5,3189,-19
1630,1630.04,-295,-295.00,302.00,-7.98,-5.5,0.5,0.5,0.5,3189,-21
1631,1631.08,-295,-295.00,303.00,-8.18,-6.0,0.5,0.5,0.5,3189,-24
1632,1632.04,-295,-295.00,303.00,-8.38,-6.3,0.5,0.5,0.5,3189,-24
1633,1633.08,-295,-295.00,303.00,-8.58,-6.4,0.5,0.5,0.5,3189,-25
1634,1634.04,-295,-295.00,303.00,-8.78,-6.5,0.5,0.5,0.5,3189,-25
1635,1635.08,-295,-295.00,303.00,-8.98,-6.6,0.5,0.5,0.5,3189,-26
1636,1636.04,-295,-295.00,304.00,-9.18,-6.7,0.5,0.5,0.5,3189,-26
1637,1637.07,-295,-295.00,304.00,-9.38,-6.8,0.5,0.5,0.5,3189,-27
1638,1638.04,-295,-295.00,304.00,-9.58,-6.9,0.5,0.5,0.5,3189,-27
1639,1639.08,-295,-295.00,304.00,-9.78,-7.0,0.5,0.5,0.5,3189,-27
1640,1640.04,-295,-295.00,304.00,-9.98,-7.1,0.5,0.5,0.5,3189,-28
1641,1641.08,-296,-296.00,305.00,-9.18,-3.2,0.5,0.5,0.5,3186,-24
1642,1642.03,-296,-296.00,305.00,-9.38,-5.8,0.5,0.5,0.5,3186,-22
1643,1643.08,-296,-296.00,305.00,-9.58,-6.7,0.5,0.5,0.5,3186,-26
1644,1644.04,-296,-296.00,305.00,-9.78,-6.9,0.5,0.5,0.5,3186,-27
1645,1645.08,-296,-296.00,305.00,-9.98,-7.1,0.5,0.5,0.5,3186,-28
1646,1646.04,-296,-296.00,306.00,-10.18,-7.2,0.5,0.5,0.5,3186,-28
1647,1647.08,-297,-297.00,306.00,-9.38,-0.8,0.5,0.5,0.5,3183,-26
1648,1648.04,-297,-297.00,306.00,-9.58,-5.2,0.5,0.5,0.5,3183,-22
1649,1649.08,-297,-297.00,306.00,-9.78,-6.6,0.5,0.5,0.5,3183,-25
1650,1650.04,-297,-297.00,306.00,-9.98,-7.0,0.5,0.5,0.5,3183,-27
1651,1651.08,-297,-297.00,307.00,-10.18,-7.2,0.5,0.5,0.5,3183,-28
1652,1652.03,-297,-297.00,307.00,-10.38,-7.3,0.5,0.5,0.5,3183,-29
1653,1653.08,-297,-297.00,307.00,-10.58,-7.4,0.5,0.5,0.5,3183,-29
1654,1654.04,-297,-297.00,307.00,-10.78,-7.5,0.5,0.5,0.5,3183,-29
1655,1655.08,-297,-297.00,307.00,-10.98,-7.6,0.5,0.5,0.5,3183,-30
1656,1656.04,-297,-297.00,308.00,-11.18,-7.7,0.5,0.5,0.5,3183,-30
1657,1657.08,-298,-298.00,308.00,-10.38,0.1,0.5,0.5,0.5,3180,-28
1658,1658.04,-298,-298.00,308.00,-10.58,-5.3,0.5,0.5,0.5,3180,-25
1659,1659.08,-298,-298.00,308.00,-10.78,-7.0,0.5,0.5,0.5,3180,-27
1660,1660.04,-298,-298.00,308.00,-10.98,-7.5,0.5,0.5,0.5,3180,-29
1661,1661.07,-298,-298.00,309.00,-11.18,-7.7,0.5,0.5,0.5,3180,-30
1662,1662.03,-298,-298.00,309.00,-11.38,-7.8,0.5,0.5,0.5,3180,-30
1663,1663.08,-298,-298.00,309.00,-11.58,-7.9,0.5,0.5,0.5,3180,-31
1664,1664.04,-299,-299.00,309.00,-10.78,5.7,0.5,0.5,0.5,3177,-31
1665,1665.08,-299,-299.00,309.00,-10.99,-4.3,0.5,0.5,0.5,3177,-27
1666,1666.04,-299,-299.00,310.00,-11.18,-6.8,0.5,0.5,0.5,3177,-26
1667,1667.07,-299,-299.00,310.00,-11.38,-7.6,0.5,0.5,0.5,3177,-30
1668,1668.04,-299,-299.00,310.00,-11.58,-7.8,0.5,0.5,0.5,3177,-31
1669,1669.08,-299,-299.00,310.00,-11.78,-8.0,0.5,0.5,0.5,3177,-31
1670,1670.04,-299,-299.00,310.00,-11.98,-8.1,0.5,0.5,0.5,3177,-32
1671,1671.08,-299,-299.00,311.00,-12.18,-8.2,0.5,0.5,0.5,3177,-32
1672,1672.04,-299,-299.00,311.00,-12.38,-8.3,0.5,0.5,0.5,3177,-32
1673,1673.08,-299,-299.00,311.00,-12.58,-8.4,0.5,0.5,0.5,3177,-33
1674,1674.04,-299,-299.00,311.00,-12.78,-8.5,0.5,0.5,0.5,3177,-33
1675,1675.08,-300,-300.00,311.00,-11.98,-2.6,0.5,0.5,0.5,3174,-31
1676,1676.03,-300,-300.00,312.00,-12.18,-6.6,0.5,0.5,0.5,3174,-27
1677,1677.08,-300,-300.00,312.00,-12.38,-7.9,0.5,0.5,0.5,3174,-30
1678,1678.03,-300,-300.00,312.00,-12.58,-8.3,0.5,0.5,0.5,3174,-32
1679,1679.08,-300,-300.00,312.00,-12.78,-8.5,0.5,0.5,0.5,3174,-33
1680,1680.04,-300,-300.00,312.00,-12.98,-8.6,0.5,0.5,0.5,3174,-34
1681,1681.07,-300,-300.00,313.00,-13.18,-8.7,0.5,0.5,0.5,3174,-34
1682,1682.04,-300,-300.00,313.00,-13.38,-8.8,0.5,0.5,0.5,3174,-34
1683,1683.08,-300,-300.00,313.00,-13.58,-8.9,0.5,0.5,0.5,3174,-35
1684,1684.04,-301,-301.00,313.00,-12.78,-0.9,0.5,0.5,0.5,3171,-33
1685,1685.07,-301,-301.00,313.00,-12.98,-6.7,0.5,0.5,0.5,3171,-29
1686,1686.03,-301,-301.00,314.00,-13.18,-8.2,0.5,0.5,0.5,3171,-31
1687,1687.08,-301,-301.00,314.00,-13.38,-8.7,0.5,0.5,0.5,3171,-34
1688,1688.04,-301,-301.00,314.00,-13.58,-8.9,0.5,0.5,0.5,3171,-35
1689,1689.08,-301,-301.00,314.00,-13.78,-9.0,0.5,0.5,0.5,3171,-35
1690,1690.04,-301,-301.00,314.00,-13.98,-9.1,0.5,0.5,0.5,3171,-36
1691,1691.08,-301,-301.00,315.00,-14.18,-9.2,0.5,0.5,0.5,3171,-36
1692,1692.04,-301,-301.00,315.00,-14.38,-9.3,0.5,0.5,0.5,3171,-36
1693,1693.08,-301,-301.00,315.00,-14.58,-9.4,0.5,0.5,0.5,3171,-37
1694,1694.04,-301,-301.00,315.00,-14.78,-9.5,0.5,0.5,0.5,3171,-37
1695,1695.08,-300,-300.00,315.00,-15.98,-22.4,0.5,0.5,0.5,3174,-38
1696,1696.04,-300,-300.00,316.00,-16.18,-13.7,0.5,0.5,0.5,3174,-42
1697,1697.08,-300,-300.00,316.00,-16.38,-11.2,0.5,0.5,0.5,3174,-44
1698,1698.04,-300,-300.00,316.00,-16.58,-10.7,0.5,0.5,0.5,3174,-42
1699,1699.08,-301,-301.00,316.00,-15.78,-2.3,0.5,0.5,0.5,3171,-40
1700,1700.03,-301,-301.00,316.00,-15.98,-7.9,0.5,0.5,0.5,3171,-36
1701,1701.08,-301,-301.00,317.00,-16.18,-9.7,0.5,0.5,0.5,3171,-37
1702,1702.04,-302,-302.00,317.00,-15.38,-4.8,0.5,0.5,0.5,3168,-35
1703,1703.08,-302,-302.00,317.00,-15.58,-8.6,0.5,0.5,0.5,3168,-33
1704,1704.04,-302,-302.00,317.00,-15.78,-9.7,0.5,0.5,0.5,3168,-37
1705,1705.08,-302,-302.00,317.00,-15.98,-10.0,0.5,0.5,0.5,3168,-39
1706,1706.04,-302,-302.00,318.00,-16.18,-10.2,0.5,0.5,0.5,3168,-40
1707,1707.08,-302,-302.00,318.00,-16.38,-10.3,0.5,0.5,0.5,3168,-40
1708,1708.04,-302,-302.00,318.00,-16.58,-10.4,0.5,0.5,0.5,3168,-41
1709,1709.07,-302,-302.00,318.00,-16.78,-10.5,0.5,0.5,0.5,3168,-41
1710,1710.04,-302,-302.00,318.00,-16.98,-10.6,0.5,0.5,0.5,3168,-42
1711,1711.08,-302,-302.00,319.00,-17.18,-10.7,0.5,0.5,0.5,3168,-42
1712,1712.04,-302,-302.00,319.00,-17.38,-10.8,0.5,0.5,0.5,3168,-42
1713,1713.08,-302,-302.00,319.00,-17.58,-10.9,0.5,0.5,0.5,3168,-43
1714,1714.04,-303,-303.00,319.00,-16.78,1.4,0.5,0.5,0.5,3164,-43
1715,1715.08,-303,-303.00,319.00,-16.98,-7.6,0.5,0.5,0.5,3164,-39
1716,1716.04,-303,-303.00,320.00,-17.18,-9.9,0.5,0.5,0.5,3164,-38
1717,1717.08,-303,-303.00,320.00,-17.38,-10.6,0.5,0.5,0.5,3164,-42
1718,1718.04,-303,-303.00,320.00,-17.58,-10.9,0.5,0.5,0.5,3164,-43
1719,1719.07,-303,-303.00,320.00,-17.78,-11.0,0.5,0.5,0.5,3164,-43
1720,1720.03,-303,-303.00,320.00,-17.98,-11.1,0.5,0.5,0.5,3164,-44
1721,1721.08,-303,-303.00,321.00,-18.18,-11.2,0.5,0.5,0.5,3164,-44
1722,1722.04,-303,-303.00,321.00,-18.38,-11.3,0.5,0.5,0.5,3164,-44
1723,1723.08,-303,-303.00,321.00,-18.58,-11.5,0.5,0.5,0.5,3164,-45
1724,1724.04,-303,-303.00,321.00,-18.78,-11.5,0.5,0.5,0.5,3164,-45
1725,1725.08,-303,-303.00,321.00,-18.98,-11.7,0.5,0.5,0.5,3164,-46
1726,1726.03,-303,-303.00,322.00,-19.18,-11.8,0.5,0.5,0.5,3164,-46
1727,1727.08,-303,-303.00,322.00,-19.38,-11.9,0.5,0.5,0.5,3164,-46
1728,1728.04,-303,-303.00,322.00,-19.58,-12.0,0.5,0.5,0.5,3164,-47
1729,1729.08,-303,-303.00,322.00,-19.78,-12.1,0.5,0.5,0.5,3164,-47
1730,1730.04,-304,-304.00,322.00,-18.98,-6.4,0.5,0.5,0.5,3161,-44
1731,1731.08,-304,-304.00,323.00,-19.18,-10.4,0.5,0.5,0.5,3161,-41
1732,1732.04,-304,-304.00,323.00,-19.38,-11.5,0.5,0.5,0.5,3161,-44
1733,1733.07,-304,-304.00,323.00,-19.58,-11.9,0.5,0.5,0.5,3161,-46
1734,1734.03,-304,-304.00,323.00,-19.78,-12.0,0.5,0.5,0.5,3161,-47
1735,1735.08,-304,-304.00,323.00,-19.98,-12.2,0.5,0.5,0.5,3161,-47
1736,1736.04,-304,-304.00,324.00,-20.18,-12.3,0.5,0.5,0.5,3161,-48
1737,1737.08,-304,-304.00,324.00,-20.38,-12.4,0.5,0.5,0.5,3161,-48
1738,1738.04,-304,-304.00,324.00,-20.58,-12.5,0.5,0.5,0.5,3161,-49
1739,1739.07,-304,-304.00,324.00,-20.78,-12.6,0.5,0.5,0.5,3161,-49
1740,1740.04,-304,-304.00,324.00,-20.98,-12.7,0.5,0.5,0.5,3161,-49
1741,1741.08,-304,-304.00,325.00,-21.18,-12.8,0.5,0.5,0.5,3161,-50
1742,1742.04,-304,-304.00,325.00,-21.38,-12.9,0.5,0.5,0.5,3161,-50
1743,1743.08,-304,-304.00,325.00,-21.58,-13.0,0.5,0.5,0.5,3161,-51
1744,1744.03,-304,-304.00,325.00,-21.78,-13.1,0.5,0.5,0.5,3161,-51
1745,1745.07,-304,-304.00,325.00,-21.98,-13.2,0.5,0.5,0.5,3161,-51
1746,1746.04,-305,-305.00,326.00,-21.18,-7.3,0.5,0.5,0.5,3158,-49
1747,1747.08,-305,-305.00,326.00,-21.38,-11.5,0.5,0.5,0.5,3158,-45
1748,1748.04,-305,-305.00,326.00,-21.58,-12.6,0.5,0.5,0.5,3158,-49
1749,1749.08,-305,-305.00,326.00,-21.78,-13.0,0.5,0.5,0.5,3158,-51
1750,1750.04,-305,-305.00,326.00,-21.98,-13.1,0.5,0.5,0.5,3158,-51
1751,1751.08,-305,-305.00,327.00,-22.18,-13.3,0.5,0.5,0.5,3158,-52
1752,1752.04,-305,-305.00,327.00,-22.38,-13.4,0.5,0.5,0.5,3158,-52
1753,1753.08,-305,-305.00,327.00,-22.58,-13.5,0.5,0.5,0.5,3158,-53
1754,1754.04,-305,-305.00,327.00,-22.78,-13.6,0.5,0.5,0.5,3158,-53
1755,1755.08,-305,-305.00,327.00,-22.98,-13.7,0.5,0.5,0.5,3158,-53
1756,1756.04,-305,-305.00,328.00,-23.18,-13.8,0.5,0.5,0.5,3158,-54
1757,1757.08,-305,-305.00,328.00,-23.38,-13.9,0.5,0.5,0.5,3158,-54
1758,1758.04,-305,-305.00,328.00,-23.58,-14.0,0.5,0.5,0.5,3158,-55
1759,1759.07,-305,-305.00,328.00,-23.78,-14.1,0.5,0.5,0.5,3158,-55
1760,1760.04,-305,-305.00,328.00,-23.98,-14.2,0.5,0.5,0.5,3158,-55
1761,1761.08,-305,-305.00,329.00,-24.18,-14.3,0.5,0.5,0.5,3158,-56
1762,1762.04,-306,-306.00,329.00,-23.38,-3.2,0.5,0.5,0.5,3155,-55
1763,1763.07,-306,-306.00,329.00,-23.58,-11.3,0.5,0.5,0.5,3155,-51
1764,1764.04,-306,-306.00,329.00,-23.78,-13.3,0.5,0.5,0.5,3155,-51
1765,1765.07,-306,-306.00,329.00,-23.98,-14.0,0.5,0.5,0.5,3155,-55
1766,1766.04,-306,-306.00,330.00,-24.18,-14.2,0.5,0.5,0.5,3155,-56
1767,1767.08,-306,-306.00,330.00,-24.38,-14.4,0.5,0.5,0.5,3155,-56
1768,1768.03,-306,-306.00,330.00,-24.58,-14.5,0.5,0.5,0.5,3155,-57
1769,1769.08,-306,-306.00,330.00,-24.78,-14.6,0.5,0.5,0.5,3155,-57
1770,1770.04,-306,-306.00,330.00,-24.98,-14.7,0.5,0.5,0.5,3155,-57
1771,1771.08,-306,-306.00,331.00,-25.18,-14.8,0.5,0.5,0.5,3155,-58
1772,1772.04,-306,-306.00,331.00,-25.38,-14.9,0.5,0.5,0.5,3155,-58
1773,1773.08,-306,-306.00,331.00,-25.58,-15.0,0.5,0.5,0.5,3155,-59
1774,1774.03,-306,-306.00,331.00,-25.78,-15.1,0.5,0.5,0.5,3155,-59
1775,1775.08,-306,-306.00,331.00,-25.98,-15.2,0.5,0.5,0.5,3155,-59
1776,1776.04,-306,-306.00,332.00,-26.18,-15.3,0.5,0.5,0.5,3155,-60
1777,1777.08,-306,-306.00,332.00,-26.38,-15.4,0.5,0.5,0.5,3155,-60
1778,1778.04,-306,-306.00,332.00,-26.58,-15.5,0.5,0.5,0.5,3155,-61
1779,1779.08,-306,-306.00,332.00,-26.78,-15.6,0.5,0.5,0.5,3155,-61
1780,1780.04,-307,-307.00,332.00,-25.98,-10.4,0.5,0.5,0.5,3152,-58
1781,1781.08,-307,-307.00,333.00,-26.18,-14.1,0.5,0.5,0.5,3152,-55
1782,1782.03,-307,-307.00,333.00,-26.38,-15.0,0.5,0.5,0.5,3152,-59
1783,1783.08,-307,-307.00,333.00,-26.58,-15.4,0.5,0.5,0.5,3152,-60
1784,1784.04,-307,-307.00,333.00,-26.78,-15.6,0.5,0.5,0.5,3152,-61
1785,1785.07,-307,-307.00,333.00,-26.98,-15.7,0.5,0.5,0.5,3152,-61
1786,1786.04,-307,-307.00,334.00,-27.18,-15.8,0.5,0.5,0.5,3152,-62
1787,1787.08,-307,-307.00,334.00,-27.38,-15.9,0.5,0.5,0.5,3152,-62
1788,1788.04,-307,-307.00,334.00,-27.58,-16.0,0.5,0.5,0.5,3152,-62
1789,1789.08,-307,-307.00,334.00,-27.78,-16.1,0.4,0.5,0.6,3152,-63
1790,1790.04,-307,-307.00,334.00,-27.98,-16.2,0.4,0.5,0.6,3152,-63
1791,1791.08,-307,-307.00,335.00,-28.18,-16.3,0.4,0.5,0.6,3152,-64
1792,1792.04,-307,-307.00,335.00,-28.38,-16.4,0.4,0.5,0.6,3152,-64
1793,1793.08,-307,-307.00,335.00,-28.58,-16.5,0.4,0.5,0.6,3152,-64
1794,1794.04,-307,-307.00,335.00,-28.78,-16.6,0.4,0.5,0.6,3152,-65
1795,1795.08,-307,-307.00,335.00,-28.98,-16.7,0.4,0.5,0.6,3152,-65
1796,1796.03,-307,-307.00,336.00,-29.18,-16.8,0.4,0.5,0.6,3152,-66
1797,1797.08,-307,-307.00,336.00,-29.38,-16.9,0.4,0.5,0.6,3152,-66
1798,1798.04,-307,-307.00,336.00,-29.58,-17.0,0.4,0.5,0.6,3152,-66
1799,1799.08,-307,-307.00,336.00,-29.78,-17.1,0.4,0.5,0.6,3152,-67
1800,1800.04,-307,-307.00,336.00,-29.98,-17.2,0.4,0.5,0.6,3152,-67
1801,1801.08,-306,-306.00,337.00,-31.18,-23.9,0.4,0.5,0.6,3155,-70
1802,1802.04,-306,-306.00,337.00,-31.38,-19.6,0.4,0.5,0.6,3155,-74
1803,1803.08,-306,-306.00,337.00,-31.58,-18.5,0.4,0.5,0.6,3155,-72
1804,1804.04,-306,-306.00,337.00,-31.78,-18.2,0.4,0.5,0.6,3155,-71
1805,1805.08,-306,-306.00,337.00,-31.98,-18.2,0.4,0.5,0.6,3155,-71
1806,1806.04,-307,-307.00,338.00,-31.18,-11.8,0.4,0.5,0.6,3152,-69
1807,1807.08,-307,-307.00,338.00,-31.38,-16.4,0.4,0.5,0.6,3152,-65
1808,1808.03,-307,-307.00,338.00,-31.58,-17.6,0.4,0.5,0.6,3152,-68
1809,1809.08,-307,-307.00,338.00,-31.78,-18.0,0.4,0.5,0.6,3152,-70
1810,1810.04,-307,-307.00,338.00,-31.98,-18.2,0.4,0.5,0.6,3152,-71
1811,1811.08,-307,-307.00,339.00,-32.18,-18.3,0.4,0.5,0.6,3152,-72
1812,1812.04,-307,-307.00,339.00,-32.38,-18.4,0.4,0.5,0.6,3152,-72
1813,1813.08,-307,-307.00,339.00,-32.58,-18.5,0.4,0.5,0.6,3152,-72
1814,1814.03,-307,-307.00,339.00,-32.78,-18.6,0.4,0.5,0.6,3152,-73
1815,1815.08,-307,-307.00,339.00,-32.98,-18.7,0.4,0.5,0.6,3152,-73
1816,1816.04,-307,-307.00,340.00,-33.18,-18.8,0.4,0.5,0.6,3152,-74
1817,1817.08,-307,-307.00,340.00,-33.38,-18.9,0.4,0.5,0.6,3152,-74
1818,1818.04,-307,-307.00,340.00,-33.58,-19.0,0.4,0.5,0.6,3152,-74
1819,1819.08,-307,-307.00,340.00,-33.78,-19.1,0.4,0.5,0.6,3152,-75
1820,1820.04,-307,-307.00,340.00,-33.98,-19.2,0.4,0.5,0.6,3152,-75
1821,1821.08,-307,-307.00,341.00,-34.18,-19.3,0.4,0.5,0.6,3152,-76
1822,1822.04,-307,-307.00,341.00,-34.38,-19.4,0.4,0.5,0.6,3152,-76
1823,1823.08,-307,-307.00,341.00,-34.58,-19.5,0.4,0.5,0.6,3152,-76
1824,1824.04,-307,-307.00,341.00,-34.78,-19.6,0.4,0.5,0.6,3152,-77
1825,1825.08,-308,-308.00,341.00,-33.98,-13.9,0.4,0.5,0.6,3149,-74
1826,1826.04,-308,-308.00,342.00,-34.18,-17.8,0.4,0.5,0.6,3149,-70
1827,1827.08,-308,-308.00,342.00,-34.38,-19.0,0.4,0.5,0.6,3149,-74
1828,1828.04,-308,-308.00,342.00,-34.58,-19.4,0.4,0.5,0.6,3149,-76
1829,1829.08,-307,-307.00,342.00,-35.78,-32.4,0.4,0.5,0.6,3152,-77
1830,1830.03,-307,-307.00,342.00,-35.98,-23.7,0.4,0.5,0.6,3152,-81
1831,1831.08,-307,-307.00,343.00,-36.18,-21.2,0.4,0.5,0.6,3152,-83
1832,1832.04,-307,-307.00,343.00,-36.38,-20.7,0.4,0.5,0.6,3152,-81
1833,1833.07,-308,-308.00,343.00,-35.58,-10.5,0.4,0.5,0.6,3149,-80
1834,1834.03,-308,-308.00,343.00,-35.78,-17.4,0.4,0.5,0.6,3149,-76
1835,1835.08,-308,-308.00,343.00,-35.98,-19.5,0.4,0.5,0.6,3149,-76
1836,1836.03,-308,-308.00,344.00,-36.18,-20.1,0.4,0.5,0.6,3149,-79
1837,1837.07,-308,-308.00,344.00,-36.38,-20.4,0.4,0.5,0.6,3149,-80
1838,1838.03,-308,-308.00,344.00,-36.58,-20.5,0.4,0.5,0.6,3149,-80
1839,1839.07,-308,-308.00,344.00,-36.78,-20.6,0.4,0.5,0.6,3149,-81
1840,1840.03,-308,-308.00,344.00,-36.98,-20.7,0.4,0.5,0.6,3149,-81
1841,1841.08,-308,-308.00,345.00,-37.18,-20.8,0.4,0.5,0.6,3149,-81
1842,1842.03,-308,-308.00,345.00,-37.38,-20.9,0.4,0.5,0.6,3149,-82
1843,1843.07,-308,-308.00,345.00,-37.58,-21.0,0.4,0.5,0.6,3149,-82
1844,1844.03,-308,-308.00,345.00,-37.78,-21.1,0.4,0.5,0.6,3149,-83
1845,1845.07,-308,-308.00,345.00,-37.98,-21.2,0.4,0.5,0.6,3149,-83
1846,1846.03,-308,-308.00,346.00,-38.18,-21.3,0.4,0.5,0.6,3149,-83
1847,1847.07,-308,-308.00,346.00,-38.38,-21.5,0.4,0.5,0.6,3149,-84
1848,1848.03,-308,-308.00,346.00,-38.58,-21.5,0.4,0.5,0.6,3149,-84
1849,1849.08,-308,-308.00,346.00,-38.78,-21.7,0.4,0.5,0.6,3149,-85
1850,1850.03,-308,-308.00,346.00,-38.98,-21.8,0.4,0.6,0.6,3149,-85
1851,1851.08,-308,-308.00,347.00,-39.18,-21.9,0.4,0.6,0.6,3149,-85
1852,1852.04,-308,-308.00,347.00,-39.38,-22.0,0.4,0.6,0.6,3149,-86
1853,1853.07,-308,-308.00,347.00,-39.58,-22.1,0.4,0.6,0.6,3149,-86
1854,1854.04,-308,-308.00,347.00,-39.78,-22.2,0.4,0.6,0.6,3149,-87
1855,1855.07,-308,-308.00,347.00,-39.98,-22.3,0.4,0.6,0.6,3149,-87
1856,1856.03,-308,-308.00,348.00,-40.18,-22.4,0.4,0.6,0.6,3149,-87
1857,1857.07,-308,-308.00,348.00,-40.38,-22.5,0.4,0.6,0.6,3149,-88
1858,1858.04,-308,-308.00,348.00,-40.58,-22.6,0.4,0.6,0.6,3149,-88
1859,1859.08,-308,-308.00,348.00,-40.78,-22.7,0.4,0.6,0.6,3149,-89
1860,1860.03,-308,-308.00,348.00,-40.98,-22.8,0.4,0.6,0.6,3149,-89
1861,1861.07,-308,-308.00,349.00,-41.18,-22.9,0.4,0.6,0.6,3149,-89
1862,1862.04,-309,-309.00,349.00,-40.38,-18.6,0.4,0.6,0.6,3146,-85
1863,1863.07,-309,-309.00,349.00,-40.58,-21.6,0.4,0.6,0.6,3146,-84
1864,1864.03,-309,-309.00,349.00,-40.78,-22.4,0.4,0.6,0.6,3146,-87
1865,1865.08,-309,-309.00,349.00,-40.98,-22.7,0.4,0.6,0.6,3146,-89
1866,1866.03,-308,-308.00,350.00,-42.18,-30.4,0.4,0.6,0.6,3149,-91
1867,1867.07,-308,-308.00,350.00,-42.38,-25.2,0.4,0.6,0.6,3149,-95
1868,1868.03,-308,-308.00,350.00,-42.58,-24.1,0.4,0.6,0.6,3149,-94
1869,1869.08,-308,-308.00,350.00,-42.78,-23.8,0.4,0.6,0.6,3149,-93
1870,1870.03,-309,-309.00,350.00,-41.98,-17.5,0.4,0.6,0.6,3146,-90
1871,1871.08,-309,-309.00,351.00,-42.18,-21.9,0.4,0.6,0.6,3146,-86
1872,1872.04,-309,-309.00,351.00,-42.38,-23.1,0.4,0.6,0.6,3146,-90
1873,1873.07,-309,-309.00,351.00,-42.58,-23.5,0.4,0.6,0.6,3146,-92
1874,1874.03,-309,-309.00,351.00,-42.78,-23.6,0.4,0.6,0.6,3146,-92
1875,1875.07,-309,-309.00,351.00,-42.98,-23.8,0.4,0.6,0.6,3146,-93
1876,1876.03,-309,-309.00,352.00,-43.18,-23.9,0.4,0.6,0.6,3146,-93
1877,1877.07,-309,-309.00,352.00,-43.38,-24.0,0.4,0.6,0.6,3146,-94
1878,1878.04,-309,-309.00,352.00,-43.58,-24.1,0.4,0.6,0.6,3146,-94
1879,1879.08,-309,-309.00,352.00,-43.78,-24.2,0.4,0.6,0.6,3146,-94
1880,1880.04,-309,-309.00,352.00,-43.98,-24.3,0.4,0.6,0.6,3146,-95
1881,1881.08,-309,-309.00,353.00,-44.18,-24.4,0.4,0.6,0.6,3146,-95
1882,1882.04,-309,-309.00,353.00,-44.38,-24.5,0.4,0.6,0.6,3146,-96
1883,1883.08,-309,-309.00,353.00,-44.58,-24.6,0.4,0.6,0.6,3146,-96
1884,1884.03,-309,-309.00,353.00,-44.78,-24.7,0.4,0.6,0.6,3146,-96
1885,1885.07,-309,-309.00,353.00,-44.98,-24.8,0.4,0.6,0.6,3146,-97
1886,1886.04,-309,-309.00,354.00,-45.18,-24.9,0.4,0.6,0.6,3146,-97
1887,1887.07,-309,-309.00,354.00,-45.38,-25.0,0.4,0.6,0.6,3146,-98
1888,1888.03,-309,-309.00,354.00,-45.58,-25.1,0.4,0.6,0.6,3146,-98
1889,1889.07,-309,-309.00,354.00,-45.78,-25.2,0.4,0.6,0.6,3146,-98
1890,1890.03,-309,-309.00,354.00,-45.98,-25.3,0.4,0.6,0.6,3146,-99
1891,1891.08,-309,-309.00,355.00,-46.18,-25.4,0.4,0.6,0.6,3146,-99
1892,1892.04,-309,-309.00,355.00,-46.38,-25.5,0.4,0.6,0.6,3146,-100
1893,1893.07,-309,-309.00,355.00,-46.58,-25.6,0.4,0.6,0.6,3146,-100
1894,1894.03,-309,-309.00,355.00,-46.78,-25.7,0.4,0.6,0.6,3146,-100
1895,1895.07,-309,-309.00,355.00,-46.98,-25.8,0.4,0.6,0.6,3146,-101
1896,1896.03,-309,-309.00,356.00,-47.18,-25.9,0.4,0.6,0.6,3146,-101
1897,1897.08,-309,-309.00,356.00,-47.38,-26.0,0.4,0.6,0.6,3146,-102
1898,1898.04,-309,-309.00,356.00,-47.58,-26.1,0.4,0.6,0.6,3146,-102
1899,1899.07,-309,-309.00,356.00,-47.78,-26.2,0.4,0.6,0.6,3146,-102
1900,1900.03,-309,-309.00,356.00,-47.98,-26.3,0.4,0.6,0.6,3146,-103
1901,1901.08,-309,-309.00,357.00,-48.18,-26.4,0.4,0.6,0.6,3146,-103
1902,1902.03,-309,-309.00,357.00,-48.38,-26.5,0.4,0.6,0.6,3146,-104
1903,1903.08,-309,-309.00,357.00,-48.58,-26.6,0.4,0.6,0.6,3146,-104
1904,1904.03,-310,-310.00,357.00,-47.78,-17.6,0.4,0.6,0.6,3143,-103
1905,1905.07,-310,-310.00,357.00,-47.98,-24.1,0.4,0.6,0.6,3143,-98
1906,1906.03,-310,-310.00,358.00,-48.18,-25.8,0.4,0.6,0.6,3143,-100
1907,1907.08,-309,-309.00,358.00,-49.38,-36.5,0.4,0.6,0.6,3146,-104
1908,1908.04,-309,-309.00,358.00,-49.58,-29.8,0.4,0.6,0.6,3146,-107
1909,1909.07,-309,-309.00,358.00,-49.78,-27.9,0.4,0.6,0.6,3146,-109
1910,1910.04,-309,-309.00,358.00,-49.98,-27.5,0.4,0.6,0.6,3146,-107
1911,1911.08,-309,-309.00,359.00,-50.18,-27.5,0.4,0.6,0.6,3146,-107
1912,1912.03,-310,-310.00,359.00,-49.38,-14.5,0.4,0.6,0.6,3143,-107
1913,1913.07,-310,-310.00,359.00,-49.58,-23.9,0.4,0.6,0.6,3143,-103
1914,1914.03,-310,-310.00,359.00,-49.78,-26.3,0.4,0.6,0.6,3143,-102
1915,1915.07,-310,-310.00,359.00,-49.98,-27.1,0.4,0.6,0.6,3143,-106
1916,1916.03,-310,-310.00,360.00,-50.18,-27.3,0.4,0.6,0.6,3143,-107
1917,1917.07,-310,-310.00,360.00,-50.38,-27.5,0.4,0.6,0.6,3143,-107
1918,1918.04,-310,-310.00,360.00,-50.58,-27.6,0.4,0.6,0.6,3143,-108
1919,1919.07,-310,-310.00,360.00,-50.78,-27.7,0.4,0.6,0.6,3143,-108
1920,1920.04,-309,-309.00,360.00,-51.98,-33.0,0.4,0.6,0.6,3146,-112
1921,1921.08,-309,-309.00,361.00,-52.18,-29.6,0.4,0.6,0.6,3146,-116
1922,1922.03,-310,-310.00,361.00,-51.38,-18.7,0.4,0.6,0.6,3143,-112
1923,1923.08,-310,-310.00,361.00,-51.58,-25.8,0.4,0.6,0.6,3143,-108
1924,1924.03,-310,-310.00,361.00,-51.78,-27.5,0.4,0.6,0.6,3143,-107
1925,1925.08,-310,-310.00,361.00,-51.98,-28.2,0.4,0.6,0.6,3143,-110
1926,1926.04,-310,-310.00,362.00,-52.18,-28.4,0.4,0.6,0.6,3143,-111
1927,1927.08,-310,-310.00,362.00,-52.38,-28.5,0.4,0.6,0.6,3143,-111
1928,1928.03,-310,-310.00,362.00,-52.58,-28.6,0.4,0.6,0.6,3143,-112
1929,1929.07,-310,-310.00,362.00,-52.78,-28.7,0.4,0.6,0.6,3143,-112
1930,1930.03,-310,-310.00,362.00,-52.98,-28.8,0.4,0.6,0.6,3143,-113
1931,1931.07,-310,-310.00,363.00,-53.18,-28.9,0.4,0.6,0.6,3143,-113
1932,1932.03,-310,-310.00,363.00,-53.38,-29.0,0.4,0.6,0.6,3143,-113
1933,1933.07,-310,-310.00,363.00,-53.58,-29.1,0.4,0.6,0.6,3143,-114
1934,1934.03,-310,-310.00,363.00,-53.78,-29.2,0.4,0.6,0.6,3143,-114
1935,1935.08,-310,-310.00,363.00,-53.98,-29.3,0.4,0.6,0.6,3143,-115
1936,1936.03,-310,-310.00,364.00,-54.18,-29.4,0.4,0.6,0.6,3143,-115
1937,1937.07,-310,-310.00,364.00,-54.38,-29.5,0.4,0.6,0.6,3143,-115
1938,1938.03,-310,-310.00,364.00,-54.58,-29.6,0.4,0.6,0.6,3143,-116
1939,1939.08,-310,-310.00,364.00,-54.78,-29.7,0.4,0.6,0.6,3143,-116
1940,1940.04,-310,-310.00,364.00,-54.98,-29.8,0.4,0.6,0.6,3143,-117
1941,1941.07,-310,-310.00,365.00,-55.18,-29.9,0.4,0.6,0.6,3143,-117
1942,1942.04,-310,-310.00,365.00,-55.38,-30.0,0.4,0.6,0.6,3143,-117
1943,1943.08,-310,-310.00,365.00,-55.58,-30.1,0.4,0.6,0.6,3143,-118
1944,1944.03,-310,-310.00,365.00,-55.78,-30.2,0.4,0.6,0.6,3143,-118
1945,1945.07,-310,-310.00,365.00,-55.98,-30.3,0.4,0.6,0.6,3143,-119
1946,1946.03,-310,-310.00,366.00,-56.18,-30.4,0.4,0.6,0.6,3143,-119
1947,1947.07,-310,-310.00,366.00,-56.38,-30.5,0.4,0.6,0.6,3143,-119
1948,1948.03,-310,-310.00,366.00,-56.58,-30.6,0.4,0.6,0.6,3143,-120
1949,1949.07,-310,-310.00,366.00,-56.78,-30.8,0.4,0.6,0.6,3143,-120
1950,1950.03,-310,-310.00,366.00,-56.98,-30.8,0.4,0.6,0.6,3143,-120
1951,1951.08,-310,-310.00,367.00,-57.18,-31.0,0.4,0.6,0.6,3143,-121
1952,1952.03,-310,-310.00,367.00,-57.38,-31.0,0.4,0.6,0.6,3143,-121
1953,1953.07,-310,-310.00,367.00,-57.58,-31.1,0.4,0.6,0.6,3143,-122
1954,1954.04,-310,-310.00,367.00,-57.78,-31.2,0.4,0.6,0.6,3143,-122
1955,1955.07,-310,-310.00,367.00,-57.98,-31.3,0.4,0.6,0.6,3143,-122
1956,1956.04,-310,-310.00,368.00,-58.18,-31.5,0.4,0.6,0.6,3143,-123
1957,1957.08,-310,-310.00,368.00,-58.38,-31.5,0.4,0.6,0.6,3143,-123
1958,1958.03,-310,-310.00,368.00,-58.58,-31.6,0.4,0.6,0.6,3143,-124
1959,1959.07,-310,-310.00,368.00,-58.78,-31.8,0.4,0.6,0.6,3143,-124
1960,1960.04,-310,-310.00,368.00,-58.98,-31.8,0.4,0.6,0.6,3143,-124
1961,1961.08,-310,-310.00,369.00,-59.18,-32.0,0.4,0.6,0.6,3143,-125
1962,1962.04,-310,-310.00,369.00,-59.38,-32.1,0.4,0.6,0.6,3143,-125
1963,1963.07,-310,-310.00,369.00,-59.58,-32.2,0.4,0.6,0.6,3143,-126
1964,1964.03,-310,-310.00,369.00,-59.78,-32.2,0.4,0.6,0.6,3143,-126
1965,1965.07,-310,-310.00,369.00,-59.98,-32.3,0.4,0.6,0.6,3143,-126
1966,1966.03,-311,-311.00,370.00,-59.18,-27.5,0.4,0.6,0.6,3140,-123
1967,1967.07,-311,-311.00,370.00,-59.38,-30.9,0.4,0.6,0.6,3140,-120
1968,1968.03,-312,-312.00,370.00,-58.58,-21.7,0.4,0.6,0.6,3137,-122
1969,1969.07,-312,-312.00,370.00,-58.78,-29.2,0.4,0.6,0.6,3137,-118
1970,1970.03,-312,-312.00,370.00,-58.98,-31.1,0.4,0.6,0.6,3137,-120
1971,1971.08,-312,-312.00,371.00,-59.18,-31.8,0.4,0.6,0.6,3137,-124
1972,1972.03,-312,-312.00,371.00,-59.38,-32.0,0.4,0.6,0.6,3137,-125
1973,1973.07,-312,-312.00,371.00,-59.58,-32.2,0.4,0.6,0.6,3137,-126
1974,1974.03,-311,-311.00,371.00,-60.78,-39.3,0.4,0.6,0.6,3140,-128
1975,1975.07,-311,-311.00,371.00,-60.98,-34.5,0.4,0.6,0.6,3140,-132
1976,1976.03,-311,-311.00,372.00,-61.18,-33.4,0.4,0.6,0.6,3140,-131
1977,1977.08,-311,-311.00,372.00,-61.38,-33.2,0.4,0.6,0.6,3140,-130
1978,1978.04,-312,-312.00,372.00,-60.58,-24.0,0.4,0.6,0.6,3137,-128
1979,1979.07,-312,-312.00,372.00,-60.78,-30.6,0.4,0.6,0.6,3137,-124
1980,1980.04,-312,-312.00,372.00,-60.98,-32.2,0.4,0.6,0.6,3137,-125
1981,1981.07,-312,-312.00,373.00,-61.18,-32.8,0.4,0.6,0.6,3137,-128
1982,1982.03,-312,-312.00,373.00,-61.38,-33.0,0.4,0.6,0.6,3137,-129
1983,1983.07,-312,-312.00,373.00,-61.58,-33.2,0.4,0.6,0.6,3137,-130
1984,1984.03,-312,-312.00,373.00,-61.78,-33.2,0.4,0.6,0.6,3137,-130
1985,1985.08,-312,-312.00,373.00,-61.98,-33.4,0.4,0.6,0.6,3137,-130
1986,1986.04,-312,-312.00,374.00,-62.18,-33.5,0.4,0.6,0.6,3137,-131
1987,1987.07,-312,-312.00,374.00,-62.38,-33.6,0.4,0.6,0.6,3137,-131
1988,1988.04,-312,-312.00,374.00,-62.58,-33.7,0.4,0.6,0.6,3137,-132
1989,1989.07,-311,-311.00,374.00,-63.78,-40.6,0.4,0.6,0.6,3140,-134
1990,1990.03,-311,-311.00,374.00,-63.98,-36.2,0.4,0.6,0.6,3140,-138
1991,1991.07,-312,-312.00,375.00,-63.18,-27.5,0.4,0.6,0.6,3137,-136
1992,1992.03,-312,-312.00,375.00,-63.38,-32.2,0.4,0.6,0.6,3137,-132
1993,1993.07,-312,-312.00,375.00,-63.58,-33.7,0.4,0.6,0.6,3137,-132
1994,1994.03,-312,-312.00,375.00,-63.78,-34.2,0.4,0.6,0.6,3137,-133
1995,1995.07,-312,-312.00,375.00,-63.98,-34.3,0.4,0.6,0.6,3137,-134
1996,1996.04,-312,-312.00,376.00,-64.18,-34.5,0.4,0.6,0.6,3137,-135
1997,1997.08,-312,-312.00,376.00,-64.38,-34.6,0.4,0.6,0.6,3137,-135
1998,1998.04,-312,-312.00,376.00,-64.58,-34.7,0.4,0.6,0.6,3137,-135
1999,1999.07,-312,-312.00,376.00,-64.78,-34.8,0.4,0.6,0.6,3137,-136
2000,2000.03,-312,-312.00,376.00,-64.98,-34.9,0.4,0.6,0.6,3137,-136
2001,2001.07,-312,-312.00,377.00,-65.18,-35.0,0.4,0.6,0.6,3137,-137
2002,2002.03,-312,-312.00,377.00,-65.38,-35.1,0.4,0.6,0.6,3137,-137
2003,2003.07,-312,-312.00,377.00,-65.58,-35.2,0.4,0.6,0.6,3137,-137
2004,2004.03,-312,-312.00,377.00,-65.78,-35.3,0.4,0.6,0.6,3137,-138
2005,2005.08,-312,-312.00,377.00,-65.98,-35.4,0.4,0.6,0.6,3137,-138
2006,2006.04,-312,-312.00,378.00,-66.18,-35.5,0.4,0.6,0.6,3137,-139
2007,2007.07,-312,-312.00,378.00,-66.38,-35.6,0.4,0.6,0.6,3137,-139
2008,2008.03,-312,-312.00,378.00,-66.58,-35.7,0.4,0.6,0.6,3137,-139
2009,2009.08,-312,-312.00,378.00,-66.78,-35.8,0.4,0.6,0.6,3137,-140
2010,2010.04,-312,-312.00,378.00,-66.98,-35.9,0.4,0.6,0.6,3137,-140
2011,2011.07,-312,-312.00,379.00,-67.18,-36.0,0.4,0.6,0.6,3137,-141
2012,2012.03,-312,-312.00,379.00,-67.38,-36.1,0.4,0.6,0.6,3137,-141
2013,2013.07,-312,-312.00,379.00,-67.58,-36.2,0.4,0.6,0.6,3137,-141
2014,2014.03,-312,-312.00,379.00,-67.78,-36.3,0.4,0.6,0.6,3137,-142
2015,2015.08,-312,-312.00,379.00,-67.98,-36.4,0.4,0.6,0.6,3137,-142
2016,2016.03,-312,-312.00,380.00,-68.18,-36.5,0.4,0.6,0.6,3137,-143
2017,2017.07,-312,-312.00,380.00,-68.38,-36.6,0.4,0.6,0.6,3137,-143
2018,2018.04,-312,-312.00,380.00,-68.58,-36.7,0.4,0.6,0.6,3137,-143
2019,2019.08,-312,-312.00,380.00,-68.78,-36.8,0.4,0.6,0.6,3137,-144
2020,2020.03,-312,-312.00,380.00,-68.98,-36.9,0.4,0.6,0.6,3137,-144
2021,2021.08,-312,-312.00,381.00,-69.18,-37.0,0.4,0.6,0.6,3137,-145
2022,2022.03,-312,-312.00,381.00,-69.38,-37.1,0.4,0.6,0.6,3137,-145
2023,2023.07,-312,-312.00,381.00,-69.58,-37.2,0.4,0.6,0.6,3137,-145
2024,2024.03,-312,-312.00,381.00,-69.78,-37.3,0.4,0.6,0.6,3137,-146
2025,2025.07,-312,-312.00,381.00,-69.98,-37.4,0.4,0.6,0.6,3137,-146
2026,2026.04,-312,-312.00,382.00,-70.18,-37.5,0.4,0.6,0.6,3137,-147
2027,2027.07,-312,-312.00,382.00,-70.38,-37.6,0.4,0.6,0.6,3137,-147
2028,2028.04,-312,-312.00,382.00,-70.58,-37.7,0.4,0.6,0.6,3137,-147
2029,2029.07,-312,-312.00,382.00,-70.78,-37.8,0.4,0.6,0.6,3137,-148
2030,2030.03,-312,-312.00,382.00,-70.98,-37.9,0.4,0.6,0.6,3137,-148
2031,2031.07,-312,-312.00,383.00,-71.18,-38.0,0.4,0.6,0.6,3137,-148
2032,2032.03,-312,-312.00,383.00,-71.38,-38.1,0.4,0.6,0.6,3137,-149
2033,2033.07,-312,-312.00,383.00,-71.58,-38.2,0.4,0.6,0.6,3137,-149
2034,2034.04,-312,-312.00,383.00,-71.78,-38.3,0.4,0.6,0.6,3137,-150
2035,2035.07,-312,-312.00,383.00,-71.98,-38.4,0.4,0.6,0.6,3137,-150
2036,2036.03,-312,-312.00,384.00,-72.18,-38.5,0.4,0.6,0.6,3137,-150
2037,2037.07,-312,-312.00,384.00,-72.38,-38.6,0.4,0.6,0.6,3137,-151
2038,2038.04,-312,-312.00,384.00,-72.58,-38.7,0.4,0.6,0.6,3137,-151
2039,2039.07,-312,-312.00,384.00,-72.78,-38.8,0.4,0.6,0.6,3137,-152
2040,2040.03,-312,-312.00,384.00,-72.98,-38.9,0.4,0.6,0.6,3137,-152
2041,2041.07,-312,-312.00,385.00,-73.18,-39.0,0.4,0.6,0.6,3137,-152
2042,2042.04,-312,-312.00,385.00,-73.38,-39.1,0.4,0.6,0.6,3137,-153
2043,2043.07,-312,-312.00,385.00,-73.58,-39.2,0.4,0.6,0.6,3137,-153
2044,2044.04,-312,-312.00,385.00,-73.78,-39.3,0.4,0.6,0.6,3137,-154
2045,2045.07,-312,-312.00,385.00,-73.98,-39.4,0.4,0.6,0.6,3137,-154
2046,2046.03,-312,-312.00,386.00,-74.18,-39.5,0.4,0.6,0.6,3137,-154
2047,2047.07,-312,-312.00,386.00,-74.38,-39.6,0.4,0.6,0.6,3137,-155
2048,2048.03,-312,-312.00,386.00,-74.58,-39.7,0.4,0.6,0.6,3137,-155
2049,2049.07,-312,-312.00,386.00,-74.78,-39.8,0.4,0.6,0.6,3137,-156
2050,2050.03,-312,-312.00,386.00,-74.98,-39.9,0.4,0.6,0.6,3137,-156
2051,2051.08,-312,-312.00,387.00,-75.18,-40.0,0.4,0.6,0.6,3137,-156
2052,2052.03,-312,-312.00,387.00,-75.38,-40.1,0.4,0.6,0.6,3137,-157
2053,2053.07,-312,-312.00,387.00,-75.58,-40.2,0.4,0.6,0.6,3137,-157
2054,2054.04,-312,-312.00,387.00,-75.78,-40.3,0.4,0.6,0.6,3137,-158
2055,2055.08,-312,-312.00,387.00,-75.98,-40.4,0.4,0.6,0.6,3137,-158
2056,2056.04,-312,-312.00,388.00,-76.18,-40.5,0.4,0.6,0.6,3137,-158
2057,2057.07,-312,-312.00,388.00,-76.38,-40.7,0.4,0.6,0.6,3137,-159
2058,2058.03,-312,-312.00,388.00,-76.58,-40.8,0.4,0.6,0.6,3137,-159
2059,2059.07,-312,-312.00,388.00,-76.78,-40.8,0.4,0.6,0.6,3137,-160
2060,2060.03,-312,-312.00,388.00,-76.98,-40.9,0.4,0.6,0.6,3137,-160
2061,2061.07,-312,-312.00,389.00,-77.18,-41.0,0.4,0.6,0.6,3137,-160
2062,2062.03,-312,-312.00,389.00,-77.38,-41.2,0.4,0.6,0.6,3137,-161
2063,2063.07,-312,-312.00,389.00,-77.58,-41.2,0.4,0.6,0.6,3137,-161
2064,2064.03,-312,-312.00,389.00,-77.78,-41.3,0.4,0.6,0.6,3137,-162
2065,2065.08,-312,-312.00,389.00,-77.98,-41.4,0.4,0.6,0.6,3137,-162
2066,2066.03,-312,-312.00,390.00,-78.18,-41.5,0.4,0.6,0.6,3137,-162
2067,2067.08,-312,-312.00,390.00,-78.38,-41.7,0.4,0.6,0.6,3137,-163
2068,2068.03,-312,-312.00,390.00,-78.58,-41.8,0.4,0.6,0.6,3137,-163
2069,2069.07,-312,-312.00,390.00,-78.78,-41.8,0.4,0.6,0.6,3137,-163
2070,2070.03,-312,-312.00,390.00,-78.98,-41.9,0.4,0.6,0.6,3137,-164
2071,2071.08,-312,-312.00,391.00,-79.18,-42.1,0.4,0.6,0.6,3137,-164
2072,2072.03,-312,-312.00,391.00,-79.38,-42.2,0.4,0.6,0.6,3137,-165
2073,2073.07,-312,-312.00,391.00,-79.58,-42.2,0.4,0.6,0.6,3137,-165
2074,2074.03,-313,-313.00,391.00,-78.78,-35.7,0.4,0.6,0.6,3134,-163
2075,2075.07,-313,-313.00,391.00,-78.98,-40.4,0.4,0.6,0.6,3134,-158
2076,2076.03,-314,-314.00,392.00,-78.18,-35.7,0.4,0.6,0.6,3131,-156
2077,2077.08,-314,-314.00,392.00,-78.38,-40.2,0.4,0.6,0.6,3131,-155
2078,2078.04,-314,-314.00,392.00,-78.58,-41.3,0.4,0.6,0.6,3131,-159
2079,2079.07,-314,-314.00,392.00,-78.78,-41.8,0.4,0.6,0.6,3131,-163
2080,2080.03,-313,-313.00,392.00,-79.98,-50.2,0.4,0.6,0.6,3134,-165
2081,2081.07,-313,-313.00,393.00,-80.18,-44.5,0.4,0.6,0.6,3134,-169
2082,2082.04,-313,-313.00,393.00,-80.38,-43.2,0.4,0.6,0.6,3134,-169
2083,2083.08,-313,-313.00,393.00,-80.58,-42.9,0.4,0.6,0.6,3134,-168
2084,2084.03,-313,-313.00,393.00,-80.78,-42.9,0.4,0.6,0.6,3134,-168
2085,2085.07,-313,-313.00,393.00,-80.98,-43.0,0.4,0.6,0.6,3134,-168
2086,2086.03,-314,-314.00,394.00,-80.18,-37.1,0.4,0.6,0.6,3131,-165
2087,2087.08,-314,-314.00,394.00,-80.38,-41.3,0.4,0.6,0.6,3131,-161
2088,2088.03,-314,-314.00,394.00,-80.58,-42.4,0.4,0.6,0.6,3131,-165
2089,2089.07,-314,-314.00,394.00,-80.78,-42.8,0.4,0.6,0.6,3131,-167
2090,2090.03,-314,-314.00,394.00,-80.98,-42.9,0.4,0.6,0.6,3131,-168
2091,2091.08,-314,-314.00,395.00,-81.18,-43.1,0.4,0.6,0.6,3131,-168
2092,2092.03,-314,-314.00,395.00,-81.38,-43.2,0.4,0.6,0.6,3131,-169
2093,2093.07,-313,-313.00,395.00,-82.58,-47.2,0.4,0.6,0.6,3134,-173
2094,2094.04,-313,-313.00,395.00,-82.78,-44.8,0.4,0.6,0.6,3134,-175
2095,2095.08,-313,-313.00,395.00,-82.98,-44.2,0.4,0.6,0.6,3134,-173
2096,2096.04,-313,-313.00,396.00,-83.18,-44.2,0.4,0.6,0.6,3134,-172
2097,2097.07,-314,-314.00,396.00,-82.38,-40.0,0.4,0.6,0.6,3131,-168
2098,2098.03,-314,-314.00,396.00,-82.58,-42.7,0.4,0.6,0.6,3131,-166
2099,2099.07,-314,-314.00,396.00,-82.78,-43.6,0.4,0.6,0.6,3131,-170
2100,2100.04,-314,-314.00,396.00,-82.98,-43.9,0.4,0.6,0.6,3131,-171
2101,2101.08,-314,-314.00,397.00,-83.18,-44.1,0.4,0.6,0.6,3131,-172
2102,2102.03,-314,-314.00,397.00,-83.38,-44.2,0.4,0.6,0.6,3131,-173
2103,2103.07,-314,-314.00,397.00,-83.58,-44.3,0.4,0.6,0.6,3131,-173
2104,2104.04,-314,-314.00,397.00,-83.78,-44.4,0.4,0.6,0.6,3131,-173
2105,2105.07,-313,-313.00,397.00,-84.98,-48.7,0.4,0.6,0.6,3134,-177
2106,2106.03,-313,-313.00,398.00,-85.18,-46.1,0.4,0.6,0.6,3134,-180
2107,2107.07,-313,-313.00,398.00,-85.38,-45.5,0.4,0.6,0.6,3134,-178
2108,2108.03,-314,-314.00,398.00,-84.58,-39.9,0.4,0.6,0.6,3131,-174
2109,2109.08,-314,-314.00,398.00,-84.78,-43.7,0.4,0.6,0.6,3131,-171
2110,2110.03,-314,-314.00,398.00,-84.98,-44.6,0.4,0.6,0.6,3131,-174
2111,2111.07,-314,-314.00,399.00,-85.18,-45.0,0.4,0.6,0.6,3131,-176
2112,2112.04,-314,-314.00,399.00,-85.38,-45.2,0.4,0.6,0.6,3131,-176
2113,2113.07,-314,-314.00,399.00,-85.58,-45.3,0.4,0.6,0.6,3131,-177
2114,2114.03,-314,-314.00,399.00,-85.78,-45.4,0.4,0.6,0.6,3131,-177
2115,2115.07,-314,-314.00,399.00,-85.98,-45.5,0.4,0.6,0.6,3131,-178
2116,2116.04,-314,-314.00,400.00,-86.18,-45.6,0.4,0.6,0.6,3131,-178
2117,2117.08,-313,-313.00,400.00,-87.38,-50.0,0.4,0.6,0.6,3134,-182
2118,2118.03,-313,-313.00,400.00,-87.58,-47.4,0.4,0.6,0.6,3134,-185
2119,2119.08,-314,-314.00,400.00,-86.78,-38.7,0.4,0.6,0.6,3131,-181
2120,2120.03,-314,-314.00,400.00,-86.98,-43.9,0.4,0.6,0.6,3131,-177
2121,2121.08,-314,-314.00,401.00,-87.18,-45.6,0.4,0.6,0.6,3131,-178
2122,2122.03,-314,-314.00,401.00,-87.38,-46.0,0.4,0.6,0.6,3131,-180
2123,2123.07,-314,-314.00,401.00,-87.58,-46.2,0.4,0.6,0.6,3131,-181
2124,2124.03,-314,-314.00,401.00,-87.78,-46.4,0.4,0.6,0.6,3131,-181
2125,2125.07,-314,-314.00,401.00,-87.98,-46.5,0.4,0.6,0.6,3131,-182
2126,2126.03,-314,-314.00,402.00,-88.18,-46.6,0.4,0.6,0.6,3131,-182
2127,2127.07,-314,-314.00,402.00,-88.38,-46.7,0.4,0.6,0.6,3131,-182
2128,2128.03,-313,-313.00,402.00,-89.58,-60.0,0.4,0.6,0.6,3134,-183
2129,2129.08,-313,-313.00,402.00,-89.78,-50.6,0.4,0.6,0.6,3134,-187
2130,2130.04,-313,-313.00,402.00,-89.98,-48.4,0.4,0.6,0.6,3134,-189
2131,2131.07,-314,-314.00,403.00,-89.18,-42.3,0.4,0.6,0.6,3131,-185
2132,2132.03,-314,-314.00,403.00,-89.38,-45.8,0.4,0.6,0.6,3131,-181
2133,2133.08,-314,-314.00,403.00,-89.58,-47.0,0.4,0.6,0.6,3131,-183
2134,2134.03,-314,-314.00,403.00,-89.78,-47.3,0.4,0.6,0.6,3131,-185
2135,2135.08,-314,-314.00,403.00,-89.98,-47.5,0.4,0.6,0.6,3131,-185
2136,2136.03,-314,-314.00,404.00,-90.18,-47.6,0.4,0.6,0.6,3131,-186
2137,2137.07,-314,-314.00,404.00,-90.38,-47.7,0.4,0.6,0.6,3131,-186
2138,2138.03,-314,-314.00,404.00,-90.58,-47.8,0.4,0.6,0.6,3131,-187
2139,2139.08,-314,-314.00,404.00,-90.78,-47.9,0.4,0.6,0.6,3131,-187
2140,2140.03,-314,-314.00,404.00,-90.98,-48.0,0.4,0.6,0.6,3131,-188
2141,2141.08,-314,-314.00,405.00,-91.18,-48.1,0.4,0.6,0.6,3131,-188
2142,2142.04,-314,-314.00,405.00,-91.38,-48.2,0.4,0.6,0.6,3131,-188
2143,2143.08,-314,-314.00,405.00,-91.58,-48.3,0.4,0.6,0.6,3131,-189
2144,2144.03,-314,-314.00,405.00,-91.78,-48.4,0.4,0.6,0.6,3131,-189
2145,2145.07,-314,-314.00,405.00,-91.98,-48.5,0.4,0.6,0.6,3131,-190
2146,2146.04,-314,-314.00,406.00,-92.18,-48.6,0.4,0.6,0.6,3131,-190
2147,2147.07,-314,-314.00,406.00,-92.38,-48.7,0.4,0.6,0.6,3131,-190
2148,2148.03,-314,-314.00,406.00,-92.58,-48.8,0.4,0.6,0.6,3131,-191
2149,2149.07,-314,-314.00,406.00,-92.78,-48.9,0.3,0.6,0.7,3131,-191
2150,2150.03,-314,-314.00,406.00,-92.98,-49.0,0.3,0.6,0.7,3131,-191
2151,2151.07,-314,-314.00,407.00,-93.18,-49.1,0.3,0.6,0.7,3131,-192
2152,2152.03,-314,-314.00,407.00,-93.38,-49.2,0.3,0.6,0.7,3131,-192
2153,2153.07,-314,-314.00,407.00,-93.58,-49.3,0.3,0.6,0.7,3131,-193
2154,2154.03,-314,-314.00,407.00,-93.78,-49.4,0.3,0.6,0.7,3131,-193
2155,2155.07,-314,-314.00,407.00,-93.98,-49.5,0.3,0.6,0.7,3131,-193
2156,2156.04,-314,-314.00,408.00,-94.18,-49.6,0.3,0.6,0.7,3131,-194
2157,2157.07,-314,-314.00,408.00,-94.38,-49.7,0.3,0.6,0.7,3131,-194
2158,2158.04,-314,-314.00,408.00,-94.58,-49.8,0.3,0.6,0.7,3131,-195
2159,2159.07,-314,-314.00,408.00,-94.78,-49.9,0.3,0.6,0.7,3131,-195
2160,2160.04,-314,-314.00,408.00,-94.98,-50.0,0.3,0.6,0.7,3131,-195
2161,2161.08,-314,-314.00,409.00,-95.18,-50.1,0.3,0.6,0.7,3131,-196
2162,2162.03,-314,-314.00,409.00,-95.38,-50.2,0.3,0.6,0.7,3131,-196
2163,2163.08,-314,-314.00,409.00,-95.58,-50.3,0.3,0.6,0.7,3131,-197
2164,2164.04,-314,-314.00,409.00,-95.78,-50.4,0.3,0.6,0.7,3131,-197
2165,2165.08,-314,-314.00,409.00,-95.98,-50.5,0.3,0.6,0.7,3131,-197
2166,2166.03,-314,-314.00,410.00,-96.18,-50.6,0.3,0.6,0.7,3131,-198
2167,2167.07,-314,-314.00,410.00,-96.38,-50.8,0.3,0.6,0.7,3131,-198
2168,2168.04,-314,-314.00,410.00,-96.58,-50.8,0.3,0.6,0.7,3131,-199
2169,2169.08,-314,-314.00,410.00,-96.78,-50.9,0.3,0.6,0.7,3131,-199
2170,2170.04,-314,-314.00,410.00,-96.98,-51.0,0.3,0.6,0.7,3131,-199
2171,2171.07,-314,-314.00,411.00,-97.18,-51.2,0.3,0.6,0.7,3131,-200
2172,2172.04,-314,-314.00,411.00,-97.38,-51.2,0.3,0.6,0.7,3131,-200
2173,2173.07,-314,-314.00,411.00,-97.58,-51.3,0.3,0.6,0.7,3131,-201
2174,2174.03,-314,-314.00,411.00,-97.78,-51.4,0.3,0.6,0.7,3131,-201
2175,2175.07,-314,-314.00,411.00,-97.98,-51.6,0.3,0.6,0.7,3131,-201
2176,2176.03,-314,-314.00,412.00,-98.18,-51.7,0.3,0.6,0.7,3131,-202
2177,2177.07,-314,-314.00,412.00,-98.38,-51.8,0.3,0.6,0.7,3131,-202
2178,2178.03,-314,-314.00,412.00,-98.58,-51.8,0.3,0.6,0.7,3131,-203
2179,2179.07,-314,-314.00,412.00,-98.78,-51.9,0.3,0.6,0.7,3131,-203
2180,2180.03,-314,-314.00,412.00,-98.98,-52.1,0.3,0.6,0.7,3131,-203
2181,2181.07,-314,-314.00,413.00,-99.18,-52.2,0.3,0.6,0.7,3131,-204
2182,2182.04,-314,-314.00,413.00,-99.38,-52.2,0.3,0.6,0.7,3131,-204
2183,2183.07,-314,-314.00,413.00,-99.58,-52.3,0.3,0.6,0.7,3131,-205
2184,2184.04,-314,-314.00,413.00,-99.78,-52.5,0.3,0.6,0.7,3131,-205
2185,2185.07,-314,-314.00,413.00,-99.98,-52.6,0.3,0.6,0.7,3131,-205
2186,2186.03,-314,-314.00,414.00,-100.18,-52.7,0.3,0.6,0.7,3131,-206
2187,2187.07,-314,-314.00,414.00,-100.38,-52.8,0.3,0.6,0.7,3131,-206
2188,2188.03,-314,-314.00,414.00,-100.58,-52.8,0.3,0.6,0.7,3131,-206
2189,2189.07,-314,-314.00,414.00,-100.78,-53.0,0.3,0.6,0.7,3131,-207
2190,2190.03,-314,-314.00,414.00,-100.98,-53.1,0.3,0.6,0.7,3131,-207
2191,2191.07,-314,-314.00,415.00,-101.18,-53.2,0.3,0.6,0.7,3131,-208
2192,2192.03,-314,-314.00,415.00,-101.38,-53.2,0.3,0.6,0.7,3131,-208
2193,2193.07,-314,-314.00,415.00,-101.58,-53.4,0.3,0.6,0.7,3131,-208
2194,2194.04,-314,-314.00,415.00,-101.78,-53.5,0.3,0.6,0.7,3131,-209
2195,2195.07,-314,-314.00,415.00,-101.98,-53.6,0.3,0.6,0.7,3131,-209
2196,2196.03,-314,-314.00,416.00,-102.18,-53.7,0.3,0.6,0.7,3131,-210
2197,2197.08,-314,-314.00,416.00,-102.38,-53.8,0.3,0.6,0.7,3131,-210
2198,2198.04,-314,-314.00,416.00,-102.58,-53.9,0.3,0.6,0.7,3131,-210
2199,2199.08,-314,-314.00,416.00,-102.78,-54.0,0.3,0.6,0.7,3131,-211
2200,2200.03,-314,-314.00,416.00,-102.98,-54.1,0.3,0.6,0.7,3131,-211
2201,2201.08,-314,-314.00,417.00,-103.18,-54.2,0.3,0.6,0.7,3131,-212
2202,2202.03,-314,-314.00,417.00,-103.38,-54.3,0.3,0.6,0.7,3131,-212
2203,2203.08,-314,-314.00,417.00,-103.58,-54.4,0.3,0.6,0.7,3131,-212
2204,2204.04,-314,-314.00,417.00,-103.78,-54.5,0.3,0.6,0.7,3131,-213
2205,2205.07,-314,-314.00,417.00,-103.98,-54.6,0.3,0.6,0.7,3131,-213
2206,2206.03,-314,-314.00,418.00,-104.18,-54.7,0.3,0.6,0.7,3131,-214
2207,2207.08,-314,-314.00,418.00,-104.38,-54.8,0.3,0.6,0.7,3131,-214
2208,2208.04,-314,-314.00,418.00,-104.58,-54.9,0.3,0.6,0.7,3131,-214
2209,2209.07,-314,-314.00,418.00,-104.78,-55.0,0.3,0.6,0.7,3131,-215
2210,2210.04,-314,-314.00,418.00,-104.98,-55.1,0.3,0.6,0.7,3131,-215
2211,2211.07,-314,-314.00,419.00,-105.18,-55.2,0.3,0.6,0.7,3131,-216
2212,2212.03,-314,-314.00,419.00,-105.38,-55.3,0.3,0.6,0.7,3131,-216
2213,2213.07,-314,-314.00,419.00,-105.58,-55.4,0.3,0.6,0.7,3131,-216
2214,2214.03,-314,-314.00,419.00,-105.78,-55.5,0.3,0.6,0.7,3131,-217
2215,2215.07,-314,-314.00,419.00,-105.98,-55.6,0.3,0.6,0.7,3131,-217
2216,2216.03,-314,-314.00,420.00,-106.18,-55.7,0.3,0.6,0.7,3131,-218
2217,2217.08,-314,-314.00,420.00,-106.38,-55.8,0.3,0.6,0.7,3131,-218
2218,2218.04,-314,-314.00,420.00,-106.58,-55.9,0.3,0.6,0.7,3131,-218
2219,2219.07,-314,-314.00,420.00,-106.78,-56.0,0.3,0.6,0.7,3131,-219
2220,2220.03,-314,-314.00,420.00,-106.98,-56.1,0.3,0.6,0.7,3131,-219
2221,2221.08,-314,-314.00,421.00,-107.18,-56.2,0.3,0.6,0.7,3131,-220
2222,2222.03,-314,-314.00,421.00,-107.38,-56.3,0.3,0.6,0.7,3131,-220
2223,2223.07,-314,-314.00,421.00,-107.58,-56.4,0.3,0.6,0.7,3131,-220
2224,2224.03,-314,-314.00,421.00,-107.78,-56.5,0.3,0.6,0.7,3131,-221
2225,2225.07,-314,-314.00,421.00,-107.98,-56.6,0.3,0.6,0.7,3131,-221
2226,2226.03,-314,-314.00,422.00,-108.18,-56.7,0.3,0.6,0.7,3131,-221
2227,2227.07,-314,-314.00,422.00,-108.38,-56.8,0.3,0.6,0.7,3131,-222
2228,2228.03,-314,-314.00,422.00,-108.58,-56.9,0.3,0.6,0.7,3131,-222
2229,2229.07,-314,-314.00,422.00,-108.78,-57.0,0.3,0.6,0.7,3131,-223
2230,2230.03,-314,-314.00,422.00,-108.98,-57.1,0.3,0.6,0.7,3131,-223
2231,2231.08,-314,-314.00,423.00,-109.18,-57.2,0.3,0.6,0.7,3131,-223
2232,2232.04,-314,-314.00,423.00,-109.38,-57.3,0.3,0.6,0.7,3131,-224
2233,2233.07,-314,-314.00,423.00,-109.58,-57.4,0.3,0.6,0.7,3131,-224
2234,2234.03,-314,-314.00,423.00,-109.78,-57.5,0.3,0.6,0.7,3131,-225
2235,2235.07,-314,-314.00,423.00,-109.98,-57.6,0.3,0.6,0.7,3131,-225
2236,2236.04,-314,-314.00,424.00,-110.18,-57.7,0.3,0.6,0.7,3131,-225
2237,2237.07,-314,-314.00,424.00,-110.38,-57.8,0.3,0.6,0.7,3131,-226
2238,2238.03,-314,-314.00,424.00,-110.58,-57.9,0.3,0.6,0.7,3131,-226
2239,2239.07,-314,-314.00,424.00,-110.78,-58.0,0.3,0.6,0.7,3131,-227
2240,2240.03,-314,-314.00,424.00,-110.98,-58.1,0.3,0.6,0.7,3131,-227
2241,2241.07,-314,-314.00,425.00,-111.18,-58.2,0.3,0.6,0.7,3131,-227
2242,2242.03,-314,-314.00,425.00,-111.38,-58.3,0.3,0.6,0.7,3131,-228
2243,2243.07,-314,-314.00,425.00,-111.58,-58.4,0.3,0.6,0.7,3131,-228
2244,2244.03,-314,-314.00,425.00,-111.78,-58.5,0.3,0.6,0.7,3131,-229
2245,2245.07,-314,-314.00,425.00,-111.98,-58.6,0.3,0.6,0.7,3131,-229
2246,2246.03,-314,-314.00,426.00,-112.18,-58.7,0.3,0.6,0.7,3131,-229
2247,2247.07,-314,-314.00,426.00,-112.38,-58.8,0.3,0.6,0.7,3131,-230
2248,2248.03,-314,-314.00,426.00,-112.58,-58.9,0.3,0.6,0.7,3131,-230
2249,2249.07,-314,-314.00,426.00,-112.78,-59.0,0.3,0.6,0.7,3131,-231
2250,2250.03,-314,-314.00,426.00,-112.98,-59.1,0.3,0.6,0.7,3131,-231
2251,2251.07,-314,-314.00,427.00,-113.18,-59.2,0.3,0.6,0.7,3131,-231
2252,2252.03,-314,-314.00,427.00,-113.38,-59.3,0.3,0.6,0.7,3131,-232
2253,2253.07,-314,-314.00,427.00,-113.58,-59.4,0.3,0.6,0.7,3131,-232
2254,2254.03,-314,-314.00,427.00,-113.78,-59.5,0.3,0.6,0.7,3131,-233
2255,2255.08,-314,-314.00,427.00,-113.98,-59.6,0.3,0.6,0.7,3131,-233
2256,2256.04,-314,-314.00,428.00,-114.18,-59.7,0.3,0.6,0.7,3131,-233
2257,2257.07,-314,-314.00,428.00,-114.38,-59.8,0.3,0.6,0.7,3131,-234
2258,2258.03,-314,-314.00,428.00,-114.58,-59.9,0.3,0.6,0.7,3131,-234
2259,2259.07,-314,-314.00,428.00,-114.78,-60.0,0.3,0.6,0.7,3131,-235
2260,2260.03,-314,-314.00,428.00,-114.98,-60.1,0.3,0.6,0.7,3131,-235
2261,2261.07,-314,-314.00,429.00,-115.18,-60.2,0.3,0.6,0.7,3131,-235
2262,2262.03,-314,-314.00,429.00,-115.38,-60.3,0.3,0.6,0.7,3131,-236
2263,2263.07,-314,-314.00,429.00,-115.58,-60.4,0.3,0.6,0.7,3131,-236
2264,2264.03,-314,-314.00,429.00,-115.78,-60.5,0.3,0.6,0.7,3131,-236
2265,2265.07,-314,-314.00,429.00,-115.98,-60.6,0.3,0.6,0.7,3131,-237
2266,2266.03,-314,-314.00,430.00,-116.18,-60.8,0.3,0.6,0.7,3131,-237
2267,2267.07,-314,-314.00,430.00,-116.38,-60.8,0.3,0.6,0.7,3131,-238
2268,2268.03,-314,-314.00,430.00,-116.58,-60.9,0.3,0.6,0.7,3131,-238
2269,2269.07,-314,-314.00,430.00,-116.78,-61.0,0.3,0.6,0.7,3131,-238
2270,2270.03,-314,-314.00,430.00,-116.98,-61.1,0.3,0.7,0.7,3131,-239
2271,2271.07,-314,-314.00,431.00,-117.18,-61.2,0.3,0.7,0.7,3131,-239
2272,2272.03,-314,-314.00,431.00,-117.38,-61.3,0.3,0.7,0.7,3131,-240
2273,2273.08,-314,-314.00,431.00,-117.58,-61.4,0.3,0.7,0.7,3131,-240
2274,2274.03,-314,-314.00,431.00,-117.78,-61.5,0.3,0.7,0.7,3131,-240
2275,2275.07,-314,-314.00,431.00,-117.98,-61.7,0.3,0.7,0.7,3131,-241
2276,2276.03,-314,-314.00,432.00,-118.18,-61.8,0.3,0.7,0.7,3131,-241
2277,2277.07,-314,-314.00,432.00,-118.38,-61.8,0.3,0.7,0.7,3131,-242
2278,2278.03,-314,-314.00,432.00,-118.58,-61.9,0.3,0.7,0.7,3131,-242
2279,2279.07,-314,-314.00,432.00,-118.78,-62.1,0.3,0.7,0.7,3131,-242
2280,2280.03,-314,-314.00,432.00,-118.98,-62.2,0.3,0.7,0.7,3131,-243
2281,2281.07,-314,-314.00,433.00,-119.18,-62.2,0.3,0.7,0.7,3131,-243
2282,2282.03,-314,-314.00,433.00,-119.38,-62.3,0.3,0.7,0.7,3131,-244
2283,2283.07,-315,-315.00,433.00,-118.58,-54.6,0.3,0.7,0.7,3128,-242
2284,2284.04,-317,-317.00,433.00,-116.78,-45.1,0.3,0.7,0.7,3121,-238
2285,2285.07,-318,-318.00,433.00,-115.98,-44.5,0.3,0.7,0.7,3118,-235
2286,2286.03,-322,-322.00,434.00,-112.18,-23.3,0.3,0.7,0.7,3106,-231
2287,2287.07,-325,-325.00,434.00,-109.38,-26.0,0.3,0.7,0.7,3097,-227
2288,2288.03,-326,-326.00,434.00,-108.58,-47.3,0.3,0.7,0.7,3094,-223
2289,2289.08,-329,-329.00,434.00,-105.78,-34.3,0.3,0.7,0.7,3085,-219
2290,2290.03,-331,-331.00,434.00,-103.98,-36.7,0.3,0.7,0.7,3078,-215
2291,2291.07,-333,-333.00,435.00,-102.18,-37.0,0.3,0.7,0.7,3072,-211
2292,2292.03,-334,-334.00,435.00,-101.38,-41.9,0.3,0.7,0.7,3069,-207
2293,2293.07,-334,-334.00,435.00,-101.58,-50.5,0.3,0.7,0.7,3069,-203
2294,2294.03,-334,-334.00,435.00,-101.78,-52.7,0.3,0.7,0.7,3069,-204
2295,2295.07,-333,-333.00,435.00,-102.98,-62.1,0.3,0.7,0.7,3072,-208
2296,2296.03,-332,-332.00,436.00,-104.18,-64.0,0.3,0.7,0.7,3075,-212
2297,2297.07,-332,-332.00,436.00,-104.38,-51.5,0.3,0.7,0.7,3075,-215
2298,2298.03,-331,-331.00,436.00,-105.58,-61.6,0.3,0.7,0.7,3078,-215
2299,2299.07,-329,-329.00,436.00,-107.78,-69.3,0.3,0.7,0.7,3085,-219
2300,2300.03,-327,-327.00,436.00,-109.98,-74.8,0.3,0.7,0.7,3091,-223
2301,2301.07,-325,-325.00,437.00,-112.18,-79.4,0.3,0.7,0.7,3097,-227
2302,2302.03,-324,-324.00,437.00,-113.38,-74.4,0.3,0.7,0.7,3100,-231
2303,2303.07,-324,-324.00,437.00,-113.58,-63.2,0.3,0.7,0.7,3100,-235
2304,2304.03,-323,-323.00,437.00,-114.78,-65.6,0.3,0.7,0.7,3103,-239
2305,2305.07,-324,-324.00,437.00,-113.98,-54.1,0.3,0.7,0.7,3100,-239
2306,2306.04,-325,-325.00,438.00,-113.18,-46.2,0.3,0.7,0.7,3097,-235
2307,2307.07,-326,-326.00,438.00,-112.38,-45.2,0.3,0.7,0.7,3094,-231
2308,2308.03,-327,-327.00,438.00,-111.58,-46.4,0.3,0.7,0.7,3091,-227
2309,2309.07,-326,-326.00,438.00,-112.78,-63.0,0.3,0.7,0.7,3094,-227
2310,2310.03,-327,-327.00,438.00,-111.98,-52.1,0.3,0.7,0.7,3091,-227
2311,2311.07,-328,-328.00,439.00,-111.18,-46.9,0.3,0.7,0.7,3088,-222
2312,2312.04,-328,-328.00,439.00,-111.38,-55.1,0.3,0.7,0.7,3088,-219
2313,2313.07,-328,-328.00,439.00,-111.58,-57.6,0.3,0.7,0.7,3088,-222
2314,2314.03,-328,-328.00,439.00,-111.78,-58.3,0.3,0.7,0.7,3088,-225
2315,2315.07,-328,-328.00,439.00,-111.98,-58.6,0.3,0.7,0.7,3088,-229
2316,2316.03,-328,-328.00,440.00,-112.18,-58.7,0.3,0.7,0.7,3088,-229
2317,2317.07,-328,-328.00,440.00,-112.38,-58.8,0.3,0.7,0.7,3088,-230
2318,2318.03,-327,-327.00,440.00,-113.58,-64.1,0.3,0.7,0.7,3091,-233
2319,2319.08,-327,-327.00,440.00,-113.78,-60.7,0.3,0.7,0.7,3091,-237
2320,2320.03,-326,-326.00,440.00,-114.98,-64.8,0.3,0.7,0.7,3094,-240
2321,2321.07,-326,-326.00,441.00,-115.18,-61.4,0.3,0.7,0.7,3094,-241
2322,2322.03,-326,-326.00,441.00,-115.38,-60.7,0.3,0.7,0.7,3094,-237
2323,2323.07,-326,-326.00,441.00,-115.58,-60.5,0.3,0.7,0.7,3094,-236
2324,2324.03,-326,-326.00,441.00,-115.78,-60.6,0.3,0.7,0.7,3094,-237
2325,2325.07,-326,-326.00,441.00,-115.98,-60.7,0.3,0.7,0.7,3094,-237
2326,2326.03,-326,-326.00,442.00,-116.18,-60.8,0.3,0.7,0.7,3094,-237
2327,2327.07,-327,-327.00,442.00,-115.38,-56.1,0.3,0.7,0.7,3091,-234
2328,2328.03,-327,-327.00,442.00,-115.58,-59.2,0.3,0.7,0.7,3091,-231
2329,2329.07,-327,-327.00,442.00,-115.78,-60.2,0.3,0.7,0.7,3091,-235
2330,2330.03,-327,-327.00,442.00,-115.98,-60.6,0.3,0.7,0.7,3091,-237
2331,2331.07,-327,-327.00,443.00,-116.18,-60.7,0.3,0.7,0.7,3091,-237
2332,2332.03,-327,-327.00,443.00,-116.38,-60.8,0.3,0.7,0.7,3091,-238
2333,2333.07,-327,-327.00,443.00,-116.58,-60.9,0.3,0.7,0.7,3091,-238
2334,2334.03,-327,-327.00,443.00,-116.78,-61.0,0.3,0.7,0.7,3091,-238
2335,2335.07,-327,-327.00,443.00,-116.98,-61.2,0.3,0.7,0.7,3091,-239
2336,2336.03,-327,-327.00,444.00,-117.18,-61.2,0.3,0.7,0.7,3091,-239
2337,2337.07,-327,-327.00,444.00,-117.38,-61.3,0.3,0.7,0.7,3091,-240
2338,2338.03,-327,-327.00,444.00,-117.58,-61.4,0.3,0.7,0.7,3091,-240
2339,2339.07,-327,-327.00,444.00,-117.78,-61.6,0.3,0.7,0.7,3091,-240
2340,2340.03,-327,-327.00,444.00,-117.98,-61.7,0.3,0.7,0.7,3091,-241
2341,2341.07,-328,-328.00,445.00,-117.18,-57.4,0.3,0.7,0.7,3088,-237
2342,2342.03,-328,-328.00,445.00,-117.38,-60.2,0.3,0.7,0.7,3088,-235
2343,2343.08,-328,-328.00,445.00,-117.58,-61.2,0.3,0.7,0.7,3088,-239
2344,2344.03,-328,-328.00,445.00,-117.78,-61.5,0.3,0.7,0.7,3088,-240
2345,2345.08,-328,-328.00,445.00,-117.98,-61.6,0.3,0.7,0.7,3088,-241
2346,2346.03,-328,-328.00,446.00,-118.18,-61.8,0.3,0.7,0.7,3088,-241
2347,2347.07,-327,-327.00,446.00,-119.38,-66.0,0.3,0.7,0.7,3091,-245
2348,2348.03,-327,-327.00,446.00,-119.58,-63.5,0.3,0.7,0.7,3091,-248
2349,2349.07,-327,-327.00,446.00,-119.78,-62.8,0.3,0.7,0.7,3091,-245
2350,2350.04,-327,-327.00,446.00,-119.98,-62.7,0.3,0.7,0.7,3091,-245
2351,2351.07,-327,-327.00,447.00,-120.18,-62.8,0.3,0.7,0.7,3091,-245
2352,2352.03,-328,-328.00,447.00,-119.38,-50.7,0.3,0.7,0.7,3088,-245
2353,2353.07,-328,-328.00,447.00,-119.58,-59.5,0.3,0.7,0.7,3088,-241
2354,2354.03,-328,-328.00,447.00,-119.78,-61.7,0.3,0.7,0.7,3088,-240
2355,2355.07,-328,-328.00,447.00,-119.98,-62.4,0.3,0.7,0.7,3088,-244
2356,2356.03,-328,-328.00,448.00,-120.18,-62.7,0.3,0.7,0.7,3088,-245
2357,2357.07,-328,-328.00,448.00,-120.38,-62.8,0.3,0.7,0.7,3088,-245
2358,2358.04,-328,-328.00,448.00,-120.58,-63.0,0.3,0.7,0.7,3088,-246
2359,2359.07,-328,-328.00,448.00,-120.78,-63.1,0.3,0.7,0.7,3088,-246
2360,2360.03,-327,-327.00,448.00,-121.98,-70.2,0.3,0.7,0.7,3091,-249
2361,2361.07,-327,-327.00,449.00,-122.18,-65.4,0.3,0.7,0.7,3091,-250
2362,2362.03,-327,-327.00,449.00,-122.38,-64.3,0.3,0.7,0.7,3091,-250
2363,2363.08,-327,-327.00,449.00,-122.58,-64.1,0.3,0.7,0.7,3091,-250
2364,2364.03,-327,-327.00,449.00,-122.78,-64.1,0.3,0.7,0.7,3091,-250
2365,2365.07,-328,-328.00,449.00,-121.98,-60.2,0.3,0.7,0.7,3088,-246
2366,2366.03,-328,-328.00,450.00,-122.18,-62.8,0.3,0.7,0.7,3088,-245
2367,2367.07,-328,-328.00,450.00,-122.38,-63.6,0.3,0.7,0.7,3088,-249
2368,2368.03,-328,-328.00,450.00,-122.58,-63.9,0.3,0.7,0.7,3088,-250
2369,2369.07,-328,-328.00,450.00,-122.78,-64.1,0.3,0.7,0.7,3088,-250
2370,2370.03,-328,-328.00,450.00,-122.98,-64.2,0.3,0.7,0.7,3088,-250
2371,2371.07,-328,-328.00,451.00,-123.18,-64.2,0.3,0.7,0.7,3088,-250
2372,2372.03,-328,-328.00,451.00,-123.38,-64.4,0.3,0.7,0.7,3088,-250
2373,2373.07,-327,-327.00,451.00,-124.58,-73.6,0.3,0.7,0.7,3091,-250
2374,2374.03,-327,-327.00,451.00,-124.78,-67.5,0.3,0.7,0.7,3091,-250
2375,2375.07,-327,-327.00,451.00,-124.98,-65.8,0.3,0.7,0.7,3091,-250
2376,2376.03,-327,-327.00,452.00,-125.18,-65.4,0.3,0.7,0.7,3091,-250
2377,2377.07,-326,-326.00,452.00,-126.38,-71.0,0.3,0.7,0.7,3094,-250
2378,2378.03,-326,-326.00,452.00,-126.58,-67.4,0.3,0.7,0.7,3094,-250
2379,2379.07,-326,-326.00,452.00,-126.78,-66.4,0.3,0.7,0.7,3094,-250
2380,2380.03,-327,-327.00,452.00,-125.98,-57.1,0.3,0.7,0.7,3091,-249
2381,2381.07,-327,-327.00,453.00,-126.18,-63.6,0.3,0.7,0.7,3091,-246
2382,2382.04,-327,-327.00,453.00,-126.38,-65.2,0.3,0.7,0.7,3091,-250
2383,2383.07,-328,-328.00,453.00,-125.58,-57.7,0.3,0.7,0.7,3088,-248
2384,2384.03,-328,-328.00,453.00,-125.78,-63.4,0.3,0.7,0.7,3088,-246
2385,2385.07,-328,-328.00,453.00,-125.98,-65.1,0.3,0.7,0.7,3088,-250
2386,2386.04,-328,-328.00,454.00,-126.18,-65.6,0.3,0.7,0.7,3088,-250
2387,2387.07,-327,-327.00,454.00,-127.38,-73.4,0.3,0.7,0.7,3091,-250
2388,2388.03,-327,-327.00,454.00,-127.58,-68.4,0.3,0.7,0.7,3091,-250
2389,2389.07,-327,-327.00,454.00,-127.78,-67.1,0.3,0.7,0.7,3091,-250
2390,2390.03,-327,-327.00,454.00,-127.98,-66.8,0.3,0.7,0.7,3091,-250
2391,2391.07,-327,-327.00,455.00,-128.18,-66.8,0.3,0.7,0.7,3091,-250
2392,2392.03,-326,-326.00,455.00,-129.38,-74.1,0.3,0.7,0.7,3094,-250
2393,2393.07,-326,-326.00,455.00,-129.58,-69.2,0.3,0.7,0.7,3094,-250
2394,2394.03,-327,-327.00,455.00,-128.78,-58.5,0.3,0.7,0.7,3091,-249
2395,2395.07,-327,-327.00,455.00,-128.98,-65.0,0.3,0.7,0.7,3091,-248
2396,2396.03,-327,-327.00,456.00,-129.18,-66.7,0.3,0.7,0.7,3091,-250
2397,2397.07,-327,-327.00,456.00,-129.38,-67.2,0.3,0.7,0.7,3091,-250
2398,2398.04,-327,-327.00,456.00,-129.58,-67.4,0.3,0.7,0.7,3091,-250
2399,2399.07,-327,-327.00,456.00,-129.78,-67.6,0.3,0.7,0.7,3091,-250
2400,2400.04,-327,-327.00,456.00,-129.98,-67.7,0.3,0.7,0.7,3091,-250
2401,2401.07,-327,-327.00,457.00,-130.18,-67.8,0.3,0.7,0.7,3091,-250
2402,2402.03,-327,-327.00,457.00,-130.38,-67.9,0.3,0.7,0.7,3091,-250
2403,2403.07,-327,-327.00,457.00,-130.58,-68.0,0.3,0.7,0.7,3091,-250
2404,2404.03,-327,-327.00,457.00,-130.78,-68.1,0.3,0.7,0.7,3091,-250
2405,2405.07,-327,-327.00,457.00,-130.98,-68.2,0.3,0.7,0.7,3091,-250
2406,2406.04,-327,-327.00,458.00,-131.18,-68.3,0.3,0.7,0.7,3091,-250
2407,2407.07,-327,-327.00,458.00,-131.38,-68.4,0.3,0.7,0.7,3091,-250
2408,2408.03,-327,-327.00,458.00,-131.58,-68.5,0.3,0.7,0.7,3091,-250
2409,2409.07,-327,-327.00,458.00,-131.78,-68.6,0.3,0.7,0.7,3091,-250
2410,2410.03,-327,-327.00,458.00,-131.98,-68.7,0.3,0.7,0.7,3091,-250
2411,2411.07,-327,-327.00,459.00,-132.18,-68.8,0.3,0.7,0.7,3091,-250
2412,2412.03,-327,-327.00,459.00,-132.38,-68.9,0.3,0.7,0.7,3091,-250
2413,2413.07,-327,-327.00,459.00,-132.58,-69.0,0.3,0.7,0.7,3091,-250
2414,2414.03,-327,-327.00,459.00,-132.78,-69.1,0.3,0.7,0.7,3091,-250
2415,2415.07,-327,-327.00,459.00,-132.98,-69.2,0.3,0.7,0.7,3091,-250
2416,2416.03,-327,-327.00,460.00,-133.18,-69.3,0.3,0.7,0.7,3091,-250
2417,2417.07,-327,-327.00,460.00,-133.38,-69.4,0.3,0.7,0.7,3091,-250
2418,2418.03,-327,-327.00,460.00,-133.58,-69.5,0.3,0.7,0.7,3091,-250
2419,2419.07,-327,-327.00,460.00,-133.78,-69.6,0.3,0.7,0.7,3091,-250
2420,2420.03,-327,-327.00,460.00,-133.98,-69.8,0.3,0.7,0.7,3091,-250
2421,2421.07,-327,-327.00,461.00,-134.18,-69.8,0.3,0.7,0.7,3091,-250
2422,2422.03,-327,-327.00,461.00,-134.38,-69.9,0.3,0.7,0.7,3091,-250
2423,2423.07,-327,-327.00,461.00,-134.58,-70.1,0.3,0.7,0.7,3091,-250
2424,2424.03,-327,-327.00,461.00,-134.78,-70.1,0.3,0.7,0.7,3091,-250
2425,2425.07,-327,-327.00,461.00,-134.98,-70.2,0.3,0.7,0.7,3091,-250
2426,2426.03,-327,-327.00,462.00,-135.18,-70.3,0.3,0.7,0.7,3091,-250
2427,2427.07,-327,-327.00,462.00,-135.38,-70.4,0.3,0.7,0.7,3091,-250
2428,2428.03,-327,-327.00,462.00,-135.58,-70.6,0.3,0.7,0.7,3091,-250
2429,2429.07,-327,-327.00,462.00,-135.78,-70.6,0.3,0.7,0.7,3091,-250
2430,2430.03,-327,-327.00,462.00,-135.98,-70.8,0.3,0.7,0.7,3091,-250
2431,2431.07,-327,-327.00,463.00,-136.18,-70.8,0.3,0.7,0.7,3091,-250
2432,2432.03,-327,-327.00,463.00,-136.38,-70.9,0.3,0.7,0.7,3091,-250
2433,2433.07,-327,-327.00,463.00,-136.58,-71.1,0.3,0.7,0.7,3091,-250
2434,2434.03,-327,-327.00,463.00,-136.78,-71.1,0.3,0.7,0.7,3091,-250
2435,2435.08,-327,-327.00,463.00,-136.98,-71.2,0.3,0.7,0.7,3091,-250
2436,2436.03,-327,-327.00,464.00,-137.18,-71.3,0.3,0.7,0.7,3091,-250
2437,2437.07,-327,-327.00,464.00,-137.38,-71.4,0.3,0.7,0.7,3091,-250
2438,2438.03,-327,-327.00,464.00,-137.58,-71.6,0.3,0.7,0.7,3091,-250
2439,2439.07,-327,-327.00,464.00,-137.78,-71.6,0.3,0.7,0.7,3091,-250
2440,2440.03,-327,-327.00,464.00,-137.98,-71.8,0.3,0.7,0.7,3091,-250
2441,2441.07,-327,-327.00,465.00,-138.18,-71.9,0.3,0.7,0.7,3091,-250
2442,2442.03,-327,-327.00,465.00,-138.38,-71.9,0.3,0.7,0.7,3091,-250
2443,2443.08,-327,-327.00,465.00,-138.58,-72.1,0.3,0.7,0.7,3091,-250
2444,2444.04,-327,-327.00,465.00,-138.78,-72.1,0.3,0.7,0.7,3091,-250
2445,2445.07,-327,-327.00,465.00,-138.98,-72.2,0.3,0.7,0.7,3091,-250
2446,2446.03,-327,-327.00,466.00,-139.18,-72.4,0.3,0.7,0.7,3091,-250
2447,2447.07,-327,-327.00,466.00,-139.38,-72.4,0.3,0.7,0.7,3091,-250
2448,2448.03,-327,-327.00,466.00,-139.58,-72.6,0.3,0.7,0.7,3091,-250
2449,2449.07,-327,-327.00,466.00,-139.78,-72.7,0.3,0.7,0.7,3091,-250
2450,2450.03,-327,-327.00,466.00,-139.98,-72.8,0.3,0.7,0.7,3091,-250
2451,2451.07,-327,-327.00,467.00,-140.18,-72.9,0.3,0.7,0.7,3091,-250
2452,2452.03,-327,-327.00,467.00,-140.38,-72.9,0.3,0.7,0.7,3091,-250
2453,2453.07,-327,-327.00,467.00,-140.58,-73.1,0.3,0.7,0.7,3091,-250
2454,2454.03,-327,-327.00,467.00,-140.78,-73.2,0.3,0.7,0.7,3091,-250
2455,2455.07,-327,-327.00,467.00,-140.98,-73.2,0.3,0.7,0.7,3091,-250
2456,2456.03,-327,-327.00,468.00,-141.18,-73.4,0.3,0.7,0.7,3091,-250
2457,2457.07,-327,-327.00,468.00,-141.38,-73.4,0.3,0.7,0.7,3091,-250
2458,2458.03,-327,-327.00,468.00,-141.58,-73.6,0.3,0.7,0.7,3091,-250
2459,2459.07,-327,-327.00,468.00,-141.78,-73.7,0.3,0.7,0.7,3091,-250
2460,2460.03,-327,-327.00,468.00,-141.98,-73.8,0.3,0.7,0.7,3091,-250
2461,2461.07,-327,-327.00,469.00,-142.18,-73.9,0.3,0.7,0.7,3091,-250
2462,2462.03,-327,-327.00,469.00,-142.38,-73.9,0.3,0.7,0.7,3091,-250
2463,2463.07,-327,-327.00,469.00,-142.58,-74.1,0.3,0.7,0.7,3091,-250
2464,2464.03,-327,-327.00,469.00,-142.78,-74.2,0.3,0.7,0.7,3091,-250
2465,2465.07,-327,-327.00,469.00,-142.98,-74.2,0.3,0.7,0.7,3091,-250
2466,2466.03,-327,-327.00,470.00,-143.18,-74.4,0.3,0.7,0.7,3091,-250
2467,2467.07,-327,-327.00,470.00,-143.38,-74.5,0.3,0.7,0.7,3091,-250
2468,2468.03,-327,-327.00,470.00,-143.58,-74.6,0.3,0.7,0.7,3091,-250
2469,2469.07,-327,-327.00,470.00,-143.78,-74.7,0.3,0.7,0.7,3091,-250
2470,2470.11,-327,-327.00,470.00,-143.99,-74.8,0.3,0.7,0.7,3091,-250
2471,2471.07,-327,-327.00,471.00,-144.18,-74.9,0.3,0.7,0.7,3091,-250
2472,2472.03,-327,-327.00,471.00,-144.38,-75.0,0.3,0.7,0.7,3091,-250
2473,2473.07,-327,-327.00,471.00,-144.58,-75.1,0.3,0.7,0.7,3091,-250
2474,2474.03,-327,-327.00,471.00,-144.78,-75.2,0.3,0.7,0.7,3091,-250
2475,2475.07,-327,-327.00,471.00,-144.98,-75.3,0.3,0.7,0.7,3091,-250
2476,2476.03,-327,-327.00,472.00,-145.18,-75.4,0.3,0.7,0.7,3091,-250
2477,2477.07,-327,-327.00,472.00,-145.38,-75.5,0.3,0.7,0.7,3091,-250
2478,2478.11,-327,-327.00,472.00,-145.59,-75.6,0.3,0.7,0.7,3091,-250
2479,2479.07,-327,-327.00,472.00,-145.78,-75.7,0.3,0.7,0.7,3091,-250
2480,2480.11,-327,-327.00,472.00,-145.99,-75.8,0.3,0.7,0.7,3091,-250
2481,2481.07,-327,-327.00,473.00,-146.18,-75.9,0.3,0.7,0.7,3091,-250
2482,2482.03,-327,-327.00,473.00,-146.38,-76.0,0.3,0.7,0.7,3091,-250
2483,2483.07,-327,-327.00,473.00,-146.58,-76.1,0.3,0.7,0.7,3091,-250
2484,2484.03,-327,-327.00,473.00,-146.78,-76.2,0.3,0.7,0.7,3091,-250
2485,2485.07,-327,-327.00,473.00,-146.98,-76.3,0.3,0.7,0.7,3091,-250
2486,2486.03,-327,-327.00,474.00,-147.18,-76.4,0.3,0.7,0.7,3091,-250
2487,2487.07,-327,-327.00,474.00,-147.38,-76.5,0.3,0.7,0.7,3091,-250
2488,2488.03,-327,-327.00,474.00,-147.58,-76.6,0.3,0.7,0.7,3091,-250
2489,2489.07,-327,-327.00,474.00,-147.78,-76.7,0.3,0.7,0.7,3091,-250
2490,2490.11,-327,-327.00,474.00,-147.99,-76.8,0.3,0.7,0.7,3091,-250
2491,2491.07,-327,-327.00,475.00,-148.18,-76.9,0.3,0.7,0.7,3091,-250
2492,2492.03,-327,-327.00,475.00,-148.38,-77.0,0.3,0.7,0.7,3091,-250
2493,2493.07,-327,-327.00,475.00,-148.58,-77.1,0.3,0.7,0.7,3091,-250
2494,2494.11,-327,-327.00,475.00,-148.79,-77.2,0.3,0.7,0.7,3091,-250
2495,2495.07,-327,-327.00,475.00,-148.98,-77.3,0.3,0.7,0.7,3091,-250
2496,2496.11,-327,-327.00,476.00,-149.19,-77.4,0.3,0.7,0.7,3091,-250
2497,2497.07,-327,-327.00,476.00,-149.38,-77.5,0.3,0.7,0.7,3091,-250
2498,2498.11,-327,-327.00,476.00,-149.59,-77.6,0.3,0.7,0.7,3091,-250
2499,2499.07,-327,-327.00,476.00,-149.78,-77.7,0.3,0.7,0.7,3091,-250
2500,2500.03,-327,-327.00,476.00,-149.98,-77.8,0.3,0.7,0.7,3091,-250
2501,2501.07,-327,-327.00,477.00,-150.18,-77.9,0.3,0.7,0.7,3091,-250
2502,2502.11,-327,-327.00,477.00,-150.39,-78.0,0.3,0.7,0.7,3091,-250
2503,2503.07,-327,-327.00,477.00,-150.58,-78.1,0.3,0.7,0.7,3091,-250
2504,2504.03,-327,-327.00,477.00,-150.78,-78.2,0.3,0.7,0.7,3091,-250
2505,2505.07,-327,-327.00,477.00,-150.98,-78.3,0.3,0.7,0.7,3091,-250
2506,2506.03,-327,-327.00,478.00,-151.18,-78.4,0.3,0.7,0.7,3091,-250
2507,2507.07,-327,-327.00,478.00,-151.38,-78.5,0.3,0.7,0.7,3091,-250
2508,2508.03,-327,-327.00,478.00,-151.58,-78.6,0.3,0.7,0.7,3091,-250
2509,2509.07,-327,-327.00,478.00,-151.78,-78.7,0.3,0.7,0.7,3091,-250
2510,2510.11,-327,-327.00,478.00,-151.99,-78.8,0.3,0.7,0.7,3091,-250
2511,2511.07,-327,-327.00,479.00,-152.18,-78.9,0.3,0.7,0.7,3091,-250
2512,2512.03,-327,-327.00,479.00,-152.38,-79.0,0.3,0.7,0.7,3091,-250
2513,2513.07,-327,-327.00,479.00,-152.58,-79.1,0.3,0.7,0.7,3091,-250
2514,2514.03,-327,-327.00,479.00,-152.78,-79.2,0.3,0.7,0.7,3091,-250
2515,2515.07,-327,-327.00,479.00,-152.98,-79.3,0.3,0.7,0.7,3091,-250
2516,2516.03,-327,-327.00,480.00,-153.18,-79.4,0.3,0.7,0.7,3091,-250
2517,2517.07,-327,-327.00,480.00,-153.38,-79.5,0.3,0.7,0.7,3091,-250
2518,2518.03,-327,-327.00,480.00,-153.58,-79.6,0.3,0.7,0.7,3091,-250
2519,2519.07,-327,-327.00,480.00,-153.78,-79.8,0.3,0.7,0.7,3091,-250
2520,2520.11,-327,-327.00,480.00,-153.99,-79.8,0.3,0.7,0.7,3091,-250
2521,2521.07,-327,-327.00,481.00,-154.18,-79.9,0.3,0.7,0.7,3091,-250
2522,2522.03,-327,-327.00,481.00,-154.38,-80.0,0.3,0.7,0.7,3091,-250
2523,2523.07,-327,-327.00,481.00,-154.58,-80.1,0.3,0.7,0.7,3091,-250
2524,2524.11,-327,-327.00,481.00,-154.79,-80.2,0.3,0.7,0.7,3091,-250
2525,2525.07,-327,-327.00,481.00,-154.98,-80.3,0.3,0.7,0.7,3091,-250
2526,2526.03,-327,-327.00,482.00,-155.18,-80.4,0.3,0.7,0.7,3091,-250
2527,2527.07,-327,-327.00,482.00,-155.38,-80.6,0.3,0.7,0.7,3091,-250
2528,2528.03,-327,-327.00,482.00,-155.58,-80.6,0.3,0.7,0.7,3091,-250
2529,2529.07,-327,-327.00,482.00,-155.78,-80.8,0.3,0.7,0.7,3091,-250
2530,2530.11,-327,-327.00,482.00,-155.99,-80.8,0.3,0.7,0.7,3091,-250
2531,2531.07,-327,-327.00,483.00,-156.18,-80.9,0.3,0.7,0.7,3091,-250
2532,2532.11,-327,-327.00,483.00,-156.39,-81.1,0.3,0.7,0.7,3091,-250
2533,2533.07,-327,-327.00,483.00,-156.58,-81.1,0.3,0.7,0.7,3091,-250
2534,2534.03,-327,-327.00,483.00,-156.78,-81.2,0.3,0.7,0.7,3091,-250
2535,2535.07,-327,-327.00,483.00,-156.98,-81.3,0.3,0.7,0.7,3091,-250
2536,2536.03,-327,-327.00,484.00,-157.18,-81.4,0.3,0.7,0.7,3091,-250
2537,2537.07,-327,-327.00,484.00,-157.38,-81.6,0.3,0.7,0.7,3091,-250
2538,2538.11,-327,-327.00,484.00,-157.59,-81.6,0.3,0.7,0.7,3091,-250
2539,2539.07,-327,-327.00,484.00,-157.78,-81.8,0.3,0.7,0.7,3091,-250
2540,2540.11,-327,-327.00,484.00,-157.99,-81.9,0.3,0.7,0.7,3091,-250
2541,2541.07,-327,-327.00,485.00,-158.18,-81.9,0.3,0.7,0.7,3091,-250
2542,2542.11,-327,-327.00,485.00,-158.39,-82.1,0.3,0.7,0.7,3091,-250
2543,2543.07,-327,-327.00,485.00,-158.58,-82.1,0.3,0.7,0.7,3091,-250
2544,2544.11,-327,-327.00,485.00,-158.79,-82.2,0.3,0.7,0.7,3091,-250
2545,2545.07,-327,-327.00,485.00,-158.98,-82.4,0.3,0.7,0.7,3091,-250
2546,2546.11,-327,-327.00,486.00,-159.19,-82.4,0.3,0.7,0.7,3091,-250
2547,2547.07,-327,-327.00,486.00,-159.38,-82.6,0.3,0.7,0.7,3091,-250
2548,2548.03,-327,-327.00,486.00,-159.58,-82.6,0.3,0.7,0.7,3091,-250
2549,2549.07,-327,-327.00,486.00,-159.78,-82.8,0.3,0.7,0.7,3091,-250
2550,2550.03,-327,-327.00,486.00,-159.98,-82.9,0.3,0.7,0.7,3091,-250
2551,2551.07,-327,-327.00,487.00,-160.18,-82.9,0.3,0.7,0.7,3091,-250
2552,2552.03,-327,-327.00,487.00,-160.38,-83.1,0.3,0.7,0.7,3091,-250
2553,2553.07,-327,-327.00,487.00,-160.58,-83.2,0.3,0.7,0.7,3091,-250
2554,2554.11,-327,-327.00,487.00,-160.79,-83.2,0.3,0.7,0.7,3091,-250
2555,2555.07,-327,-327.00,487.00,-160.98,-83.4,0.3,0.7,0.7,3091,-250
2556,2556.03,-327,-327.00,488.00,-161.18,-83.4,0.3,0.7,0.7,3091,-250
2557,2557.07,-327,-327.00,488.00,-161.38,-83.6,0.3,0.7,0.7,3091,-250
2558,2558.03,-327,-327.00,488.00,-161.58,-83.7,0.3,0.7,0.7,3091,-250
2559,2559.07,-327,-327.00,488.00,-161.78,-83.8,0.3,0.7,0.7,3091,-250
2560,2560.03,-327,-327.00,488.00,-161.98,-83.9,0.3,0.7,0.7,3091,-250
2561,2561.07,-327,-327.00,489.00,-162.18,-84.0,0.3,0.7,0.7,3091,-250
2562,2562.03,-327,-327.00,489.00,-162.38,-84.1,0.3,0.7,0.7,3091,-250
2563,2563.07,-327,-327.00,489.00,-162.58,-84.2,0.3,0.7,0.7,3091,-250
2564,2564.11,-327,-327.00,489.00,-162.79,-84.2,0.3,0.7,0.7,3091,-250
2565,2565.07,-327,-327.00,489.00,-162.98,-84.4,0.3,0.7,0.7,3091,-250
2566,2566.03,-327,-327.00,490.00,-163.18,-84.5,0.3,0.7,0.7,3091,-250
2567,2567.07,-327,-327.00,490.00,-163.38,-84.6,0.3,0.7,0.7,3091,-250
2568,2568.03,-327,-327.00,490.00,-163.58,-84.7,0.3,0.7,0.7,3091,-250
2569,2569.07,-327,-327.00,490.00,-163.78,-84.8,0.3,0.7,0.7,3091,-250
2570,2570.03,-327,-327.00,490.00,-163.98,-84.9,0.3,0.7,0.7,3091,-250
2571,2571.07,-327,-327.00,491.00,-164.18,-85.0,0.3,0.7,0.7,3091,-250
2572,2572.03,-327,-327.00,491.00,-164.38,-85.1,0.3,0.7,0.7,3091,-250
2573,2573.07,-327,-327.00,491.00,-164.58,-85.2,0.3,0.7,0.7,3091,-250
2574,2574.11,-327,-327.00,491.00,-164.79,-85.3,0.3,0.7,0.7,3091,-250
2575,2575.07,-327,-327.00,491.00,-164.98,-85.4,0.3,0.7,0.7,3091,-250
2576,2576.03,-327,-327.00,492.00,-165.18,-85.5,0.3,0.7,0.7,3091,-250
2577,2577.07,-327,-327.00,492.00,-165.38,-85.6,0.3,0.7,0.7,3091,-250
2578,2578.11,-327,-327.00,492.00,-165.59,-85.7,0.3,0.7,0.7,3091,-250
2579,2579.07,-327,-327.00,492.00,-165.78,-85.8,0.3,0.7,0.7,3091,-250
2580,2580.03,-327,-327.00,492.00,-165.98,-85.9,0.3,0.7,0.7,3091,-250
2581,2581.07,-327,-327.00,493.00,-166.18,-86.0,0.3,0.7,0.7,3091,-250
2582,2582.11,-327,-327.00,493.00,-166.39,-86.1,0.3,0.7,0.7,3091,-250
2583,2583.07,-327,-327.00,493.00,-166.58,-86.2,0.3,0.7,0.7,3091,-250
2584,2584.03,-327,-327.00,493.00,-166.78,-86.3,0.3,0.7,0.7,3091,-250
2585,2585.07,-327,-327.00,493.00,-166.98,-86.4,0.3,0.7,0.7,3091,-250
2586,2586.11,-327,-327.00,494.00,-167.19,-86.5,0.3,0.7,0.7,3091,-250
2587,2587.07,-327,-327.00,494.00,-167.38,-86.6,0.3,0.7,0.7,3091,-250
2588,2588.03,-327,-327.00,494.00,-167.58,-86.7,0.3,0.7,0.7,3091,-250
2589,2589.07,-327,-327.00,494.00,-167.78,-86.8,0.3,0.7,0.7,3091,-250
2590,2590.11,-327,-327.00,494.00,-167.99,-86.9,0.3,0.7,0.7,3091,-250
2591,2591.07,-327,-327.00,495.00,-168.18,-87.0,0.3,0.7,0.7,3091,-250
2592,2592.03,-327,-327.00,495.00,-168.38,-87.1,0.3,0.7,0.7,3091,-250
2593,2593.07,-327,-327.00,495.00,-168.58,-87.2,0.3,0.7,0.7,3091,-250
2594,2594.03,-327,-327.00,495.00,-168.78,-87.3,0.3,0.7,0.7,3091,-250
2595,2595.07,-327,-327.00,495.00,-168.98,-87.4,0.3,0.7,0.7,3091,-250
2596,2596.03,-327,-327.00,496.00,-169.18,-87.5,0.3,0.7,0.7,3091,-250
2597,2597.07,-327,-327.00,496.00,-169.38,-87.6,0.3,0.7,0.7,3091,-250
2598,2598.03,-327,-327.00,496.00,-169.58,-87.7,0.3,0.7,0.7,3091,-250
2599,2599.07,-327,-327.00,496.00,-169.78,-87.8,0.3,0.7,0.7,3091,-250
2600,2600.11,-327,-327.00,496.00,-169.99,-87.9,0.3,0.7,0.7,3091,-250
2601,2601.07,-327,-327.00,497.00,-170.18,-88.0,0.3,0.7,0.7,3091,-250
2602,2602.11,-327,-327.00,497.00,-170.39,-88.1,0.3,0.7,0.7,3091,-250
2603,2603.07,-327,-327.00,497.00,-170.58,-88.2,0.3,0.7,0.7,3091,-250
2604,2604.04,-327,-327.00,497.00,-170.78,-88.3,0.3,0.7,0.7,3091,-250
2605,2605.07,-327,-327.00,497.00,-170.98,-88.4,0.3,0.7,0.7,3091,-250
2606,2606.11,-327,-327.00,498.00,-171.19,-88.5,0.3,0.7,0.7,3091,-250
2607,2607.07,-327,-327.00,498.00,-171.38,-88.6,0.3,0.7,0.7,3091,-250
2608,2608.03,-327,-327.00,498.00,-171.58,-88.7,0.3,0.7,0.7,3091,-250
2609,2609.07,-327,-327.00,498.00,-171.78,-88.8,0.3,0.7,0.7,3091,-250
2610,2610.11,-327,-327.00,498.00,-171.99,-88.9,0.3,0.7,0.7,3091,-250
2611,2611.07,-327,-327.00,499.00,-172.18,-89.0,0.3,0.7,0.7,3091,-250
2612,2612.03,-327,-327.00,499.00,-172.38,-89.1,0.3,0.7,0.7,3091,-250
2613,2613.07,-327,-327.00,499.00,-172.58,-89.2,0.3,0.7,0.7,3091,-250
2614,2614.03,-327,-327.00,499.00,-172.78,-89.3,0.3,0.7,0.7,3091,-250
2615,2615.07,-327,-327.00,499.00,-172.98,-89.4,0.3,0.7,0.7,3091,-250
2616,2616.11,-327,-327.00,500.00,-173.19,-89.5,0.3,0.7,0.7,3091,-250
2617,2617.07,-327,-327.00,500.00,-173.38,-89.6,0.3,0.7,0.7,3091,-250
2618,2618.03,-327,-327.00,500.00,-173.58,-89.8,0.3,0.7,0.7,3091,-250
2619,2619.07,-327,-327.00,500.00,-173.78,-89.8,0.3,0.7,0.7,3091,-250
2620,2620.11,-327,-327.00,500.00,-173.99,-89.9,0.3,0.7,0.7,3091,-250
2621,2621.07,-327,-327.00,501.00,-174.18,-90.0,0.3,0.7,0.7,3091,-250
2622,2622.03,-327,-327.00,501.00,-174.38,-90.1,0.3,0.7,0.7,3091,-250
2623,2623.07,-327,-327.00,501.00,-174.58,-90.2,0.3,0.7,0.7,3091,-250
2624,2624.11,-327,-327.00,501.00,-174.79,-90.3,0.3,0.7,0.7,3091,-250
2625,2625.07,-327,-327.00,501.00,-174.98,-90.4,0.3,0.7,0.7,3091,-250
2626,2626.03,-327,-327.00,502.00,-175.18,-90.5,0.3,0.7,0.7,3091,-250
2627,2627.07,-327,-327.00,502.00,-175.38,-90.6,0.3,0.7,0.7,3091,-250
2628,2628.03,-327,-327.00,502.00,-175.58,-90.8,0.3,0.7,0.7,3091,-250
2629,2629.07,-327,-327.00,502.00,-175.78,-90.8,0.3,0.7,0.7,3091,-250
2630,2630.11,-327,-327.00,502.00,-175.99,-90.9,0.3,0.7,0.7,3091,-250
2631,2631.07,-327,-327.00,503.00,-176.18,-91.1,0.3,0.7,0.7,3091,-250
2632,2632.03,-327,-327.00,503.00,-176.38,-91.1,0.3,0.7,0.7,3091,-250
2633,2633.07,-327,-327.00,503.00,-176.58,-91.2,0.3,0.7,0.7,3091,-250
2634,2634.03,-327,-327.00,503.00,-176.78,-91.3,0.3,0.7,0.7,3091,-250
2635,2635.07,-327,-327.00,503.00,-176.98,-91.4,0.3,0.7,0.7,3091,-250
2636,2636.11,-327,-327.00,504.00,-177.19,-91.6,0.3,0.7,0.7,3091,-250
2637,2637.07,-327,-327.00,504.00,-177.38,-91.6,0.3,0.7,0.7,3091,-250
2638,2638.03,-327,-327.00,504.00,-177.58,-91.8,0.3,0.7,0.7,3091,-250
2639,2639.07,-327,-327.00,504.00,-177.78,-91.9,0.3,0.7,0.7,3091,-250
2640,2640.03,-327,-327.00,504.00,-177.98,-91.9,0.3,0.7,0.7,3091,-250
2641,2641.07,-327,-327.00,505.00,-178.18,-92.1,0.3,0.7,0.7,3091,-250
2642,2642.03,-327,-327.00,505.00,-178.38,-92.1,0.3,0.7,0.7,3091,-250
2643,2643.07,-327,-327.00,505.00,-178.58,-92.2,0.3,0.7,0.7,3091,-250
2644,2644.03,-327,-327.00,505.00,-178.78,-92.4,0.3,0.7,0.7,3091,-250
2645,2645.07,-327,-327.00,505.00,-178.98,-92.4,0.3,0.7,0.7,3091,-250
2646,2646.03,-327,-327.00,506.00,-179.18,-92.6,0.3,0.7,0.7,3091,-250
2647,2647.07,-327,-327.00,506.00,-179.38,-92.6,0.3,0.7,0.7,3091,-250
2648,2648.03,-327,-327.00,506.00,-179.58,-92.8,0.3,0.7,0.7,3091,-250
2649,2649.07,-327,-327.00,506.00,-179.78,-92.9,0.3,0.7,0.7,3091,-250
2650,2650.11,-327,-327.00,506.00,-179.99,-92.9,0.3,0.7,0.7,3091,-250
2651,2651.07,-327,-327.00,507.00,-180.18,-93.1,0.3,0.7,0.7,3091,-250
2652,2652.03,-327,-327.00,507.00,-180.38,-93.2,0.3,0.7,0.7,3091,-250
2653,2653.07,-327,-327.00,507.00,-180.58,-93.2,0.3,0.7,0.7,3091,-250
2654,2654.03,-327,-327.00,507.00,-180.78,-93.4,0.3,0.7,0.7,3091,-250
2655,2655.07,-327,-327.00,507.00,-180.98,-93.4,0.3,0.7,0.7,3091,-250
2656,2656.11,-327,-327.00,508.00,-181.19,-93.6,0.3,0.7,0.7,3091,-250
2657,2657.07,-327,-327.00,508.00,-181.38,-93.7,0.3,0.7,0.7,3091,-250
2658,2658.03,-327,-327.00,508.00,-181.58,-93.8,0.3,0.7,0.7,3091,-250
2659,2659.07,-327,-327.00,508.00,-181.78,-93.9,0.3,0.7,0.7,3091,-250
2660,2660.03,-327,-327.00,508.00,-181.98,-93.9,0.3,0.7,0.7,3091,-250
2661,2661.07,-327,-327.00,509.00,-182.18,-94.1,0.3,0.7,0.7,3091,-250
2662,2662.03,-327,-327.00,509.00,-182.38,-94.2,0.3,0.7,0.7,3091,-250
2663,2663.07,-327,-327.00,509.00,-182.58,-94.2,0.3,0.7,0.7,3091,-250
2664,2664.03,-327,-327.00,509.00,-182.78,-94.4,0.3,0.7,0.7,3091,-250
2665,2665.07,-327,-327.00,509.00,-182.98,-94.5,0.3,0.7,0.7,3091,-250
2666,2666.03,-327,-327.00,510.00,-183.18,-94.6,0.3,0.7,0.7,3091,-250
2667,2667.07,-327,-327.00,510.00,-183.38,-94.7,0.3,0.7,0.7,3091,-250
2668,2668.11,-327,-327.00,510.00,-183.59,-94.8,0.3,0.7,0.7,3091,-250
2669,2669.07,-327,-327.00,510.00,-183.78,-94.9,0.3,0.7,0.7,3091,-250
2670,2670.03,-327,-327.00,510.00,-183.98,-95.0,0.3,0.7,0.7,3091,-250
2671,2671.07,-327,-327.00,511.00,-184.18,-95.1,0.3,0.7,0.7,3091,-250
2672,2672.03,-327,-327.00,511.00,-184.38,-95.2,0.3,0.7,0.7,3091,-250
2673,2673.07,-327,-327.00,511.00,-184.58,-95.3,0.3,0.7,0.7,3091,-250
2674,2674.11,-327,-327.00,511.00,-184.79,-95.4,0.3,0.7,0.7,3091,-250
2675,2675.07,-327,-327.00,511.00,-184.98,-95.5,0.3,0.7,0.7,3091,-250
2676,2676.03,-327,-327.00,512.00,-185.18,-95.6,0.3,0.7,0.7,3091,-250
2677,2677.07,-327,-327.00,512.00,-185.38,-95.7,0.3,0.7,0.7,3091,-250
2678,2678.03,-327,-327.00,512.00,-185.58,-95.8,0.3,0.7,0.7,3091,-250
2679,2679.07,-327,-327.00,512.00,-185.78,-95.9,0.3,0.7,0.7,3091,-250
2680,2680.11,-327,-327.00,512.00,-185.99,-96.0,0.3,0.7,0.7,3091,-250
2681,2681.07,-327,-327.00,513.00,-186.18,-96.1,0.3,0.7,0.7,3091,-250
2682,2682.11,-327,-327.00,513.00,-186.39,-96.2,0.3,0.7,0.7,3091,-250
2683,2683.07,-327,-327.00,513.00,-186.58,-96.3,0.3,0.7,0.7,3091,-250
2684,2684.11,-327,-327.00,513.00,-186.79,-96.4,0.3,0.7,0.7,3091,-250
2685,2685.07,-327,-327.00,513.00,-186.98,-96.5,0.3,0.7,0.7,3091,-250
2686,2686.11,-327,-327.00,514.00,-187.19,-96.6,0.3,0.7,0.7,3091,-250
2687,2687.07,-327,-327.00,514.00,-187.38,-96.7,0.3,0.7,0.7,3091,-250
2688,2688.11,-327,-327.00,514.00,-187.59,-96.8,0.3,0.7,0.7,3091,-250
2689,2689.07,-327,-327.00,514.00,-187.78,-96.9,0.3,0.7,0.7,3091,-250
2690,2690.11,-327,-327.00,514.00,-187.99,-97.0,0.3,0.7,0.7,3091,-250
2691,2691.07,-327,-327.00,515.00,-188.18,-97.1,0.3,0.7,0.7,3091,-250
2692,2692.11,-327,-327.00,515.00,-188.39,-97.2,0.3,0.7,0.7,3091,-250
2693,2693.07,-327,-327.00,515.00,-188.58,-97.3,0.3,0.7,0.7,3091,-250
2694,2694.03,-327,-327.00,515.00,-188.78,-97.4,0.3,0.7,0.7,3091,-250
2695,2695.07,-327,-327.00,515.00,-188.98,-97.5,0.3,0.7,0.7,3091,-250
2696,2696.11,-327,-327.00,516.00,-189.19,-97.6,0.3,0.7,0.7,3091,-250
2697,2697.07,-327,-327.00,516.00,-189.38,-97.7,0.3,0.7,0.7,3091,-250
2698,2698.03,-327,-327.00,516.00,-189.58,-97.8,0.3,0.7,0.7,3091,-250
2699,2699.07,-327,-327.00,516.00,-189.78,-97.9,0.3,0.7,0.7,3091,-250
2700,2700.11,-327,-327.00,516.00,-189.99,-98.0,0.3,0.7,0.7,3091,-250
2701,2701.07,-327,-327.00,517.00,-190.18,-98.1,0.3,0.7,0.7,3091,-250
2702,2702.11,-327,-327.00,517.00,-190.39,-98.2,0.3,0.7,0.7,3091,-250
2703,2703.07,-327,-327.00,517.00,-190.58,-98.3,0.3,0.7,0.7,3091,-250
2704,2704.11,-327,-327.00,517.00,-190.79,-98.4,0.3,0.7,0.7,3091,-250
2705,2705.07,-327,-327.00,517.00,-190.98,-98.5,0.3,0.7,0.7,3091,-250
2706,2706.11,-327,-327.00,518.00,-191.19,-98.6,0.3,0.7,0.7,3091,-250
2707,2707.07,-327,-327.00,518.00,-191.38,-98.7,0.3,0.7,0.7,3091,-250
2708,2708.03,-327,-327.00,518.00,-191.58,-98.8,0.3,0.7,0.7,3091,-250
2709,2709.07,-327,-327.00,518.00,-191.78,-98.9,0.3,0.7,0.7,3091,-250
2710,2710.11,-327,-327.00,518.00,-191.99,-99.0,0.3,0.7,0.7,3091,-250
2711,2711.07,-327,-327.00,519.00,-192.18,-99.1,0.3,0.7,0.7,3091,-250
2712,2712.11,-327,-327.00,519.00,-192.39,-99.2,0.3,0.7,0.7,3091,-250
2713,2713.07,-327,-327.00,519.00,-192.58,-99.3,0.3,0.7,0.7,3091,-250
2714,2714.11,-327,-327.00,519.00,-192.79,-99.4,0.3,0.7,0.7,3091,-250
2715,2715.07,-327,-327.00,519.00,-192.98,-99.5,0.3,0.7,0.7,3091,-250
2716,2716.11,-327,-327.00,520.00,-193.19,-99.6,0.3,0.7,0.7,3091,-250
2717,2717.07,-327,-327.00,520.00,-193.38,-99.8,0.3,0.7,0.7,3091,-250
2718,2718.03,-327,-327.00,520.00,-193.58,-99.8,0.3,0.7,0.7,3091,-250
2719,2719.07,-327,-327.00,520.00,-193.78,-99.9,0.3,0.7,0.7,3091,-250
2720,2720.03,-327,-327.00,520.00,-193.98,-100.0,0.3,0.7,0.7,3091,-250
2721,2721.07,-327,-327.00,521.00,-194.18,-100.1,0.3,0.7,0.7,3091,-250
2722,2722.11,-327,-327.00,521.00,-194.39,-100.2,0.3,0.7,0.7,3091,-250
2723,2723.07,-327,-327.00,521.00,-194.58,-100.3,0.3,0.7,0.7,3091,-250
2724,2724.11,-327,-327.00,521.00,-194.79,-100.4,0.3,0.7,0.7,3091,-250
2725,2725.07,-327,-327.00,521.00,-194.98,-100.6,0.3,0.7,0.7,3091,-250
2726,2726.11,-327,-327.00,522.00,-195.19,-100.6,0.3,0.7,0.7,3091,-250
2727,2727.07,-327,-327.00,522.00,-195.38,-100.8,0.3,0.7,0.7,3091,-250
2728,2728.11,-327,-327.00,522.00,-195.59,-100.8,0.3,0.7,0.7,3091,-250
2729,2729.07,-327,-327.00,522.00,-195.78,-100.9,0.3,0.7,0.7,3091,-250
2730,2730.03,-327,-327.00,522.00,-195.98,-101.1,0.3,0.7,0.7,3091,-250
2731,2731.07,-327,-327.00,523.00,-196.18,-101.1,0.3,0.7,0.7,3091,-250
2732,2732.11,-327,-327.00,523.00,-196.39,-101.2,0.3,0.7,0.7,3091,-250
2733,2733.07,-327,-327.00,523.00,-196.58,-101.3,0.3,0.7,0.7,3091,-250
2734,2734.11,-327,-327.00,523.00,-196.79,-101.4,0.3,0.7,0.7,3091,-250
2735,2735.07,-327,-327.00,523.00,-196.98,-101.6,0.3,0.7,0.7,3091,-250
2736,2736.11,-327,-327.00,524.00,-197.19,-101.6,0.3,0.7,0.7,3091,-250
2737,2737.07,-327,-327.00,524.00,-197.38,-101.8,0.3,0.7,0.7,3091,-250
2738,2738.03,-327,-327.00,524.00,-197.58,-101.8,0.3,0.7,0.7,3091,-250
2739,2739.07,-327,-327.00,524.00,-197.78,-101.9,0.3,0.7,0.7,3091,-250
2740,2740.11,-327,-327.00,524.00,-197.99,-102.1,0.3,0.7,0.7,3091,-250
2741,2741.07,-327,-327.00,525.00,-198.18,-102.1,0.3,0.7,0.7,3091,-250
2742,2742.03,-327,-327.00,525.00,-198.38,-102.2,0.3,0.7,0.7,3091,-250
2743,2743.07,-327,-327.00,525.00,-198.58,-102.4,0.3,0.7,0.7,3091,-250
2744,2744.03,-327,-327.00,525.00,-198.78,-102.4,0.3,0.7,0.7,3091,-250
2745,2745.07,-327,-327.00,525.00,-198.98,-102.6,0.3,0.7,0.7,3091,-250
2746,2746.11,-327,-327.00,526.00,-199.19,-102.7,0.3,0.7,0.7,3091,-250
2747,2747.07,-327,-327.00,526.00,-199.38,-102.8,0.3,0.7,0.7,3091,-250
2748,2748.11,-327,-327.00,526.00,-199.59,-102.9,0.3,0.7,0.7,3091,-250
2749,2749.07,-327,-327.00,526.00,-199.78,-102.9,0.3,0.7,0.7,3091,-250
2750,2750.11,-327,-327.00,526.00,-199.99,-103.1,0.3,0.7,0.7,3091,-250
2751,2751.07,-327,-327.00,527.00,-200.18,-103.2,0.3,0.7,0.7,3091,-250
2752,2752.11,-327,-327.00,527.00,-200.39,-103.2,0.3,0.7,0.7,3091,-250
2753,2753.07,-327,-327.00,527.00,-200.58,-103.4,0.3,0.7,0.7,3091,-250
2754,2754.11,-327,-327.00,527.00,-200.79,-103.4,0.3,0.7,0.7,3091,-250
2755,2755.07,-327,-327.00,527.00,-200.98,-103.6,0.3,0.7,0.7,3091,-250
2756,2756.11,-327,-327.00,528.00,-201.19,-103.7,0.3,0.7,0.7,3091,-250
2757,2757.07,-327,-327.00,528.00,-201.38,-103.8,0.3,0.7,0.7,3091,-250
2758,2758.11,-327,-327.00,528.00,-201.59,-103.9,0.3,0.7,0.7,3091,-250
2759,2759.07,-327,-327.00,528.00,-201.78,-103.9,0.3,0.7,0.7,3091,-250
2760,2760.11,-327,-327.00,528.00,-201.99,-104.1,0.3,0.7,0.7,3091,-250
2761,2761.07,-327,-327.00,529.00,-202.18,-104.2,0.3,0.7,0.7,3091,-250
2762,2762.03,-327,-327.00,529.00,-202.38,-104.2,0.3,0.7,0.7,3091,-250
2763,2763.07,-327,-327.00,529.00,-202.58,-104.4,0.3,0.7,0.7,3091,-250
2764,2764.11,-327,-327.00,529.00,-202.79,-104.5,0.3,0.7,0.7,3091,-250
2765,2765.07,-327,-327.00,529.00,-202.98,-104.6,0.3,0.7,0.7,3091,-250
2766,2766.11,-327,-327.00,530.00,-203.19,-104.7,0.3,0.7,0.7,3091,-250
2767,2767.07,-327,-327.00,530.00,-203.38,-104.8,0.3,0.7,0.7,3091,-250
2768,2768.11,-327,-327.00,530.00,-203.59,-104.9,0.3,0.7,0.7,3091,-250
2769,2769.07,-327,-327.00,530.00,-203.78,-105.0,0.3,0.7,0.7,3091,-250
2770,2770.11,-327,-327.00,530.00,-203.99,-105.1,0.3,0.7,0.7,3091,-250
2771,2771.07,-327,-327.00,531.00,-204.18,-105.2,0.3,0.7,0.7,3091,-250
2772,2772.03,-327,-327.00,531.00,-204.38,-105.2,0.3,0.7,0.7,3091,-250
2773,2773.07,-327,-327.00,531.00,-204.58,-105.4,0.3,0.7,0.7,3091,-250
2774,2774.03,-327,-327.00,531.00,-204.78,-105.5,0.3,0.7,0.7,3091,-250
2775,2775.07,-327,-327.00,531.00,-204.98,-105.6,0.3,0.7,0.7,3091,-250
2776,2776.11,-327,-327.00,532.00,-205.19,-105.7,0.3,0.7,0.7,3091,-250
2777,2777.07,-327,-327.00,532.00,-205.38,-105.8,0.3,0.7,0.7,3091,-250
2778,2778.11,-327,-327.00,532.00,-205.59,-105.9,0.3,0.7,0.7,3091,-250
2779,2779.07,-327,-327.00,532.00,-205.78,-106.0,0.3,0.7,0.7,3091,-250
2780,2780.11,-327,-327.00,532.00,-205.99,-106.1,0.3,0.7,0.7,3091,-250
2781,2781.07,-327,-327.00,533.00,-206.18,-106.2,0.3,0.7,0.7,3091,-250
2782,2782.11,-327,-327.00,533.00,-206.39,-106.3,0.3,0.7,0.7,3091,-250
2783,2783.07,-327,-327.00,533.00,-206.58,-106.4,0.3,0.7,0.7,3091,-250
2784,2784.11,-327,-327.00,533.00,-206.79,-106.5,0.3,0.7,0.7,3091,-250
2785,2785.07,-327,-327.00,533.00,-206.98,-106.6,0.3,0.7,0.7,3091,-250
2786,2786.11,-327,-327.00,534.00,-207.19,-106.7,0.3,0.7,0.7,3091,-250
2787,2787.07,-327,-327.00,534.00,-207.38,-106.8,0.3,0.7,0.7,3091,-250
2788,2788.11,-327,-327.00,534.00,-207.59,-106.9,0.3,0.7,0.7,3091,-250
2789,2789.07,-327,-327.00,534.00,-207.78,-107.0,0.3,0.7,0.7,3091,-250
2790,2790.03,-327,-327.00,534.00,-207.98,-107.1,0.3,0.7,0.7,3091,-250
2791,2791.07,-327,-327.00,535.00,-208.18,-107.2,0.3,0.7,0.7,3091,-250
2792,2792.11,-327,-327.00,535.00,-208.39,-107.3,0.3,0.7,0.7,3091,-250
2793,2793.07,-327,-327.00,535.00,-208.58,-107.4,0.3,0.7,0.7,3091,-250
2794,2794.11,-327,-327.00,535.00,-208.79,-107.5,0.3,0.7,0.7,3091,-250
2795,2795.07,-327,-327.00,535.00,-208.98,-107.6,0.3,0.7,0.7,3091,-250
2796,2796.03,-327,-327.00,536.00,-209.18,-107.7,0.3,0.7,0.7,3091,-250
2797,2797.07,-327,-327.00,536.00,-209.38,-107.8,0.3,0.7,0.7,3091,-250
2798,2798.11,-327,-327.00,536.00,-209.59,-107.9,0.3,0.7,0.7,3091,-250
2799,2799.07,-327,-327.00,536.00,-209.78,-108.0,0.3,0.7,0.7,3091,-250
2800,2800.03,-327,-327.00,536.00,-209.98,-108.1,0.3,0.7,0.7,3091,-250
2801,2801.07,-327,-327.00,537.00,-210.18,-108.2,0.3,0.7,0.7,3091,-250
2802,2802.11,-327,-327.00,537.00,-210.39,-108.3,0.3,0.7,0.7,3091,-250
2803,2803.07,-327,-327.00,537.00,-210.58,-108.4,0.3,0.7,0.7,3091,-250
2804,2804.11,-327,-327.00,537.00,-210.79,-108.5,0.3,0.7,0.7,3091,-250
2805,2805.07,-327,-327.00,537.00,-210.98,-108.6,0.3,0.7,0.7,3091,-250
2806,2806.11,-327,-327.00,538.00,-211.19,-108.7,0.3,0.7,0.7,3091,-250
2807,2807.07,-327,-327.00,538.00,-211.38,-108.8,0.3,0.7,0.7,3091,-250
2808,2808.11,-327,-327.00,538.00,-211.59,-108.9,0.3,0.7,0.7,3091,-250
2809,2809.07,-327,-327.00,538.00,-211.78,-109.0,0.3,0.7,0.7,3091,-250
2810,2810.11,-327,-327.00,538.00,-211.99,-109.1,0.3,0.7,0.7,3091,-250
2811,2811.07,-327,-327.00,539.00,-212.18,-109.2,0.3,0.7,0.7,3091,-250
2812,2812.11,-327,-327.00,539.00,-212.39,-109.3,0.3,0.7,0.7,3091,-250
2813,2813.07,-327,-327.00,539.00,-212.58,-109.4,0.3,0.7,0.7,3091,-250
2814,2814.11,-327,-327.00,539.00,-212.79,-109.5,0.3,0.7,0.7,3091,-250
2815,2815.07,-327,-327.00,539.00,-212.98,-109.6,0.3,0.7,0.7,3091,-250
2816,2816.11,-327,-327.00,540.00,-213.19,-109.8,0.3,0.7,0.7,3091,-250
2817,2817.07,-327,-327.00,540.00,-213.38,-109.8,0.3,0.7,0.7,3091,-250
2818,2818.11,-327,-327.00,540.00,-213.59,-109.9,0.3,0.7,0.7,3091,-250
2819,2819.07,-327,-327.00,540.00,-213.78,-110.0,0.3,0.7,0.7,3091,-250
2820,2820.11,-327,-327.00,540.00,-213.99,-110.1,0.3,0.7,0.7,3091,-250
2821,2821.07,-327,-327.00,541.00,-214.18,-110.2,0.3,0.7,0.7,3091,-250
2822,2822.11,-327,-327.00,541.00,-214.39,-110.3,0.3,0.7,0.7,3091,-250
2823,2823.07,-327,-327.00,541.00,-214.58,-110.4,0.3,0.7,0.7,3091,-250
2824,2824.11,-327,-327.00,541.00,-214.79,-110.6,0.3,0.7,0.7,3091,-250
2825,2825.07,-327,-327.00,541.00,-214.98,-110.6,0.3,0.7,0.7,3091,-250
2826,2826.11,-327,-327.00,542.00,-215.19,-110.8,0.3,0.7,0.7,3091,-250
2827,2827.07,-327,-327.00,542.00,-215.38,-110.8,0.3,0.7,0.7,3091,-250
2828,2828.11,-327,-327.00,542.00,-215.59,-110.9,0.3,0.7,0.7,3091,-250
2829,2829.07,-327,-327.00,542.00,-215.78,-111.1,0.3,0.7,0.7,3091,-250
2830,2830.11,-327,-327.00,542.00,-215.99,-111.1,0.3,0.7,0.7,3091,-250
2831,2831.07,-327,-327.00,543.00,-216.18,-111.2,0.3,0.7,0.7,3091,-250
2832,2832.11,-327,-327.00,543.00,-216.39,-111.4,0.3,0.7,0.7,3091,-250
2833,2833.07,-327,-327.00,543.00,-216.58,-111.4,0.3,0.7,0.7,3091,-250
2834,2834.03,-327,-327.00,543.00,-216.78,-111.6,0.3,0.7,0.7,3091,-250
2835,2835.07,-327,-327.00,543.00,-216.98,-111.6,0.3,0.7,0.7,3091,-250
2836,2836.03,-327,-327.00,544.00,-217.18,-111.8,0.3,0.7,0.7,3091,-250
2837,2837.07,-327,-327.00,544.00,-217.38,-111.9,0.3,0.7,0.7,3091,-250
2838,2838.11,-327,-327.00,544.00,-217.59,-111.9,0.3,0.7,0.7,3091,-250
2839,2839.07,-327,-327.00,544.00,-217.78,-112.1,0.3,0.7,0.7,3091,-250
2840,2840.11,-327,-327.00,544.00,-217.99,-112.1,0.3,0.7,0.7,3091,-250
2841,2841.07,-327,-327.00,545.00,-218.18,-112.2,0.3,0.7,0.7,3091,-250
2842,2842.11,-327,-327.00,545.00,-218.39,-112.4,0.3,0.7,0.7,3091,-250
2843,2843.07,-327,-327.00,545.00,-218.58,-112.4,0.3,0.7,0.7,3091,-250
2844,2844.03,-327,-327.00,545.00,-218.78,-112.6,0.3,0.7,0.7,3091,-250
2845,2845.07,-327,-327.00,545.00,-218.98,-112.6,0.3,0.7,0.7,3091,-250
2846,2846.03,-327,-327.00,546.00,-219.18,-112.8,0.3,0.7,0.7,3091,-250
2847,2847.07,-327,-327.00,546.00,-219.38,-112.9,0.3,0.7,0.7,3091,-250
2848,2848.03,-327,-327.00,546.00,-219.58,-112.9,0.3,0.7,0.7,3091,-250
2849,2849.07,-327,-327.00,546.00,-219.78,-113.1,0.3,0.7,0.7,3091,-250
2850,2850.11,-327,-327.00,546.00,-219.99,-113.2,0.3,0.7,0.7,3091,-250
2851,2851.07,-327,-327.00,547.00,-220.18,-113.2,0.3,0.7,0.7,3091,-250
2852,2852.03,-327,-327.00,547.00,-220.38,-113.4,0.3,0.7,0.7,3091,-250
2853,2853.07,-327,-327.00,547.00,-220.58,-113.4,0.3,0.7,0.7,3091,-250
2854,2854.11,-327,-327.00,547.00,-220.79,-113.6,0.3,0.7,0.7,3091,-250
2855,2855.07,-327,-327.00,547.00,-220.98,-113.7,0.3,0.7,0.7,3091,-250
2856,2856.11,-327,-327.00,548.00,-221.19,-113.8,0.3,0.7,0.7,3091,-250
2857,2857.07,-327,-327.00,548.00,-221.38,-113.9,0.3,0.7,0.7,3091,-250
2858,2858.11,-327,-327.00,548.00,-221.59,-114.0,0.3,0.7,0.7,3091,-250
2859,2859.07,-327,-327.00,548.00,-221.78,-114.1,0.3,0.7,0.7,3091,-250
2860,2860.11,-327,-327.00,548.00,-221.99,-114.2,0.3,0.7,0.7,3091,-250
2861,2861.07,-327,-327.00,549.00,-222.18,-114.2,0.3,0.7,0.7,3091,-250
2862,2862.11,-327,-327.00,549.00,-222.39,-114.4,0.3,0.7,0.7,3091,-250
2863,2863.07,-327,-327.00,549.00,-222.58,-114.5,0.3,0.7,0.7,3091,-250
2864,2864.03,-327,-327.00,549.00,-222.78,-114.6,0.3,0.7,0.7,3091,-250
2865,2865.07,-327,-327.00,549.00,-222.98,-114.7,0.3,0.7,0.7,3091,-250
2866,2866.11,-327,-327.00,550.00,-223.19,-114.8,0.3,0.7,0.7,3091,-250
2867,2867.07,-327,-327.00,550.00,-223.38,-114.9,0.3,0.7,0.7,3091,-250
2868,2868.11,-327,-327.00,550.00,-223.59,-115.0,0.3,0.7,0.7,3091,-250
2869,2869.07,-327,-327.00,550.00,-223.78,-115.1,0.3,0.7,0.7,3091,-250
2870,2870.11,-327,-327.00,550.00,-223.99,-115.2,0.3,0.7,0.7,3091,-250
2871,2871.07,-327,-327.00,551.00,-224.18,-115.2,0.3,0.7,0.7,3091,-250
2872,2872.03,-327,-327.00,551.00,-224.38,-115.4,0.3,0.7,0.7,3091,-250
2873,2873.07,-327,-327.00,551.00,-224.58,-115.5,0.3,0.7,0.7,3091,-250
2874,2874.11,-327,-327.00,551.00,-224.79,-115.6,0.3,0.7,0.7,3091,-250
2875,2875.07,-327,-327.00,551.00,-224.98,-115.7,0.3,0.7,0.7,3091,-250
2876,2876.11,-327,-327.00,552.00,-225.19,-115.8,0.3,0.7,0.7,3091,-250
2877,2877.07,-327,-327.00,552.00,-225.38,-115.9,0.3,0.7,0.7,3091,-250
2878,2878.03,-327,-327.00,552.00,-225.58,-116.0,0.3,0.7,0.7,3091,-250
2879,2879.07,-327,-327.00,552.00,-225.78,-116.1,0.3,0.7,0.7,3091,-250
2880,2880.11,-327,-327.00,552.00,-225.99,-116.2,0.3,0.7,0.7,3091,-250
2881,2881.07,-327,-327.00,553.00,-226.18,-116.3,0.3,0.7,0.7,3091,-250
2882,2882.11,-327,-327.00,553.00,-226.39,-116.4,0.3,0.7,0.7,3091,-250
2883,2883.07,-327,-327.00,553.00,-226.58,-116.5,0.3,0.7,0.7,3091,-250
2884,2884.11,-327,-327.00,553.00,-226.79,-116.6,0.3,0.7,0.7,3091,-250
2885,2885.07,-327,-327.00,553.00,-226.98,-116.7,0.3,0.7,0.7,3091,-250
2886,2886.03,-327,-327.00,554.00,-227.18,-116.8,0.3,0.7,0.7,3091,-250
2887,2887.07,-327,-327.00,554.00,-227.38,-116.9,0.3,0.7,0.7,3091,-250
2888,2888.11,-327,-327.00,554.00,-227.59,-117.0,0.3,0.7,0.7,3091,-250
2889,2889.07,-327,-327.00,554.00,-227.78,-117.1,0.3,0.7,0.7,3091,-250
2890,2890.11,-327,-327.00,554.00,-227.99,-117.2,0.3,0.7,0.7,3091,-250
2891,2891.07,-327,-327.00,555.00,-228.18,-117.3,0.3,0.7,0.7,3091,-250
2892,2892.11,-327,-327.00,555.00,-228.39,-117.4,0.3,0.7,0.7,3091,-250
2893,2893.07,-327,-327.00,555.00,-228.58,-117.5,0.3,0.7,0.7,3091,-250
2894,2894.03,-327,-327.00,555.00,-228.78,-117.6,0.3,0.7,0.7,3091,-250
2895,2895.07,-327,-327.00,555.00,-228.98,-117.7,0.3,0.7,0.7,3091,-250
2896,2896.03,-327,-327.00,556.00,-229.18,-117.8,0.3,0.7,0.7,3091,-250
2897,2897.07,-327,-327.00,556.00,-229.38,-117.9,0.3,0.7,0.7,3091,-250
2898,2898.03,-327,-327.00,556.00,-229.58,-118.0,0.3,0.7,0.7,3091,-250
2899,2899.07,-327,-327.00,556.00,-229.78,-118.1,0.3,0.7,0.7,3091,-250
2900,2900.11,-327,-327.00,556.00,-229.99,-118.2,0.3,0.7,0.7,3091,-250
2901,2901.07,-327,-327.00,557.00,-230.18,-118.3,0.3,0.7,0.7,3091,-250
2902,2902.11,-327,-327.00,557.00,-230.39,-118.4,0.3,0.7,0.7,3091,-250
2903,2903.07,-327,-327.00,557.00,-230.58,-118.5,0.3,0.7,0.7,3091,-250
2904,2904.11,-327,-327.00,557.00,-230.79,-118.6,0.3,0.7,0.7,3091,-250
2905,2905.07,-327,-327.00,557.00,-230.98,-118.7,0.3,0.7,0.7,3091,-250
2906,2906.11,-327,-327.00,558.00,-231.19,-118.8,0.3,0.7,0.7,3091,-250
2907,2907.07,-327,-327.00,558.00,-231.38,-118.9,0.3,0.7,0.7,3091,-250
2908,2908.11,-327,-327.00,558.00,-231.59,-119.0,0.3,0.7,0.7,3091,-250
2909,2909.07,-327,-327.00,558.00,-231.78,-119.1,0.3,0.7,0.7,3091,-250
2910,2910.11,-327,-327.00,558.00,-231.99,-119.2,0.3,0.7,0.7,3091,-250
2911,2911.07,-327,-327.00,559.00,-232.18,-119.3,0.3,0.7,0.7,3091,-250
2912,2912.11,-327,-327.00,559.00,-232.39,-119.4,0.3,0.7,0.7,3091,-250
2913,2913.07,-327,-327.00,559.00,-232.58,-119.5,0.3,0.7,0.7,3091,-250
2914,2914.11,-327,-327.00,559.00,-232.79,-119.6,0.3,0.7,0.7,3091,-250
2915,2915.07,-327,-327.00,559.00,-232.98,-119.8,0.3,0.7,0.7,3091,-250
2916,2916.11,-327,-327.00,560.00,-233.19,-119.8,0.3,0.7,0.7,3091,-250
2917,2917.07,-327,-327.00,560.00,-233.38,-119.9,0.3,0.7,0.7,3091,-250
2918,2918.03,-327,-327.00,560.00,-233.58,-120.0,0.3,0.7,0.7,3091,-250
2919,2919.07,-327,-327.00,560.00,-233.78,-120.1,0.3,0.7,0.7,3091,-250
2920,2920.11,-327,-327.00,560.00,-233.99,-120.2,0.3,0.7,0.7,3091,-250
2921,2921.07,-327,-327.00,561.00,-234.18,-120.3,0.3,0.7,0.7,3091,-250
2922,2922.11,-327,-327.00,561.00,-234.39,-120.4,0.3,0.7,0.7,3091,-250
2923,2923.07,-327,-327.00,561.00,-234.58,-120.6,0.3,0.7,0.7,3091,-250
2924,2924.11,-327,-327.00,561.00,-234.79,-120.6,0.3,0.7,0.7,3091,-250
2925,2925.07,-327,-327.00,561.00,-234.98,-120.8,0.3,0.7,0.7,3091,-250
2926,2926.11,-327,-327.00,562.00,-235.19,-120.8,0.3,0.7,0.7,3091,-250
2927,2927.07,-327,-327.00,562.00,-235.38,-120.9,0.3,0.7,0.7,3091,-250
2928,2928.03,-327,-327.00,562.00,-235.58,-121.1,0.3,0.7,0.7,3091,-250
2929,2929.07,-327,-327.00,562.00,-235.78,-121.1,0.3,0.7,0.7,3091,-250
2930,2930.11,-327,-327.00,562.00,-235.99,-121.2,0.3,0.7,0.7,3091,-250
2931,2931.07,-327,-327.00,563.00,-236.18,-121.3,0.3,0.7,0.7,3091,-250
2932,2932.03,-327,-327.00,563.00,-236.38,-121.4,0.3,0.7,0.7,3091,-250
2933,2933.07,-327,-327.00,563.00,-236.58,-121.6,0.3,0.7,0.7,3091,-250
2934,2934.11,-327,-327.00,563.00,-236.79,-121.6,0.3,0.7,0.7,3091,-250
2935,2935.07,-327,-327.00,563.00,-236.98,-121.8,0.3,0.7,0.7,3091,-250
2936,2936.11,-327,-327.00,564.00,-237.19,-121.9,0.3,0.7,0.7,3091,-250
2937,2937.07,-327,-327.00,564.00,-237.38,-121.9,0.3,0.7,0.7,3091,-250
2938,2938.11,-327,-327.00,564.00,-237.59,-122.1,0.3,0.7,0.7,3091,-250
2939,2939.07,-327,-327.00,564.00,-237.78,-122.1,0.3,0.7,0.7,3091,-250
2940,2940.03,-327,-327.00,564.00,-237.98,-122.2,0.3,0.7,0.7,3091,-250
2941,2941.07,-327,-327.00,565.00,-238.18,-122.4,0.3,0.7,0.7,3091,-250
2942,2942.11,-327,-327.00,565.00,-238.39,-122.4,0.3,0.7,0.7,3091,-250
2943,2943.07,-327,-327.00,565.00,-238.58,-122.6,0.3,0.7,0.7,3091,-250
2944,2944.11,-327,-327.00,565.00,-238.79,-122.7,0.3,0.7,0.7,3091,-250
2945,2945.07,-327,-327.00,565.00,-238.98,-122.8,0.3,0.7,0.7,3091,-250
2946,2946.11,-327,-327.00,566.00,-239.19,-122.9,0.3,0.7,0.7,3091,-250
2947,2947.07,-327,-327.00,566.00,-239.38,-122.9,0.3,0.7,0.7,3091,-250
2948,2948.11,-327,-327.00,566.00,-239.59,-123.1,0.3,0.7,0.7,3091,-250
2949,2949.07,-327,-327.00,566.00,-239.78,-123.2,0.3,0.7,0.7,3091,-250
2950,2950.03,-327,-327.00,566.00,-239.98,-123.2,0.3,0.7,0.7,3091,-250
2951,2951.07,-327,-327.00,567.00,-240.18,-123.4,0.3,0.7,0.7,3091,-250
2952,2952.11,-327,-327.00,567.00,-240.39,-123.4,0.3,0.7,0.7,3091,-250
2953,2953.07,-327,-327.00,567.00,-240.58,-123.6,0.3,0.7,0.7,3091,-250
2954,2954.11,-327,-327.00,567.00,-240.79,-123.7,0.3,0.7,0.7,3091,-250
2955,2955.07,-327,-327.00,567.00,-240.98,-123.8,0.3,0.7,0.7,3091,-250
2956,2956.11,-327,-327.00,568.00,-241.19,-123.9,0.3,0.7,0.7,3091,-250
2957,2957.07,-327,-327.00,568.00,-241.38,-123.9,0.3,0.7,0.7,3091,-250
2958,2958.11,-327,-327.00,568.00,-241.59,-124.1,0.3,0.7,0.7,3091,-250
2959,2959.07,-327,-327.00,568.00,-241.78,-124.2,0.3,0.7,0.7,3091,-250
2960,2960.11,-327,-327.00,568.00,-241.99,-124.2,0.3,0.7,0.7,3091,-250
2961,2961.07,-327,-327.00,569.00,-242.18,-124.4,0.3,0.7,0.7,3091,-250
2962,2962.11,-327,-327.00,569.00,-242.39,-124.5,0.3,0.7,0.7,3091,-250
2963,2963.07,-327,-327.00,569.00,-242.58,-124.6,0.3,0.7,0.7,3091,-250
2964,2964.11,-327,-327.00,569.00,-242.79,-124.7,0.3,0.7,0.7,3091,-250
2965,2965.07,-327,-327.00,569.00,-242.98,-124.8,0.3,0.7,0.7,3091,-250
2966,2966.11,-327,-327.00,570.00,-243.19,-124.9,0.3,0.7,0.7,3091,-250
2967,2967.07,-327,-327.00,570.00,-243.38,-125.0,0.3,0.7,0.7,3091,-250
2968,2968.11,-327,-327.00,570.00,-243.59,-125.1,0.3,0.7,0.7,3091,-250
2969,2969.07,-327,-327.00,570.00,-243.78,-125.2,0.3,0.7,0.7,3091,-250
2970,2970.11,-327,-327.00,570.00,-243.99,-125.3,0.3,0.7,0.7,3091,-250
2971,2971.07,-327,-327.00,571.00,-244.18,-125.4,0.3,0.7,0.7,3091,-250
2972,2972.11,-327,-327.00,571.00,-244.39,-125.5,0.3,0.7,0.7,3091,-250
2973,2973.07,-327,-327.00,571.00,-244.58,-125.6,0.3,0.7,0.7,3091,-250
2974,2974.11,-327,-327.00,571.00,-244.79,-125.7,0.3,0.7,0.7,3091,-250
2975,2975.07,-327,-327.00,571.00,-244.98,-125.8,0.3,0.7,0.7,3091,-250
2976,2976.11,-327,-327.00,572.00,-245.19,-125.9,0.3,0.7,0.7,3091,-250
2977,2977.07,-327,-327.00,572.00,-245.38,-126.0,0.3,0.7,0.7,3091,-250
2978,2978.11,-327,-327.00,572.00,-245.59,-126.1,0.3,0.7,0.7,3091,-250
2979,2979.07,-327,-327.00,572.00,-245.78,-126.2,0.3,0.7,0.7,3091,-250
2980,2980.11,-327,-327.00,572.00,-245.99,-126.3,0.3,0.7,0.7,3091,-250
2981,2981.07,-327,-327.00,573.00,-246.18,-126.4,0.3,0.7,0.7,3091,-250
2982,2982.11,-327,-327.00,573.00,-246.39,-126.5,0.3,0.7,0.7,3091,-250
2983,2983.07,-327,-327.00,573.00,-246.58,-126.6,0.3,0.7,0.7,3091,-250
2984,2984.11,-327,-327.00,573.00,-246.79,-126.7,0.3,0.7,0.7,3091,-250
2985,2985.07,-327,-327.00,573.00,-246.98,-126.8,0.3,0.7,0.7,3091,-250
2986,2986.11,-327,-327.00,574.00,-247.19,-126.9,0.3,0.7,0.7,3091,-250
2987,2987.07,-327,-327.00,574.00,-247.38,-127.0,0.3,0.7,0.7,3091,-250
2988,2988.11,-327,-327.00,574.00,-247.59,-127.1,0.3,0.7,0.7,3091,-250
2989,2989.07,-327,-327.00,574.00,-247.78,-127.2,0.3,0.7,0.7,3091,-250
2990,2990.11,-327,-327.00,574.00,-247.99,-127.3,0.3,0.7,0.7,3091,-250
2991,2991.07,-327,-327.00,575.00,-248.18,-127.4,0.3,0.7,0.7,3091,-250
2992,2992.11,-327,-327.00,575.00,-248.39,-127.5,0.3,0.7,0.7,3091,-250
2993,2993.07,-327,-327.00,575.00,-248.58,-127.6,0.3,0.7,0.7,3091,-250
2994,2994.11,-327,-327.00,575.00,-248.79,-127.7,0.3,0.7,0.7,3091,-250
2995,2995.07,-327,-327.00,575.00,-248.98,-127.8,0.3,0.7,0.7,3091,-250
2996,2996.03,-327,-327.00,576.00,-249.18,-127.9,0.3,0.7,0.7,3091,-250
2997,2997.07,-327,-327.00,576.00,-249.38,-128.0,0.3,0.7,0.7,3091,-250
2998,2998.11,-327,-327.00,576.00,-249.59,-128.1,0.3,0.7,0.7,3091,-250
2999,2999.07,-327,-327.00,576.00,-249.78,-128.2,0.3,0.7,0.7,3091,-250
3000,3000.11,-327,-327.00,576.00,-249.99,-128.4,0.3,0.7,0.7,3091,-250
3001,3001.07,-327,-327.00,577.00,-250.18,-128.4,0.3,0.7,0.7,3091,-250
3002,3002.03,-327,-327.00,577.00,-250.38,-128.5,0.3,0.7,0.7,3091,-250
3003,3003.07,-327,-327.00,577.00,-250.58,-128.6,0.3,0.7,0.7,3091,-250
3004,3004.11,-327,-327.00,577.00,-250.79,-128.8,0.3,0.7,0.7,3091,-250
3005,3005.07,-327,-327.00,577.00,-250.98,-128.9,0.3,0.7,0.7,3091,-250
3006,3006.11,-327,-327.00,578.00,-251.19,-128.9,0.3,0.7,0.7,3091,-250
3007,3007.07,-327,-327.00,578.00,-251.38,-129.0,0.3,0.7,0.7,3091,-250
3008,3008.11,-327,-327.00,578.00,-251.59,-129.1,0.3,0.7,0.7,3091,-250
3009,3009.07,-327,-327.00,578.00,-251.78,-129.2,0.3,0.7,0.7,3091,-250
3010,3010.03,-327,-327.00,578.00,-251.98,-129.4,0.3,0.7,0.7,3091,-250
3011,3011.07,-327,-327.00,579.00,-252.18,-129.4,0.3,0.7,0.7,3091,-250
3012,3012.11,-327,-327.00,579.00,-252.39,-129.5,0.3,0.7,0.7,3091,-250
3013,3013.07,-327,-327.00,579.00,-252.58,-129.6,0.3,0.7,0.7,3091,-250
3014,3014.11,-327,-327.00,579.00,-252.79,-129.8,0.3,0.7,0.7,3091,-250
3015,3015.07,-327,-327.00,579.00,-252.98,-129.9,0.3,0.7,0.7,3091,-250
3016,3016.11,-327,-327.00,580.00,-253.19,-129.9,0.3,0.7,0.7,3091,-250
3017,3017.07,-327,-327.00,580.00,-253.38,-130.0,0.3,0.7,0.7,3091,-250
3018,3018.11,-327,-327.00,580.00,-253.59,-130.1,0.3,0.7,0.7,3091,-250
3019,3019.07,-327,-327.00,580.00,-253.78,-130.2,0.3,0.7,0.7,3091,-250
3020,3020.11,-327,-327.00,580.00,-253.99,-130.4,0.3,0.7,0.7,3091,-250
3021,3021.07,-327,-327.00,581.00,-254.18,-130.4,0.3,0.7,0.7,3091,-250
3022,3022.03,-327,-327.00,581.00,-254.38,-130.5,0.3,0.7,0.7,3091,-250
3023,3023.07,-327,-327.00,581.00,-254.58,-130.6,0.3,0.7,0.7,3091,-250
3024,3024.11,-327,-327.00,581.00,-254.79,-130.8,0.3,0.7,0.7,3091,-250
3025,3025.07,-327,-327.00,581.00,-254.98,-130.9,0.3,0.7,0.7,3091,-250
3026,3026.11,-327,-327.00,582.00,-255.19,-131.0,0.3,0.7,0.7,3091,-250
3027,3027.07,-327,-327.00,582.00,-255.38,-131.0,0.3,0.7,0.7,3091,-250
3028,3028.11,-327,-327.00,582.00,-255.59,-131.1,0.3,0.7,0.7,3091,-250
3029,3029.07,-327,-327.00,582.00,-255.78,-131.2,0.3,0.7,0.7,3091,-250
3030,3030.11,-327,-327.00,582.00,-255.99,-131.4,0.3,0.7,0.7,3091,-250
3031,3031.07,-327,-327.00,583.00,-256.18,-131.5,0.3,0.7,0.7,3091,-250
3032,3032.11,-327,-327.00,583.00,-256.39,-131.5,0.3,0.7,0.7,3091,-250
3033,3033.07,-327,-327.00,583.00,-256.58,-131.6,0.3,0.7,0.7,3091,-250
3034,3034.11,-327,-327.00,583.00,-256.79,-131.8,0.3,0.7,0.7,3091,-250
3035,3035.07,-327,-327.00,583.00,-256.98,-131.9,0.3,0.7,0.7,3091,-250
3036,3036.11,-327,-327.00,584.00,-257.19,-132.0,0.3,0.7,0.7,3091,-250
3037,3037.07,-327,-327.00,584.00,-257.38,-132.0,0.3,0.7,0.7,3091,-250
3038,3038.03,-327,-327.00,584.00,-257.58,-132.1,0.3,0.7,0.7,3091,-250
3039,3039.07,-327,-327.00,584.00,-257.78,-132.2,0.3,0.7,0.7,3091,-250
3040,3040.11,-327,-327.00,584.00,-257.99,-132.4,0.3,0.7,0.7,3091,-250
3041,3041.07,-327,-327.00,585.00,-258.18,-132.5,0.3,0.7,0.7,3091,-250
3042,3042.03,-327,-327.00,585.00,-258.38,-132.5,0.3,0.7,0.7,3091,-250
3043,3043.07,-327,-327.00,585.00,-258.58,-132.6,0.3,0.7,0.7,3091,-250
3044,3044.11,-327,-327.00,585.00,-258.79,-132.8,0.3,0.7,0.7,3091,-250
3045,3045.07,-327,-327.00,585.00,-258.98,-132.9,0.3,0.7,0.7,3091,-250
3046,3046.11,-327,-327.00,586.00,-259.19,-133.0,0.3,0.7,0.7,3091,-250
3047,3047.07,-327,-327.00,586.00,-259.38,-133.0,0.3,0.7,0.7,3091,-250
3048,3048.11,-327,-327.00,586.00,-259.59,-133.1,0.3,0.7,0.7,3091,-250
3049,3049.07,-327,-327.00,586.00,-259.78,-133.2,0.3,0.7,0.7,3091,-250
3050,3050.03,-327,-327.00,586.00,-259.98,-133.4,0.3,0.7,0.7,3091,-250
3051,3051.07,-327,-327.00,587.00,-260.18,-133.5,0.3,0.7,0.7,3091,-250
3052,3052.11,-327,-327.00,587.00,-260.39,-133.6,0.3,0.7,0.7,3091,-250
3053,3053.07,-327,-327.00,587.00,-260.58,-133.6,0.3,0.7,0.7,3091,-250
3054,3054.11,-327,-327.00,587.00,-260.79,-133.8,0.3,0.7,0.7,3091,-250
3055,3055.07,-327,-327.00,587.00,-260.98,-133.9,0.3,0.7,0.7,3091,-250
3056,3056.03,-327,-327.00,588.00,-261.18,-134.0,0.3,0.7,0.7,3091,-250
3057,3057.07,-327,-327.00,588.00,-261.38,-134.1,0.3,0.7,0.7,3091,-250
3058,3058.11,-327,-327.00,588.00,-261.59,-134.1,0.3,0.7,0.7,3091,-250
3059,3059.07,-327,-327.00,588.00,-261.78,-134.2,0.3,0.7,0.7,3091,-250
3060,3060.11,-327,-327.00,588.00,-261.99,-134.4,0.3,0.7,0.7,3091,-250
3061,3061.07,-327,-327.00,589.00,-262.18,-134.5,0.3,0.7,0.7,3091,-250
3062,3062.11,-327,-327.00,589.00,-262.39,-134.6,0.3,0.7,0.7,3091,-250
3063,3063.07,-327,-327.00,589.00,-262.58,-134.6,0.3,0.7,0.7,3091,-250
3064,3064.11,-327,-327.00,589.00,-262.79,-134.8,0.3,0.7,0.7,3091,-250
3065,3065.07,-327,-327.00,589.00,-262.98,-134.9,0.3,0.7,0.7,3091,-250
3066,3066.11,-327,-327.00,590.00,-263.19,-135.0,0.3,0.7,0.7,3091,-250
3067,3067.07,-327,-327.00,590.00,-263.38,-135.1,0.3,0.7,0.7,3091,-250
3068,3068.11,-327,-327.00,590.00,-263.59,-135.1,0.3,0.7,0.7,3091,-250
3069,3069.07,-327,-327.00,590.00,-263.78,-135.2,0.3,0.7,0.7,3091,-250
3070,3070.11,-327,-327.00,590.00,-263.99,-135.4,0.3,0.7,0.7,3091,-250
3071,3071.07,-327,-327.00,591.00,-264.18,-135.5,0.3,0.7,0.7,3091,-250
3072,3072.03,-327,-327.00,591.00,-264.38,-135.6,0.3,0.7,0.7,3091,-250
3073,3073.07,-327,-327.00,591.00,-264.58,-135.6,0.3,0.7,0.7,3091,-250
3074,3074.11,-327,-327.00,591.00,-264.79,-135.8,0.3,0.7,0.7,3091,-250
3075,3075.07,-327,-327.00,591.00,-264.98,-135.9,0.3,0.7,0.7,3091,-250
3076,3076.11,-327,-327.00,592.00,-265.19,-136.0,0.3,0.7,0.7,3091,-250
3077,3077.07,-327,-327.00,592.00,-265.38,-136.1,0.3,0.7,0.7,3091,-250
3078,3078.11,-327,-327.00,592.00,-265.59,-136.2,0.3,0.7,0.7,3091,-250
3079,3079.07,-327,-327.00,592.00,-265.78,-136.2,0.3,0.7,0.7,3091,-250
3080,3080.03,-327,-327.00,592.00,-265.98,-136.4,0.3,0.7,0.7,3091,-250
3081,3081.07,-327,-327.00,593.00,-266.18,-136.5,0.3,0.7,0.7,3091,-250
3082,3082.11,-327,-327.00,593.00,-266.39,-136.6,0.3,0.7,0.7,3091,-250
3083,3083.07,-327,-327.00,593.00,-266.58,-136.8,0.3,0.7,0.7,3091,-250
3084,3084.03,-327,-327.00,593.00,-266.78,-136.8,0.3,0.7,0.7,3091,-250
3085,3085.07,-327,-327.00,593.00,-266.98,-136.9,0.3,0.7,0.7,3091,-250
3086,3086.11,-327,-327.00,594.00,-267.19,-137.0,0.3,0.7,0.7,3091,-250
3087,3087.07,-327,-327.00,594.00,-267.38,-137.1,0.3,0.7,0.7,3091,-250
3088,3088.11,-327,-327.00,594.00,-267.59,-137.2,0.3,0.7,0.7,3091,-250
3089,3089.07,-327,-327.00,594.00,-267.78,-137.2,0.3,0.7,0.7,3091,-250
3090,3090.11,-327,-327.00,594.00,-267.99,-137.4,0.3,0.7,0.7,3091,-250
3091,3091.07,-327,-327.00,595.00,-268.18,-137.5,0.3,0.7,0.7,3091,-250
3092,3092.03,-327,-327.00,595.00,-268.38,-137.6,0.3,0.7,0.7,3091,-250
3093,3093.07,-327,-327.00,595.00,-268.58,-137.8,0.3,0.7,0.7,3091,-250
3094,3094.11,-327,-327.00,595.00,-268.79,-137.8,0.3,0.7,0.7,3091,-250
3095,3095.07,-327,-327.00,595.00,-268.98,-137.9,0.3,0.7,0.7,3091,-250
3096,3096.11,-327,-327.00,596.00,-269.19,-138.0,0.3,0.7,0.7,3091,-250
3097,3097.07,-327,-327.00,596.00,-269.38,-138.1,0.3,0.7,0.7,3091,-250
3098,3098.11,-327,-327.00,596.00,-269.59,-138.2,0.3,0.7,0.7,3091,-250
3099,3099.07,-327,-327.00,596.00,-269.78,-138.2,0.3,0.7,0.7,3091,-250
3100,3100.11,-327,-327.00,596.00,-269.99,-138.4,0.3,0.7,0.7,3091,-250
3101,3101.07,-327,-327.00,597.00,-270.18,-138.5,0.3,0.7,0.7,3091,-250
3102,3102.10,-327,-327.00,597.00,-270.39,-138.6,0.3,0.7,0.7,3091,-250
3103,3103.07,-327,-327.00,597.00,-270.58,-138.8,0.3,0.7,0.7,3091,-250
3104,3104.11,-327,-327.00,597.00,-270.79,-138.9,0.3,0.7,0.7,3091,-250
3105,3105.07,-327,-327.00,597.00,-270.98,-138.9,0.3,0.7,0.7,3091,-250
3106,3106.11,-327,-327.00,598.00,-271.19,-139.0,0.3,0.7,0.7,3091,-250
3107,3107.07,-327,-327.00,598.00,-271.38,-139.1,0.3,0.7,0.7,3091,-250
3108,3108.11,-327,-327.00,598.00,-271.59,-139.2,0.3,0.7,0.7,3091,-250
3109,3109.07,-327,-327.00,598.00,-271.78,-139.4,0.3,0.7,0.7,3091,-250
3110,3110.11,-327,-327.00,598.00,-271.99,-139.4,0.3,0.7,0.7,3091,-250
3111,3111.07,-327,-327.00,599.00,-272.18,-139.5,0.3,0.7,0.7,3091,-250
3112,3112.11,-327,-327.00,599.00,-272.39,-139.6,0.3,0.7,0.7,3091,-250
3113,3113.07,-327,-327.00,599.00,-272.58,-139.8,0.3,0.7,0.7,3091,-250
3114,3114.11,-327,-327.00,599.00,-272.79,-139.9,0.3,0.7,0.7,3091,-250
3115,3115.07,-327,-327.00,599.00,-272.98,-139.9,0.3,0.7,0.7,3091,-250
3116,3116.11,-327,-327.00,600.00,-273.19,-140.0,0.3,0.7,0.7,3091,-250
3117,3117.07,-327,-327.00,600.00,-273.38,-140.1,0.3,0.7,0.7,3091,-250
3118,3118.03,-327,-327.00,600.00,-273.58,-140.2,0.3,0.7,0.7,3091,-250
3119,3119.07,-327,-327.00,600.00,-273.78,-140.4,0.3,0.7,0.7,3091,-250
3120,3120.11,-327,-327.00,600.00,-273.99,-140.4,0.3,0.7,0.7,3091,-250
3121,3121.07,-327,-327.00,601.00,-274.18,-140.5,0.3,0.7,0.7,3091,-250
3122,3122.11,-327,-327.00,601.00,-274.39,-140.6,0.3,0.7,0.7,3091,-250
3123,3123.07,-327,-327.00,601.00,-274.58,-140.8,0.3,0.7,0.7,3091,-250
3124,3124.11,-327,-327.00,601.00,-274.79,-140.9,0.3,0.7,0.7,3091,-250
3125,3125.07,-327,-327.00,601.00,-274.98,-140.9,0.3,0.7,0.7,3091,-250
3126,3126.11,-327,-327.00,602.00,-275.19,-141.0,0.3,0.7,0.7,3091,-250
3127,3127.07,-327,-327.00,602.00,-275.38,-141.1,0.3,0.7,0.7,3091,-250
3128,3128.11,-327,-327.00,602.00,-275.59,-141.2,0.3,0.7,0.7,3091,-250
3129,3129.07,-327,-327.00,602.00,-275.78,-141.4,0.3,0.7,0.7,3091,-250
3130,3130.10,-327,-327.00,602.00,-275.99,-141.5,0.3,0.7,0.7,3091,-250
3131,3131.07,-327,-327.00,603.00,-276.18,-141.5,0.3,0.7,0.7,3091,-250
3132,3132.03,-327,-327.00,603.00,-276.38,-141.6,0.3,0.7,0.7,3091,-250
3133,3133.07,-327,-327.00,603.00,-276.58,-141.8,0.3,0.7,0.7,3091,-250
3134,3134.03,-327,-327.00,603.00,-276.78,-141.9,0.3,0.7,0.7,3091,-250
3135,3135.07,-327,-327.00,603.00,-276.98,-142.0,0.3,0.7,0.7,3091,-250
3136,3136.11,-327,-327.00,604.00,-277.19,-142.0,0.3,0.7,0.7,3091,-250
3137,3137.07,-327,-327.00,604.00,-277.38,-142.1,0.3,0.7,0.7,3091,-250
3138,3138.11,-327,-327.00,604.00,-277.59,-142.2,0.3,0.7,0.7,3091,-250
3139,3139.07,-327,-327.00,604.00,-277.78,-142.4,0.3,0.7,0.7,3091,-250
3140,3140.11,-327,-327.00,604.00,-277.99,-142.5,0.3,0.7,0.7,3091,-250
3141,3141.07,-327,-327.00,605.00,-278.18,-142.5,0.3,0.7,0.7,3091,-250
3142,3142.11,-327,-327.00,605.00,-278.39,-142.6,0.3,0.7,0.7,3091,-250
3143,3143.07,-327,-327.00,605.00,-278.58,-142.8,0.3,0.7,0.7,3091,-250
3144,3144.11,-327,-327.00,605.00,-278.79,-142.9,0.3,0.7,0.7,3091,-250
3145,3145.07,-327,-327.00,605.00,-278.98,-143.0,0.3,0.7,0.7,3091,-250
3146,3146.11,-327,-327.00,606.00,-279.19,-143.0,0.3,0.7,0.7,3091,-250
3147,3147.07,-327,-327.00,606.00,-279.38,-143.1,0.3,0.7,0.7,3091,-250
3148,3148.03,-327,-327.00,606.00,-279.58,-143.2,0.3,0.7,0.7,3091,-250
3149,3149.07,-327,-327.00,606.00,-279.78,-143.4,0.3,0.7,0.7,3091,-250
3150,3150.11,-327,-327.00,606.00,-279.99,-143.5,0.3,0.7,0.7,3091,-250
3151,3151.07,-327,-327.00,607.00,-280.18,-143.5,0.3,0.7,0.7,3091,-250
3152,3152.11,-327,-327.00,607.00,-280.39,-143.6,0.3,0.7,0.7,3091,-250
3153,3153.07,-327,-327.00,607.00,-280.58,-143.8,0.3,0.7,0.7,3091,-250
3154,3154.11,-327,-327.00,607.00,-280.79,-143.9,0.3,0.7,0.7,3091,-250
3155,3155.07,-327,-327.00,607.00,-280.98,-144.0,0.3,0.7,0.7,3091,-250
3156,3156.11,-327,-327.00,608.00,-281.19,-144.1,0.3,0.7,0.7,3091,-250
3157,3157.07,-327,-327.00,608.00,-281.38,-144.1,0.3,0.7,0.7,3091,-250
3158,3158.11,-327,-327.00,608.00,-281.59,-144.2,0.3,0.7,0.7,3091,-250
3159,3159.07,-327,-327.00,608.00,-281.78,-144.4,0.3,0.7,0.7,3091,-250
3160,3160.11,-327,-327.00,608.00,-281.99,-144.5,0.3,0.7,0.7,3091,-250
3161,3161.07,-327,-327.00,609.00,-282.18,-144.6,0.3,0.7,0.7,3091,-250
3162,3162.11,-327,-327.00,609.00,-282.39,-144.6,0.3,0.7,0.7,3091,-250
3163,3163.07,-327,-327.00,609.00,-282.58,-144.8,0.3,0.7,0.7,3091,-250
3164,3164.11,-327,-327.00,609.00,-282.79,-144.9,0.3,0.7,0.7,3091,-250
3165,3165.07,-327,-327.00,609.00,-282.98,-145.0,0.3,0.7,0.7,3091,-250
3166,3166.11,-327,-327.00,610.00,-283.19,-145.1,0.3,0.7,0.7,3091,-250
3167,3167.07,-327,-327.00,610.00,-283.38,-145.1,0.3,0.7,0.7,3091,-250
3168,3168.11,-327,-327.00,610.00,-283.59,-145.2,0.3,0.7,0.7,3091,-250
3169,3169.07,-327,-327.00,610.00,-283.78,-145.4,0.3,0.7,0.7,3091,-250
3170,3170.11,-327,-327.00,610.00,-283.99,-145.5,0.3,0.7,0.7,3091,-250
3171,3171.07,-327,-327.00,611.00,-284.18,-145.6,0.3,0.7,0.7,3091,-250
3172,3172.11,-327,-327.00,611.00,-284.39,-145.6,0.3,0.7,0.7,3091,-250
3173,3173.07,-327,-327.00,611.00,-284.58,-145.8,0.3,0.7,0.7,3091,-250
3174,3174.11,-327,-327.00,611.00,-284.79,-145.9,0.3,0.7,0.7,3091,-250
3175,3175.07,-327,-327.00,611.00,-284.98,-146.0,0.3,0.7,0.7,3091,-250
3176,3176.11,-327,-327.00,612.00,-285.19,-146.1,0.3,0.7,0.7,3091,-250
3177,3177.07,-327,-327.00,612.00,-285.38,-146.1,0.3,0.7,0.7,3091,-250
3178,3178.11,-327,-327.00,612.00,-285.59,-146.2,0.3,0.7,0.7,3091,-250
3179,3179.07,-327,-327.00,612.00,-285.78,-146.4,0.3,0.7,0.7,3091,-250
3180,3180.03,-327,-327.00,612.00,-285.98,-146.5,0.3,0.7,0.7,3091,-250
3181,3181.07,-327,-327.00,613.00,-286.18,-146.6,0.3,0.7,0.7,3091,-250
3182,3182.03,-327,-327.00,613.00,-286.38,-146.6,0.3,0.7,0.7,3091,-250
3183,3183.07,-327,-327.00,613.00,-286.58,-146.8,0.3,0.7,0.7,3091,-250
3184,3184.11,-327,-327.00,613.00,-286.79,-146.9,0.3,0.7,0.7,3091,-250
3185,3185.07,-327,-327.00,613.00,-286.98,-147.0,0.3,0.7,0.7,3091,-250
3186,3186.11,-327,-327.00,614.00,-287.19,-147.1,0.3,0.7,0.7,3091,-250
3187,3187.07,-327,-327.00,614.00,-287.38,-147.2,0.3,0.7,0.7,3091,-250
3188,3188.11,-327,-327.00,614.00,-287.59,-147.2,0.3,0.7,0.7,3091,-250
3189,3189.07,-327,-327.00,614.00,-287.78,-147.4,0.3,0.7,0.7,3091,-250
3190,3190.11,-327,-327.00,614.00,-287.99,-147.5,0.3,0.7,0.7,3091,-250
3191,3191.07,-327,-327.00,615.00,-288.18,-147.6,0.3,0.7,0.7,3091,-250
3192,3192.10,-327,-327.00,615.00,-288.39,-147.8,0.3,0.7,0.7,3091,-250
3193,3193.07,-327,-327.00,615.00,-288.58,-147.8,0.3,0.7,0.7,3091,-250
3194,3194.11,-327,-327.00,615.00,-288.79,-147.9,0.3,0.7,0.7,3091,-250
3195,3195.07,-327,-327.00,615.00,-288.98,-148.0,0.3,0.7,0.7,3091,-250
3196,3196.11,-327,-327.00,616.00,-289.19,-148.1,0.3,0.7,0.7,3091,-250
3197,3197.07,-327,-327.00,616.00,-289.38,-148.2,0.3,0.7,0.7,3091,-250
3198,3198.11,-327,-327.00,616.00,-289.59,-148.2,0.3,0.7,0.7,3091,-250
3199,3199.07,-327,-327.00,616.00,-289.78,-148.4,0.3,0.7,0.7,3091,-250
3200,3200.11,-327,-327.00,616.00,-289.99,-148.5,0.3,0.7,0.7,3091,-250
3201,3201.07,-327,-327.00,617.00,-290.18,-148.6,0.3,0.7,0.7,3091,-250
3202,3202.11,-327,-327.00,617.00,-290.39,-148.8,0.3,0.7,0.7,3091,-250
3203,3203.07,-327,-327.00,617.00,-290.58,-148.8,0.3,0.7,0.7,3091,-250
3204,3204.11,-327,-327.00,617.00,-290.79,-148.9,0.3,0.7,0.7,3091,-250
3205,3205.07,-327,-327.00,617.00,-290.98,-149.0,0.3,0.7,0.7,3091,-250
3206,3206.11,-327,-327.00,618.00,-291.19,-149.1,0.3,0.7,0.7,3091,-250
3207,3207.07,-327,-327.00,618.00,-291.38,-149.2,0.3,0.7,0.7,3091,-250
3208,3208.03,-327,-327.00,618.00,-291.58,-149.4,0.3,0.7,0.7,3091,-250
3209,3209.07,-327,-327.00,618.00,-291.78,-149.4,0.3,0.7,0.7,3091,-250
3210,3210.11,-327,-327.00,618.00,-291.99,-149.5,0.3,0.7,0.7,3091,-250
3211,3211.07,-327,-327.00,619.00,-292.18,-149.6,0.3,0.7,0.7,3091,-250
3212,3212.11,-327,-327.00,619.00,-292.39,-149.8,0.3,0.7,0.7,3091,-250
3213,3213.07,-327,-327.00,619.00,-292.58,-149.9,0.3,0.7,0.7,3091,-250
3214,3214.11,-327,-327.00,619.00,-292.79,-149.9,0.3,0.7,0.7,3091,-250
3215,3215.07,-327,-327.00,619.00,-292.98,-150.0,0.3,0.7,0.7,3091,-250
3216,3216.11,-327,-327.00,620.00,-293.19,-150.1,0.3,0.7,0.7,3091,-250
3217,3217.07,-327,-327.00,620.00,-293.38,-150.2,0.3,0.7,0.7,3091,-250
3218,3218.11,-327,-327.00,620.00,-293.59,-150.4,0.3,0.7,0.7,3091,-250
3219,3219.07,-327,-327.00,620.00,-293.78,-150.4,0.3,0.7,0.7,3091,-250
3220,3220.11,-327,-327.00,620.00,-293.99,-150.5,0.3,0.7,0.7,3091,-250
3221,3221.07,-327,-327.00,621.00,-294.18,-150.6,0.3,0.7,0.7,3091,-250
3222,3222.11,-327,-327.00,621.00,-294.39,-150.8,0.3,0.7,0.7,3091,-250
3223,3223.07,-327,-327.00,621.00,-294.58,-150.9,0.3,0.7,0.7,3091,-250
3224,3224.11,-327,-327.00,621.00,-294.79,-150.9,0.3,0.7,0.7,3091,-250
3225,3225.07,-327,-327.00,621.00,-294.98,-151.0,0.3,0.7,0.7,3091,-250
3226,3226.11,-327,-327.00,622.00,-295.19,-151.1,0.3,0.7,0.7,3091,-250
3227,3227.07,-327,-327.00,622.00,-295.38,-151.2,0.3,0.7,0.7,3091,-250
3228,3228.11,-327,-327.00,622.00,-295.59,-151.4,0.3,0.7,0.7,3091,-250
3229,3229.07,-327,-327.00,622.00,-295.78,-151.5,0.3,0.7,0.7,3091,-250
3230,3230.10,-327,-327.00,622.00,-295.99,-151.5,0.3,0.7,0.7,3091,-250
3231,3231.07,-327,-327.00,623.00,-296.18,-151.6,0.3,0.7,0.7,3091,-250
3232,3232.11,-327,-327.00,623.00,-296.39,-151.8,0.3,0.7,0.7,3091,-250
3233,3233.07,-327,-327.00,623.00,-296.58,-151.9,0.3,0.7,0.7,3091,-250
3234,3234.11,-327,-327.00,623.00,-296.79,-152.0,0.3,0.7,0.7,3091,-250
3235,3235.07,-327,-327.00,623.00,-296.98,-152.0,0.3,0.7,0.7,3091,-250
3236,3236.11,-327,-327.00,624.00,-297.19,-152.1,0.3,0.7,0.7,3091,-250
3237,3237.07,-327,-327.00,624.00,-297.38,-152.2,0.3,0.7,0.7,3091,-250
3238,3238.11,-327,-327.00,624.00,-297.59,-152.4,0.3,0.7,0.7,3091,-250
3239,3239.07,-327,-327.00,624.00,-297.78,-152.5,0.3,0.7,0.7,3091,-250
3240,3240.11,-327,-327.00,624.00,-297.99,-152.5,0.3,0.7,0.7,3091,-250
3241,3241.07,-327,-327.00,625.00,-298.18,-152.6,0.3,0.7,0.7,3091,-250
3242,3242.11,-327,-327.00,625.00,-298.39,-152.8,0.3,0.7,0.7,3091,-250
3243,3243.07,-327,-327.00,625.00,-298.58,-152.9,0.3,0.7,0.7,3091,-250
3244,3244.10,-327,-327.00,625.00,-298.79,-153.0,0.3,0.7,0.7,3091,-250
3245,3245.07,-327,-327.00,625.00,-298.98,-153.0,0.3,0.7,0.7,3091,-250
3246,3246.11,-327,-327.00,626.00,-299.19,-153.1,0.3,0.7,0.7,3091,-250
3247,3247.07,-327,-327.00,626.00,-299.38,-153.2,0.3,0.7,0.7,3091,-250
3248,3248.03,-327,-327.00,626.00,-299.58,-153.4,0.3,0.7,0.7,3091,-250
3249,3249.07,-327,-327.00,626.00,-299.78,-153.5,0.3,0.7,0.7,3091,-250
3250,3250.11,-327,-327.00,626.00,-299.99,-153.5,0.3,0.7,0.7,3091,-250
3251,3251.07,-327,-327.00,627.00,-300.18,-153.6,0.3,0.7,0.7,3091,-250
3252,3252.11,-327,-327.00,627.00,-300.39,-153.8,0.3,0.7,0.7,3091,-250
3253,3253.07,-327,-327.00,627.00,-300.58,-153.9,0.3,0.7,0.7,3091,-250
3254,3254.11,-327,-327.00,627.00,-300.79,-154.0,0.3,0.7,0.7,3091,-250
3255,3255.07,-327,-327.00,627.00,-300.98,-154.1,0.3,0.7,0.7,3091,-250
3256,3256.03,-327,-327.00,628.00,-301.18,-154.1,0.3,0.7,0.7,3091,-250
3257,3257.07,-327,-327.00,628.00,-301.38,-154.2,0.3,0.7,0.7,3091,-250
3258,3258.11,-327,-327.00,628.00,-301.59,-154.4,0.3,0.7,0.7,3091,-250
3259,3259.07,-327,-327.00,628.00,-301.78,-154.5,0.3,0.7,0.7,3091,-250
3260,3260.11,-327,-327.00,628.00,-301.99,-154.6,0.3,0.7,0.7,3091,-250
3261,3261.07,-327,-327.00,629.00,-302.18,-154.6,0.3,0.7,0.7,3091,-250
3262,3262.11,-327,-327.00,629.00,-302.39,-154.8,0.3,0.7,0.7,3091,-250
3263,3263.07,-327,-327.00,629.00,-302.58,-154.9,0.3,0.7,0.7,3091,-250
3264,3264.11,-327,-327.00,629.00,-302.79,-155.0,0.3,0.7,0.7,3091,-250
3265,3265.07,-327,-327.00,629.00,-302.98,-155.1,0.3,0.7,0.7,3091,-250
3266,3266.11,-327,-327.00,630.00,-303.19,-155.1,0.3,0.7,0.7,3091,-250
3267,3267.07,-327,-327.00,630.00,-303.38,-155.2,0.3,0.7,0.7,3091,-250
3268,3268.11,-327,-327.00,630.00,-303.59,-155.4,0.3,0.7,0.7,3091,-250
3269,3269.07,-327,-327.00,630.00,-303.78,-155.5,0.3,0.7,0.7,3091,-250
3270,3270.11,-327,-327.00,630.00,-303.99,-155.6,0.3,0.7,0.7,3091,-250
3271,3271.07,-327,-327.00,631.00,-304.18,-155.6,0.3,0.7,0.7,3091,-250
3272,3272.11,-327,-327.00,631.00,-304.39,-155.8,0.3,0.7,0.7,3091,-250
3273,3273.07,-327,-327.00,631.00,-304.58,-155.9,0.3,0.7,0.7,3091,-250
3274,3274.11,-327,-327.00,631.00,-304.79,-156.0,0.3,0.7,0.7,3091,-250
3275,3275.07,-327,-327.00,631.00,-304.98,-156.1,0.3,0.7,0.7,3091,-250
3276,3276.11,-327,-327.00,632.00,-305.19,-156.2,0.3,0.7,0.7,3091,-250
3277,3277.07,-327,-327.00,632.00,-305.38,-156.2,0.3,0.7,0.7,3091,-250
3278,3278.11,-327,-327.00,632.00,-305.59,-156.4,0.3,0.7,0.7,3091,-250
3279,3279.06,-327,-327.00,632.00,-305.78,-156.5,0.3,0.7,0.7,3091,-250
3280,3280.11,-327,-327.00,632.00,-305.99,-156.6,0.3,0.7,0.7,3091,-250
3281,3281.07,-327,-327.00,633.00,-306.18,-156.8,0.3,0.7,0.7,3091,-250
3282,3282.11,-327,-327.00,633.00,-306.39,-156.8,0.3,0.7,0.7,3091,-250
3283,3283.07,-327,-327.00,633.00,-306.58,-156.9,0.3,0.7,0.7,3091,-250
3284,3284.11,-327,-327.00,633.00,-306.79,-157.0,0.3,0.7,0.7,3091,-250
3285,3285.07,-327,-327.00,633.00,-306.98,-157.1,0.3,0.7,0.7,3091,-250
3286,3286.11,-327,-327.00,634.00,-307.19,-157.2,0.3,0.7,0.7,3091,-250
3287,3287.07,-327,-327.00,634.00,-307.38,-157.2,0.3,0.7,0.7,3091,-250
3288,3288.11,-327,-327.00,634.00,-307.59,-157.4,0.3,0.7,0.7,3091,-250
3289,3289.07,-327,-327.00,634.00,-307.78,-157.5,0.3,0.7,0.7,3091,-250
3290,3290.11,-327,-327.00,634.00,-307.99,-157.6,0.3,0.7,0.7,3091,-250
3291,3291.07,-327,-327.00,635.00,-308.18,-157.8,0.3,0.7,0.7,3091,-250
3292,3292.11,-327,-327.00,635.00,-308.39,-157.8,0.3,0.7,0.7,3091,-250
3293,3293.07,-327,-327.00,635.00,-308.58,-157.9,0.3,0.7,0.7,3091,-250
3294,3294.11,-327,-327.00,635.00,-308.79,-158.0,0.3,0.7,0.7,3091,-250
3295,3295.07,-327,-327.00,635.00,-308.98,-158.1,0.3,0.7,0.7,3091,-250
3296,3296.11,-327,-327.00,636.00,-309.19,-158.2,0.3,0.7,0.7,3091,-250
3297,3297.07,-327,-327.00,636.00,-309.38,-158.2,0.3,0.7,0.7,3091,-250
3298,3298.11,-327,-327.00,636.00,-309.59,-158.4,0.3,0.7,0.7,3091,-250
3299,3299.07,-327,-327.00,636.00,-309.78,-158.5,0.3,0.7,0.7,3091,-250
3300,3300.11,-327,-327.00,636.00,-309.99,-158.6,0.3,0.7,0.7,3091,-250
3301,3301.07,-327,-327.00,637.00,-310.18,-158.8,0.3,0.7,0.7,3091,-250
3302,3302.11,-327,-327.00,637.00,-310.39,-158.9,0.3,0.7,0.7,3091,-250
3303,3303.07,-327,-327.00,637.00,-310.58,-158.9,0.3,0.7,0.7,3091,-250
3304,3304.11,-327,-327.00,637.00,-310.79,-159.0,0.3,0.7,0.7,3091,-250
3305,3305.07,-327,-327.00,637.00,-310.98,-159.1,0.3,0.7,0.7,3091,-250
3306,3306.11,-327,-327.00,638.00,-311.19,-159.2,0.3,0.7,0.7,3091,-250
3307,3307.07,-327,-327.00,638.00,-311.38,-159.4,0.3,0.7,0.7,3091,-250
3308,3308.03,-327,-327.00,638.00,-311.58,-159.4,0.3,0.7,0.7,3091,-250
3309,3309.07,-327,-327.00,638.00,-311.78,-159.5,0.3,0.7,0.7,3091,-250
3310,3310.11,-327,-327.00,638.00,-311.99,-159.6,0.3,0.7,0.7,3091,-250
3311,3311.07,-327,-327.00,639.00,-312.18,-159.8,0.3,0.7,0.7,3091,-250
3312,3312.11,-327,-327.00,639.00,-312.39,-159.9,0.3,0.7,0.7,3091,-250
3313,3313.06,-327,-327.00,639.00,-312.58,-159.9,0.3,0.7,0.7,3091,-250
3314,3314.11,-327,-327.00,639.00,-312.79,-160.0,0.3,0.7,0.7,3091,-250
3315,3315.07,-327,-327.00,639.00,-312.98,-160.1,0.3,0.7,0.7,3091,-250
3316,3316.10,-327,-327.00,640.00,-313.19,-160.2,0.3,0.7,0.7,3091,-250
3317,3317.07,-327,-327.00,640.00,-313.38,-160.4,0.3,0.7,0.7,3091,-250
3318,3318.11,-327,-327.00,640.00,-313.59,-160.4,0.3,0.7,0.7,3091,-250
3319,3319.07,-327,-327.00,640.00,-313.78,-160.5,0.3,0.7,0.7,3091,-250
3320,3320.11,-327,-327.00,640.00,-313.99,-160.6,0.3,0.7,0.7,3091,-250
3321,3321.07,-327,-327.00,641.00,-314.18,-160.8,0.3,0.7,0.7,3091,-250
3322,3322.11,-327,-327.00,641.00,-314.39,-160.9,0.3,0.7,0.7,3091,-250
3323,3323.07,-327,-327.00,641.00,-314.58,-160.9,0.3,0.7,0.7,3091,-250
3324,3324.11,-327,-327.00,641.00,-314.79,-161.0,0.3,0.7,0.7,3091,-250
3325,3325.07,-327,-327.00,641.00,-314.98,-161.1,0.3,0.7,0.7,3091,-250
3326,3326.10,-327,-327.00,642.00,-315.19,-161.2,0.3,0.7,0.7,3091,-250
3327,3327.07,-327,-327.00,642.00,-315.38,-161.4,0.3,0.7,0.7,3091,-250
3328,3328.11,-327,-327.00,642.00,-315.59,-161.5,0.3,0.7,0.7,3091,-250
3329,3329.07,-327,-327.00,642.00,-315.78,-161.5,0.3,0.7,0.7,3091,-250
3330,3330.10,-327,-327.00,642.00,-315.99,-161.6,0.3,0.7,0.7,3091,-250
3331,3331.06,-327,-327.00,643.00,-316.18,-161.8,0.3,0.7,0.7,3091,-250
3332,3332.11,-327,-327.00,643.00,-316.39,-161.9,0.3,0.7,0.7,3091,-250
3333,3333.07,-327,-327.00,643.00,-316.58,-162.0,0.3,0.7,0.7,3091,-250
3334,3334.11,-327,-327.00,643.00,-316.79,-162.0,0.3,0.7,0.7,3091,-250
3335,3335.07,-327,-327.00,643.00,-316.98,-162.1,0.3,0.7,0.7,3091,-250
3336,3336.11,-327,-327.00,644.00,-317.19,-162.2,0.3,0.7,0.7,3091,-250
3337,3337.07,-327,-327.00,644.00,-317.38,-162.4,0.3,0.7,0.7,3091,-250
3338,3338.11,-327,-327.00,644.00,-317.59,-162.5,0.3,0.7,0.7,3091,-250
3339,3339.07,-327,-327.00,644.00,-317.78,-162.5,0.3,0.7,0.7,3091,-250
3340,3340.11,-327,-327.00,644.00,-317.99,-162.6,0.3,0.7,0.7,3091,-250
3341,3341.07,-327,-327.00,645.00,-318.18,-162.8,0.3,0.7,0.7,3091,-250
3342,3342.11,-327,-327.00,645.00,-318.39,-162.9,0.3,0.7,0.7,3091,-250
3343,3343.07,-327,-327.00,645.00,-318.58,-163.0,0.3,0.7,0.7,3091,-250
3344,3344.11,-327,-327.00,645.00,-318.79,-163.0,0.3,0.7,0.7,3091,-250
3345,3345.06,-327,-327.00,645.00,-318.98,-163.1,0.3,0.7,0.7,3091,-250
3346,3346.11,-327,-327.00,646.00,-319.19,-163.2,0.3,0.7,0.7,3091,-250
3347,3347.06,-327,-327.00,646.00,-319.38,-163.4,0.3,0.7,0.7,3091,-250
3348,3348.11,-327,-327.00,646.00,-319.59,-163.5,0.3,0.7,0.7,3091,-250
3349,3349.06,-327,-327.00,646.00,-319.78,-163.5,0.3,0.7,0.7,3091,-250
3350,3350.11,-327,-327.00,646.00,-319.99,-163.6,0.3,0.7,0.7,3091,-250
3351,3351.07,-327,-327.00,647.00,-320.18,-163.8,0.3,0.7,0.7,3091,-250
3352,3352.11,-327,-327.00,647.00,-320.39,-163.9,0.3,0.7,0.7,3091,-250
3353,3353.06,-327,-327.00,647.00,-320.58,-164.0,0.3,0.7,0.7,3091,-250
3354,3354.11,-327,-327.00,647.00,-320.79,-164.1,0.3,0.7,0.7,3091,-250
3355,3355.07,-327,-327.00,647.00,-320.98,-164.1,0.3,0.7,0.7,3091,-250
3356,3356.11,-327,-327.00,648.00,-321.19,-164.2,0.3,0.7,0.7,3091,-250
3357,3357.07,-327,-327.00,648.00,-321.38,-164.4,0.3,0.7,0.7,3091,-250
3358,3358.11,-327,-327.00,648.00,-321.59,-164.5,0.3,0.7,0.7,3091,-250
3359,3359.07,-327,-327.00,648.00,-321.78,-164.6,0.3,0.7,0.7,3091,-250
3360,3360.11,-327,-327.00,648.00,-321.99,-164.6,0.3,0.7,0.7,3091,-250
3361,3361.07,-327,-327.00,649.00,-322.18,-164.8,0.3,0.7,0.7,3091,-250
3362,3362.11,-327,-327.00,649.00,-322.39,-164.9,0.3,0.7,0.7,3091,-250
3363,3363.07,-327,-327.00,649.00,-322.58,-165.0,0.3,0.7,0.7,3091,-250
3364,3364.11,-327,-327.00,649.00,-322.79,-165.1,0.3,0.7,0.7,3091,-250
3365,3365.07,-327,-327.00,649.00,-322.98,-165.1,0.3,0.7,0.7,3091,-250
3366,3366.11,-327,-327.00,650.00,-323.19,-165.2,0.3,0.7,0.7,3091,-250
3367,3367.07,-327,-327.00,650.00,-323.38,-165.4,0.3,0.7,0.7,3091,-250
3368,3368.11,-327,-327.00,650.00,-323.59,-165.5,0.3,0.7,0.7,3091,-250
3369,3369.06,-327,-327.00,650.00,-323.78,-165.6,0.3,0.7,0.7,3091,-250
3370,3370.11,-327,-327.00,650.00,-323.99,-165.6,0.3,0.7,0.7,3091,-250
3371,3371.07,-327,-327.00,651.00,-324.18,-165.8,0.3,0.7,0.7,3091,-250
3372,3372.11,-327,-327.00,651.00,-324.39,-165.9,0.3,0.7,0.7,3091,-250
3373,3373.07,-327,-327.00,651.00,-324.58,-166.0,0.3,0.7,0.7,3091,-250
3374,3374.11,-327,-327.00,651.00,-324.79,-166.1,0.3,0.7,0.7,3091,-250
3375,3375.07,-327,-327.00,651.00,-324.98,-166.1,0.3,0.7,0.7,3091,-250
3376,3376.11,-327,-327.00,652.00,-325.19,-166.2,0.3,0.7,0.7,3091,-250
3377,3377.07,-327,-327.00,652.00,-325.38,-166.4,0.3,0.7,0.7,3091,-250
3378,3378.11,-327,-327.00,652.00,-325.59,-166.5,0.3,0.7,0.7,3091,-250
3379,3379.06,-327,-327.00,652.00,-325.78,-166.6,0.3,0.7,0.7,3091,-250
3380,3380.11,-327,-327.00,652.00,-325.99,-166.8,0.3,0.7,0.7,3091,-250
3381,3381.07,-327,-327.00,653.00,-326.18,-166.8,0.3,0.7,0.7,3091,-250
3382,3382.11,-327,-327.00,653.00,-326.39,-166.9,0.3,0.7,0.7,3091,-250
3383,3383.07,-327,-327.00,653.00,-326.58,-167.0,0.3,0.7,0.7,3091,-250
3384,3384.11,-327,-327.00,653.00,-326.79,-167.1,0.3,0.7,0.7,3091,-250
3385,3385.07,-327,-327.00,653.00,-326.98,-167.2,0.3,0.7,0.7,3091,-250
3386,3386.11,-327,-327.00,654.00,-327.19,-167.2,0.3,0.7,0.7,3091,-250
3387,3387.07,-327,-327.00,654.00,-327.38,-167.4,0.3,0.7,0.7,3091,-250
3388,3388.10,-327,-327.00,654.00,-327.59,-167.5,0.3,0.7,0.7,3091,-250
3389,3389.07,-327,-327.00,654.00,-327.78,-167.6,0.3,0.7,0.7,3091,-250
3390,3390.11,-327,-327.00,654.00,-327.99,-167.8,0.3,0.7,0.7,3091,-250
3391,3391.07,-327,-327.00,655.00,-328.18,-167.8,0.3,0.7,0.7,3091,-250
3392,3392.11,-327,-327.00,655.00,-328.39,-167.9,0.3,0.7,0.7,3091,-250
3393,3393.07,-327,-327.00,655.00,-328.58,-168.0,0.3,0.7,0.7,3091,-250
3394,3394.11,-327,-327.00,655.00,-328.79,-168.1,0.3,0.7,0.7,3091,-250
3395,3395.07,-327,-327.00,655.00,-328.98,-168.2,0.3,0.7,0.7,3091,-250
3396,3396.11,-327,-327.00,656.00,-329.19,-168.2,0.3,0.7,0.7,3091,-250
3397,3397.07,-327,-327.00,656.00,-329.38,-168.4,0.3,0.7,0.7,3091,-250
3398,3398.11,-327,-327.00,656.00,-329.59,-168.5,0.3,0.7,0.7,3091,-250
3399,3399.07,-327,-327.00,656.00,-329.78,-168.6,0.3,0.7,0.7,3091,-250
3400,3400.11,-327,-327.00,656.00,-329.99,-168.8,0.3,0.7,0.7,3091,-250
3401,3401.07,-327,-327.00,657.00,-330.18,-168.8,0.3,0.7,0.7,3091,-250
3402,3402.11,-327,-327.00,657.00,-330.39,-168.9,0.3,0.7,0.7,3091,-250
3403,3403.07,-327,-327.00,657.00,-330.58,-169.0,0.3,0.7,0.7,3091,-250
3404,3404.10,-327,-327.00,657.00,-330.79,-169.1,0.3,0.7,0.7,3091,-250
3405,3405.07,-327,-327.00,657.00,-330.98,-169.2,0.3,0.7,0.7,3091,-250
3406,3406.11,-327,-327.00,658.00,-331.19,-169.4,0.3,0.7,0.7,3091,-250
3407,3407.07,-327,-327.00,658.00,-331.38,-169.4,0.3,0.7,0.7,3091,-250
3408,3408.10,-327,-327.00,658.00,-331.59,-169.5,0.3,0.7,0.7,3091,-250
3409,3409.06,-327,-327.00,658.00,-331.78,-169.6,0.3,0.7,0.7,3091,-250
3410,3410.11,-327,-327.00,658.00,-331.99,-169.8,0.3,0.7,0.7,3091,-250
3411,3411.07,-327,-327.00,659.00,-332.18,-169.9,0.3,0.7,0.7,3091,-250
3412,3412.11,-327,-327.00,659.00,-332.39,-169.9,0.3,0.7,0.7,3091,-250
3413,3413.07,-327,-327.00,659.00,-332.58,-170.0,0.3,0.7,0.7,3091,-250
3414,3414.11,-327,-327.00,659.00,-332.79,-170.1,0.3,0.7,0.7,3091,-250
3415,3415.06,-327,-327.00,659.00,-332.98,-170.2,0.3,0.7,0.7,3091,-250
3416,3416.11,-327,-327.00,660.00,-333.19,-170.4,0.3,0.7,0.7,3091,-250
3417,3417.06,-327,-327.00,660.00,-333.38,-170.4,0.3,0.7,0.7,3091,-250
3418,3418.11,-327,-327.00,660.00,-333.59,-170.5,0.3,0.7,0.7,3091,-250
3419,3419.07,-327,-327.00,660.00,-333.78,-170.6,0.3,0.7,0.7,3091,-250
3420,3420.11,-327,-327.00,660.00,-333.99,-170.8,0.3,0.7,0.7,3091,-250
3421,3421.07,-327,-327.00,661.00,-334.18,-170.9,0.3,0.7,0.7,3091,-250
3422,3422.11,-327,-327.00,661.00,-334.39,-170.9,0.3,0.7,0.7,3091,-250
3423,3423.07,-327,-327.00,661.00,-334.58,-171.0,0.3,0.7,0.7,3091,-250
3424,3424.11,-327,-327.00,661.00,-334.79,-171.1,0.3,0.7,0.7,3091,-250
3425,3425.07,-327,-327.00,661.00,-334.98,-171.2,0.3,0.7,0.7,3091,-250
3426,3426.11,-327,-327.00,662.00,-335.19,-171.4,0.3,0.7,0.7,3091,-250
3427,3427.07,-327,-327.00,662.00,-335.38,-171.4,0.3,0.7,0.7,3091,-250
3428,3428.11,-327,-327.00,662.00,-335.59,-171.5,0.3,0.7,0.7,3091,-250
3429,3429.07,-327,-327.00,662.00,-335.78,-171.6,0.3,0.7,0.7,3091,-250
3430,3430.11,-327,-327.00,662.00,-335.99,-171.8,0.3,0.7,0.7,3091,-250
3431,3431.07,-327,-327.00,663.00,-336.18,-171.9,0.3,0.7,0.7,3091,-250
3432,3432.11,-327,-327.00,663.00,-336.39,-172.0,0.3,0.7,0.7,3091,-250
3433,3433.07,-327,-327.00,663.00,-336.58,-172.0,0.3,0.7,0.7,3091,-250
3434,3434.11,-327,-327.00,663.00,-336.79,-172.1,0.3,0.7,0.7,3091,-250
3435,3435.07,-327,-327.00,663.00,-336.98,-172.2,0.3,0.7,0.7,3091,-250
3436,3436.11,-327,-327.00,664.00,-337.19,-172.4,0.3,0.7,0.7,3091,-250
3437,3437.07,-327,-327.00,664.00,-337.38,-172.5,0.3,0.7,0.7,3091,-250
3438,3438.11,-327,-327.00,664.00,-337.59,-172.5,0.3,0.7,0.7,3091,-250
3439,3439.07,-327,-327.00,664.00,-337.78,-172.6,0.3,0.7,0.7,3091,-250
3440,3440.11,-327,-327.00,664.00,-337.99,-172.8,0.3,0.7,0.7,3091,-250
3441,3441.07,-327,-327.00,665.00,-338.18,-172.9,0.3,0.7,0.7,3091,-250
3442,3442.11,-327,-327.00,665.00,-338.39,-173.0,0.3,0.7,0.7,3091,-250
3443,3443.06,-327,-327.00,665.00,-338.58,-173.0,0.3,0.7,0.7,3091,-250
3444,3444.11,-327,-327.00,665.00,-338.79,-173.1,0.3,0.7,0.7,3091,-250
3445,3445.07,-327,-327.00,665.00,-338.98,-173.2,0.3,0.7,0.7,3091,-250
3446,3446.11,-327,-327.00,666.00,-339.19,-173.4,0.3,0.7,0.7,3091,-250
3447,3447.07,-327,-327.00,666.00,-339.38,-173.5,0.3,0.7,0.7,3091,-250
3448,3448.11,-327,-327.00,666.00,-339.59,-173.5,0.3,0.7,0.7,3091,-250
3449,3449.07,-327,-327.00,666.00,-339.78,-173.6,0.3,0.7,0.7,3091,-250
3450,3450.11,-327,-327.00,666.00,-339.99,-173.8,0.3,0.7,0.7,3091,-250
3451,3451.07,-327,-327.00,667.00,-340.18,-173.9,0.3,0.7,0.7,3091,-250
3452,3452.10,-327,-327.00,667.00,-340.39,-174.0,0.3,0.7,0.7,3091,-250
3453,3453.07,-327,-327.00,667.00,-340.58,-174.0,0.3,0.7,0.7,3091,-250
3454,3454.11,-327,-327.00,667.00,-340.79,-174.1,0.3,0.7,0.7,3091,-250
3455,3455.07,-327,-327.00,667.00,-340.98,-174.2,0.3,0.7,0.7,3091,-250
3456,3456.11,-327,-327.00,668.00,-341.19,-174.4,0.3,0.7,0.7,3091,-250
3457,3457.06,-327,-327.00,668.00,-341.38,-174.5,0.3,0.7,0.7,3091,-250
3458,3458.11,-327,-327.00,668.00,-341.59,-174.6,0.3,0.7,0.7,3091,-250
3459,3459.07,-327,-327.00,668.00,-341.78,-174.6,0.3,0.7,0.7,3091,-250
3460,3460.11,-327,-327.00,668.00,-341.99,-174.8,0.3,0.7,0.7,3091,-250
3461,3461.06,-327,-327.00,669.00,-342.18,-174.9,0.3,0.7,0.7,3091,-250
3462,3462.11,-327,-327.00,669.00,-342.39,-175.0,0.3,0.7,0.7,3091,-250
3463,3463.07,-327,-327.00,669.00,-342.58,-175.1,0.3,0.7,0.7,3091,-250
3464,3464.11,-327,-327.00,669.00,-342.79,-175.1,0.3,0.7,0.7,3091,-250
3465,3465.07,-327,-327.00,669.00,-342.98,-175.2,0.3,0.7,0.7,3091,-250
3466,3466.11,-327,-327.00,670.00,-343.19,-175.4,0.3,0.7,0.7,3091,-250
3467,3467.07,-327,-327.00,670.00,-343.38,-175.5,0.3,0.7,0.7,3091,-250
3468,3468.11,-327,-327.00,670.00,-343.59,-175.6,0.3,0.7,0.7,3091,-250
3469,3469.06,-327,-327.00,670.00,-343.78,-175.6,0.3,0.7,0.7,3091,-250
3470,3470.11,-327,-327.00,670.00,-343.99,-175.8,0.3,0.7,0.7,3091,-250
3471,3471.07,-327,-327.00,671.00,-344.18,-175.9,0.3,0.7,0.7,3091,-250
3472,3472.11,-327,-327.00,671.00,-344.39,-176.0,0.3,0.7,0.7,3091,-250
3473,3473.07,-327,-327.00,671.00,-344.58,-176.1,0.3,0.7,0.7,3091,-250
3474,3474.11,-327,-327.00,671.00,-344.79,-176.1,0.3,0.7,0.7,3091,-250
3475,3475.07,-327,-327.00,671.00,-344.98,-176.2,0.3,0.7,0.7,3091,-250
3476,3476.11,-327,-327.00,672.00,-345.19,-176.4,0.3,0.7,0.7,3091,-250
3477,3477.07,-327,-327.00,672.00,-345.38,-176.5,0.3,0.7,0.7,3091,-250
3478,3478.11,-327,-327.00,672.00,-345.59,-176.6,0.3,0.7,0.7,3091,-250
3479,3479.07,-327,-327.00,672.00,-345.78,-176.8,0.3,0.7,0.7,3091,-250
3480,3480.11,-327,-327.00,672.00,-345.99,-176.8,0.3,0.7,0.7,3091,-250
3481,3481.06,-327,-327.00,673.00,-346.18,-176.9,0.3,0.7,0.7,3091,-250
3482,3482.11,-327,-327.00,673.00,-346.39,-177.0,0.3,0.7,0.7,3091,-250
3483,3483.07,-327,-327.00,673.00,-346.58,-177.1,0.3,0.7,0.7,3091,-250
3484,3484.11,-327,-327.00,673.00,-346.79,-177.2,0.3,0.7,0.7,3091,-250
3485,3485.07,-327,-327.00,673.00,-346.98,-177.2,0.3,0.7,0.7,3091,-250
3486,3486.11,-327,-327.00,674.00,-347.19,-177.4,0.3,0.7,0.7,3091,-250
3487,3487.07,-327,-327.00,674.00,-347.38,-177.5,0.3,0.7,0.7,3091,-250
3488,3488.11,-327,-327.00,674.00,-347.59,-177.6,0.3,0.7,0.7,3091,-250
3489,3489.07,-327,-327.00,674.00,-347.78,-177.8,0.3,0.7,0.7,3091,-250
3490,3490.11,-327,-327.00,674.00,-347.99,-177.8,0.3,0.7,0.7,3091,-250
3491,3491.07,-327,-327.00,675.00,-348.18,-177.9,0.3,0.7,0.7,3091,-250
3492,3492.11,-327,-327.00,675.00,-348.39,-178.0,0.3,0.7,0.7,3091,-250
3493,3493.07,-327,-327.00,675.00,-348.58,-178.1,0.3,0.7,0.7,3091,-250
3494,3494.11,-327,-327.00,675.00,-348.79,-178.2,0.3,0.7,0.7,3091,-250
3495,3495.06,-327,-327.00,675.00,-348.98,-178.2,0.3,0.7,0.7,3091,-250
3496,3496.11,-327,-327.00,676.00,-349.19,-178.4,0.3,0.7,0.7,3091,-250
3497,3497.07,-327,-327.00,676.00,-349.38,-178.5,0.3,0.7,0.7,3091,-250
3498,3498.10,-327,-327.00,676.00,-349.59,-178.6,0.3,0.7,0.7,3091,-250
3499,3499.07,-327,-327.00,676.00,-349.78,-178.8,0.3,0.7,0.7,3091,-250
3500,3500.11,-327,-327.00,676.00,-349.99,-178.8,0.3,0.7,0.7,3091,-250
3501,3501.07,-327,-327.00,677.00,-350.18,-178.9,0.3,0.7,0.7,3091,-250
3502,3502.11,-327,-327.00,677.00,-350.39,-179.0,0.3,0.7,0.7,3091,-250
3503,3503.07,-327,-327.00,677.00,-350.58,-179.1,0.3,0.7,0.7,3091,-250
3504,3504.10,-327,-327.00,677.00,-350.79,-179.2,0.3,0.7,0.7,3091,-250
3505,3505.06,-327,-327.00,677.00,-350.98,-179.4,0.3,0.7,0.7,3091,-250
3506,3506.11,-327,-327.00,678.00,-351.19,-179.4,0.3,0.7,0.7,3091,-250
3507,3507.07,-327,-327.00,678.00,-351.38,-179.5,0.3,0.7,0.7,3091,-250
3508,3508.11,-327,-327.00,678.00,-351.59,-179.6,0.3,0.7,0.7,3091,-250
3509,3509.06,-327,-327.00,678.00,-351.78,-179.8,0.3,0.7,0.7,3091,-250
3510,3510.11,-327,-327.00,678.00,-351.99,-179.9,0.3,0.7,0.7,3091,-250
3511,3511.07,-327,-327.00,679.00,-352.18,-179.9,0.3,0.7,0.7,3091,-250
3512,3512.11,-327,-327.00,679.00,-352.39,-180.0,0.3,0.7,0.7,3091,-250
3513,3513.07,-327,-327.00,679.00,-352.58,-180.1,0.3,0.7,0.7,3091,-250
3514,3514.11,-327,-327.00,679.00,-352.79,-180.2,0.3,0.7,0.7,3091,-250
3515,3515.07,-327,-327.00,679.00,-352.98,-180.4,0.3,0.7,0.7,3091,-250
3516,3516.11,-327,-327.00,680.00,-353.19,-180.4,0.3,0.7,0.7,3091,-250
3517,3517.07,-327,-327.00,680.00,-353.38,-180.5,0.3,0.7,0.7,3091,-250
3518,3518.10,-327,-327.00,680.00,-353.59,-180.6,0.3,0.7,0.7,3091,-250
3519,3519.06,-327,-327.00,680.00,-353.78,-180.8,0.3,0.7,0.7,3091,-250
3520,3520.11,-327,-327.00,680.00,-353.99,-180.9,0.3,0.7,0.7,3091,-250
3521,3521.07,-327,-327.00,681.00,-354.18,-180.9,0.3,0.7,0.7,3091,-250
3522,3522.11,-327,-327.00,681.00,-354.39,-181.0,0.3,0.7,0.7,3091,-250
3523,3523.06,-327,-327.00,681.00,-354.58,-181.1,0.3,0.7,0.7,3091,-250
3524,3524.10,-327,-327.00,681.00,-354.79,-181.2,0.3,0.7,0.7,3091,-250
3525,3525.07,-327,-327.00,681.00,-354.98,-181.4,0.3,0.7,0.7,3091,-250
3526,3526.10,-327,-327.00,682.00,-355.19,-181.5,0.3,0.7,0.7,3091,-250
3527,3527.06,-327,-327.00,682.00,-355.38,-181.5,0.3,0.7,0.7,3091,-250
3528,3528.10,-327,-327.00,682.00,-355.59,-181.6,0.3,0.7,0.7,3091,-250
3529,3529.07,-327,-327.00,682.00,-355.78,-181.8,0.3,0.7,0.7,3091,-250
3530,3530.10,-327,-327.00,682.00,-355.99,-181.9,0.3,0.7,0.7,3091,-250
3531,3531.07,-327,-327.00,683.00,-356.18,-182.0,0.3,0.7,0.7,3091,-250
3532,3532.10,-327,-327.00,683.00,-356.39,-182.0,0.3,0.7,0.7,3091,-250
3533,3533.06,-327,-327.00,683.00,-356.58,-182.1,0.3,0.7,0.7,3091,-250
3534,3534.10,-327,-327.00,683.00,-356.79,-182.2,0.3,0.7,0.7,3091,-250
3535,3535.06,-327,-327.00,683.00,-356.98,-182.4,0.3,0.7,0.7,3091,-250
3536,3536.10,-327,-327.00,684.00,-357.19,-182.5,0.3,0.7,0.7,3091,-250
3537,3537.06,-327,-327.00,684.00,-357.38,-182.5,0.3,0.7,0.7,3091,-250
3538,3538.10,-327,-327.00,684.00,-357.59,-182.6,0.3,0.7,0.7,3091,-250
3539,3539.06,-327,-327.00,684.00,-357.78,-182.8,0.3,0.7,0.7,3091,-250
3540,3540.10,-327,-327.00,684.00,-357.99,-182.9,0.3,0.7,0.7,3091,-250
3541,3541.07,-327,-327.00,685.00,-358.18,-183.0,0.3,0.7,0.7,3091,-250
3542,3542.10,-327,-327.00,685.00,-358.39,-183.0,0.3,0.7,0.7,3091,-250
3543,3543.06,-327,-327.00,685.00,-358.58,-183.1,0.3,0.7,0.7,3091,-250
3544,3544.10,-327,-327.00,685.00,-358.79,-183.2,0.3,0.7,0.7,3091,-250
3545,3545.06,-327,-327.00,685.00,-358.98,-183.4,0.3,0.7,0.7,3091,-250
3546,3546.11,-327,-327.00,686.00,-359.19,-183.5,0.3,0.7,0.7,3091,-250
3547,3547.06,-327,-327.00,686.00,-359.38,-183.5,0.3,0.7,0.7,3091,-250
3548,3548.11,-327,-327.00,686.00,-359.59,-183.6,0.3,0.7,0.7,3091,-250
3549,3549.06,-327,-327.00,686.00,-359.78,-183.8,0.3,0.7,0.7,3091,-250
3550,3550.10,-327,-327.00,686.00,-359.99,-183.9,0.3,0.7,0.7,3091,-250
3551,3551.06,-327,-327.00,687.00,-360.18,-184.0,0.3,0.7,0.7,3091,-250
3552,3552.11,-327,-327.00,687.00,-360.39,-184.1,0.3,0.7,0.7,3091,-250
3553,3553.06,-327,-327.00,687.00,-360.58,-184.1,0.3,0.7,0.7,3091,-250
3554,3554.10,-327,-327.00,687.00,-360.79,-184.2,0.3,0.7,0.7,3091,-250
3555,3555.06,-327,-327.00,687.00,-360.98,-184.4,0.3,0.7,0.7,3091,-250
3556,3556.11,-327,-327.00,688.00,-361.19,-184.5,0.3,0.7,0.7,3091,-250
3557,3557.07,-327,-327.00,688.00,-361.38,-184.6,0.3,0.7,0.7,3091,-250
3558,3558.11,-327,-327.00,688.00,-361.59,-184.6,0.3,0.7,0.7,3091,-250
3559,3559.06,-327,-327.00,688.00,-361.78,-184.8,0.3,0.7,0.7,3091,-250
3560,3560.11,-327,-327.00,688.00,-361.99,-184.9,0.3,0.7,0.7,3091,-250
3561,3561.06,-327,-327.00,689.00,-362.18,-185.0,0.3,0.7,0.7,3091,-250
3562,3562.10,-327,-327.00,689.00,-362.39,-185.1,0.3,0.7,0.7,3091,-250
3563,3563.07,-327,-327.00,689.00,-362.58,-185.1,0.3,0.7,0.7,3091,-250
3564,3564.10,-327,-327.00,689.00,-362.79,-185.2,0.3,0.7,0.7,3091,-250
3565,3565.07,-327,-327.00,689.00,-362.98,-185.4,0.3,0.7,0.7,3091,-250
3566,3566.10,-327,-327.00,690.00,-363.19,-185.5,0.3,0.7,0.7,3091,-250
3567,3567.07,-327,-327.00,690.00,-363.38,-185.6,0.3,0.7,0.7,3091,-250
3568,3568.11,-327,-327.00,690.00,-363.59,-185.6,0.3,0.7,0.7,3091,-250
3569,3569.06,-327,-327.00,690.00,-363.78,-185.8,0.3,0.7,0.7,3091,-250
3570,3570.10,-327,-327.00,690.00,-363.99,-185.9,0.3,0.7,0.7,3091,-250
3571,3571.06,-327,-327.00,691.00,-364.18,-186.0,0.3,0.7,0.7,3091,-250
3572,3572.10,-327,-327.00,691.00,-364.39,-186.1,0.3,0.7,0.7,3091,-250
3573,3573.06,-327,-327.00,691.00,-364.58,-186.1,0.3,0.7,0.7,3091,-250
3574,3574.10,-327,-327.00,691.00,-364.79,-186.2,0.3,0.7,0.7,3091,-250
3575,3575.06,-327,-327.00,691.00,-364.98,-186.4,0.3,0.7,0.7,3091,-250
3576,3576.11,-327,-327.00,692.00,-365.19,-186.5,0.3,0.7,0.7,3091,-250
3577,3577.06,-327,-327.00,692.00,-365.38,-186.6,0.3,0.7,0.7,3091,-250
3578,3578.10,-327,-327.00,692.00,-365.59,-186.8,0.3,0.7,0.7,3091,-250
3579,3579.07,-327,-327.00,692.00,-365.78,-186.8,0.3,0.7,0.7,3091,-250
3580,3580.10,-327,-327.00,692.00,-365.99,-186.9,0.3,0.7,0.7,3091,-250
3581,3581.06,-327,-327.00,693.00,-366.18,-187.0,0.3,0.7,0.7,3091,-250
3582,3582.10,-327,-327.00,693.00,-366.39,-187.1,0.3,0.7,0.7,3091,-250
3583,3583.06,-327,-327.00,693.00,-366.58,-187.2,0.3,0.7,0.7,3091,-250
3584,3584.11,-327,-327.00,693.00,-366.79,-187.2,0.3,0.7,0.7,3091,-250
3585,3585.06,-327,-327.00,693.00,-366.98,-187.4,0.3,0.7,0.7,3091,-250
3586,3586.11,-327,-327.00,694.00,-367.19,-187.5,0.3,0.7,0.7,3091,-250
3587,3587.07,-327,-327.00,694.00,-367.38,-187.6,0.3,0.7,0.7,3091,-250
3588,3588.11,-327,-327.00,694.00,-367.59,-187.8,0.3,0.7,0.7,3091,-250
3589,3589.06,-327,-327.00,694.00,-367.78,-187.8,0.3,0.7,0.7,3091,-250
3590,3590.10,-327,-327.00,694.00,-367.99,-187.9,0.3,0.7,0.7,3091,-250
3591,3591.06,-327,-327.00,695.00,-368.18,-188.0,0.3,0.7,0.7,3091,-250
3592,3592.10,-327,-327.00,695.00,-368.39,-188.1,0.3,0.7,0.7,3091,-250
3593,3593.06,-327,-327.00,695.00,-368.58,-188.2,0.3,0.7,0.7,3091,-250
3594,3594.10,-327,-327.00,695.00,-368.79,-188.2,0.3,0.7,0.7,3091,-250
3595,3595.07,-327,-327.00,695.00,-368.98,-188.4,0.3,0.7,0.7,3091,-250
3596,3596.11,-327,-327.00,696.00,-369.19,-188.5,0.3,0.7,0.7,3091,-250
3597,3597.07,-327,-327.00,696.00,-369.38,-188.6,0.3,0.7,0.7,3091,-250
3598,3598.10,-327,-327.00,696.00,-369.59,-188.8,0.3,0.7,0.7,3091,-250
3599,3599.07,-327,-327.00,696.00,-369.78,-188.8,0.3,0.7,0.7,3091,-250
3600,3600.10,-327,-327.00,696.00,-369.99,-188.9,0.3,0.7,0.7,3091,-250
3601,3601.06,-327,-327.00,697.00,-370.18,-189.0,0.3,0.7,0.7,3091,-250
3602,3602.11,-327,-327.00,697.00,-370.39,-189.1,0.3,0.7,0.7,3091,-250
3603,3603.06,-327,-327.00,697.00,-370.58,-189.2,0.3,0.7,0.7,3091,-250
3604,3604.11,-327,-327.00,697.00,-370.79,-189.4,0.3,0.7,0.7,3091,-250
3605,3605.06,-327,-327.00,697.00,-370.98,-189.4,0.3,0.7,0.7,3091,-250
3606,3606.10,-327,-327.00,698.00,-371.19,-189.5,0.3,0.7,0.7,3091,-250
3607,3607.06,-327,-327.00,698.00,-371.38,-189.6,0.3,0.7,0.7,3091,-250
3608,3608.10,-327,-327.00,698.00,-371.59,-189.8,0.3,0.7,0.7,3091,-250
3609,3609.07,-327,-327.00,698.00,-371.78,-189.9,0.3,0.7,0.7,3091,-250
3610,3610.10,-327,-327.00,698.00,-371.99,-189.9,0.3,0.7,0.7,3091,-250
3611,3611.06,-327,-327.00,699.00,-372.18,-190.0,0.3,0.7,0.7,3091,-250
3612,3612.11,-327,-327.00,699.00,-372.39,-190.1,0.3,0.7,0.7,3091,-250
3613,3613.07,-327,-327.00,699.00,-372.58,-190.2,0.3,0.7,0.7,3091,-250
3614,3614.10,-327,-327.00,699.00,-372.79,-190.4,0.3,0.7,0.7,3091,-250
3615,3615.06,-327,-327.00,699.00,-372.98,-190.4,0.3,0.7,0.7,3091,-250
3616,3616.10,-327,-327.00,700.00,-373.19,-190.5,0.3,0.7,0.7,3091,-250
3617,3617.07,-327,-327.00,700.00,-373.38,-190.6,0.3,0.7,0.7,3091,-250
3618,3618.10,-327,-327.00,700.00,-373.59,-190.8,0.3,0.7,0.7,3091,-250
3619,3619.06,-327,-327.00,700.00,-373.78,-190.9,0.3,0.7,0.7,3091,-250
3620,3620.11,-327,-327.00,700.00,-373.99,-190.9,0.3,0.7,0.7,3091,-250
3621,3621.07,-327,-327.00,701.00,-374.18,-191.0,0.3,0.7,0.7,3091,-250
3622,3622.10,-327,-327.00,701.00,-374.39,-191.1,0.3,0.7,0.7,3091,-250
3623,3623.06,-327,-327.00,701.00,-374.58,-191.2,0.3,0.7,0.7,3091,-250
3624,3624.11,-327,-327.00,701.00,-374.79,-191.4,0.3,0.7,0.7,3091,-250
3625,3625.06,-327,-327.00,701.00,-374.98,-191.4,0.3,0.7,0.7,3091,-250
3626,3626.10,-327,-327.00,702.00,-375.19,-191.5,0.3,0.7,0.7,3091,-250
3627,3627.06,-327,-327.00,702.00,-375.38,-191.6,0.3,0.7,0.7,3091,-250
3628,3628.10,-327,-327.00,702.00,-375.59,-191.8,0.3,0.7,0.7,3091,-250
3629,3629.07,-327,-327.00,702.00,-375.78,-191.9,0.3,0.7,0.7,3091,-250
3630,3630.10,-327,-327.00,702.00,-375.99,-192.0,0.3,0.7,0.7,3091,-250
3631,3631.07,-327,-327.00,703.00,-376.18,-192.0,0.3,0.7,0.7,3091,-250
3632,3632.11,-327,-327.00,703.00,-376.39,-192.1,0.3,0.7,0.7,3091,-250
3633,3633.06,-327,-327.00,703.00,-376.58,-192.2,0.3,0.7,0.7,3091,-250
3634,3634.10,-327,-327.00,703.00,-376.79,-192.4,0.3,0.7,0.7,3091,-250
3635,3635.07,-327,-327.00,703.00,-376.98,-192.5,0.3,0.7,0.7,3091,-250
3636,3636.10,-327,-327.00,704.00,-377.19,-192.5,0.3,0.7,0.7,3091,-250
3637,3637.07,-327,-327.00,704.00,-377.38,-192.6,0.3,0.7,0.7,3091,-250
3638,3638.11,-327,-327.00,704.00,-377.59,-192.8,0.3,0.7,0.7,3091,-250
3639,3639.06,-327,-327.00,704.00,-377.78,-192.9,0.3,0.7,0.7,3091,-250
3640,3640.10,-327,-327.00,704.00,-377.99,-193.0,0.3,0.7,0.7,3091,-250
3641,3641.06,-327,-327.00,705.00,-378.18,-193.0,0.3,0.7,0.7,3091,-250
3642,3642.10,-327,-327.00,705.00,-378.39,-193.1,0.3,0.7,0.7,3091,-250
3643,3643.06,-327,-327.00,705.00,-378.58,-193.2,0.3,0.7,0.7,3091,-250
3644,3644.11,-327,-327.00,705.00,-378.79,-193.4,0.3,0.7,0.7,3091,-250
3645,3645.07,-327,-327.00,705.00,-378.98,-193.5,0.3,0.7,0.7,3091,-250
3646,3646.10,-327,-327.00,706.00,-379.19,-193.5,0.3,0.7,0.7,3091,-250
3647,3647.07,-327,-327.00,706.00,-379.38,-193.6,0.3,0.7,0.7,3091,-250
3648,3648.10,-327,-327.00,706.00,-379.59,-193.8,0.3,0.7,0.7,3091,-250
3649,3649.06,-327,-327.00,706.00,-379.78,-193.9,0.3,0.7,0.7,3091,-250
3650,3650.10,-327,-327.00,706.00,-379.99,-194.0,0.3,0.7,0.7,3091,-250
3651,3651.06,-327,-327.00,707.00,-380.18,-194.0,0.3,0.7,0.7,3091,-250
3652,3652.10,-327,-327.00,707.00,-380.39,-194.1,0.3,0.7,0.7,3091,-250
3653,3653.06,-327,-327.00,707.00,-380.58,-194.2,0.3,0.7,0.7,3091,-250
3654,3654.10,-327,-327.00,707.00,-380.79,-194.4,0.3,0.7,0.7,3091,-250
3655,3655.06,-327,-327.00,707.00,-380.98,-194.5,0.3,0.7,0.7,3091,-250
3656,3656.10,-327,-327.00,708.00,-381.19,-194.6,0.3,0.7,0.7,3091,-250
3657,3657.07,-327,-327.00,708.00,-381.38,-194.6,0.3,0.7,0.7,3091,-250
3658,3658.10,-327,-327.00,708.00,-381.59,-194.8,0.3,0.7,0.7,3091,-250
3659,3659.07,-327,-327.00,708.00,-381.78,-194.9,0.3,0.7,0.7,3091,-250
3660,3660.10,-327,-327.00,708.00,-381.99,-195.0,0.3,0.7,0.7,3091,-250
3661,3661.07,-327,-327.00,709.00,-382.18,-195.1,0.3,0.7,0.7,3091,-250
3662,3662.10,-327,-327.00,709.00,-382.39,-195.1,0.3,0.7,0.7,3091,-250
3663,3663.06,-327,-327.00,709.00,-382.58,-195.2,0.3,0.7,0.7,3091,-250
3664,3664.10,-327,-327.00,709.00,-382.79,-195.4,0.3,0.7,0.7,3091,-250
3665,3665.06,-327,-327.00,709.00,-382.98,-195.5,0.3,0.7,0.7,3091,-250
3666,3666.11,-327,-327.00,710.00,-383.19,-195.6,0.3,0.7,0.7,3091,-250
3667,3667.07,-327,-327.00,710.00,-383.38,-195.6,0.3,0.7,0.7,3091,-250
3668,3668.10,-327,-327.00,710.00,-383.59,-195.8,0.3,0.7,0.7,3091,-250
3669,3669.06,-327,-327.00,710.00,-383.78,-195.9,0.3,0.7,0.7,3091,-250
3670,3670.11,-327,-327.00,710.00,-383.99,-196.0,0.3,0.7,0.7,3091,-250
3671,3671.06,-327,-327.00,711.00,-384.18,-196.1,0.3,0.7,0.7,3091,-250
3672,3672.10,-327,-327.00,711.00,-384.39,-196.1,0.3,0.7,0.7,3091,-250
3673,3673.06,-327,-327.00,711.00,-384.58,-196.2,0.3,0.7,0.7,3091,-250
3674,3674.11,-327,-327.00,711.00,-384.79,-196.4,0.3,0.7,0.7,3091,-250
3675,3675.06,-327,-327.00,711.00,-384.98,-196.5,0.3,0.7,0.7,3091,-250
3676,3676.10,-327,-327.00,712.00,-385.19,-196.6,0.3,0.7,0.7,3091,-250
3677,3677.07,-327,-327.00,712.00,-385.38,-196.6,0.3,0.7,0.7,3091,-250
3678,3678.11,-327,-327.00,712.00,-385.59,-196.8,0.3,0.7,0.7,3091,-250
3679,3679.07,-327,-327.00,712.00,-385.78,-196.9,0.3,0.7,0.7,3091,-250
3680,3680.11,-327,-327.00,712.00,-385.99,-197.0,0.3,0.7,0.7,3091,-250
3681,3681.06,-327,-327.00,713.00,-386.18,-197.1,0.3,0.7,0.7,3091,-250
3682,3682.10,-327,-327.00,713.00,-386.39,-197.2,0.3,0.7,0.7,3091,-250
3683,3683.07,-327,-327.00,713.00,-386.58,-197.2,0.3,0.7,0.7,3091,-250
3684,3684.11,-327,-327.00,713.00,-386.79,-197.4,0.3,0.7,0.7,3091,-250
3685,3685.06,-327,-327.00,713.00,-386.98,-197.5,0.3,0.7,0.7,3091,-250
3686,3686.10,-327,-327.00,714.00,-387.19,-197.6,0.3,0.7,0.7,3091,-250
3687,3687.06,-327,-327.00,714.00,-387.38,-197.8,0.3,0.7,0.7,3091,-250
3688,3688.10,-327,-327.00,714.00,-387.59,-197.8,0.3,0.7,0.7,3091,-250
3689,3689.07,-327,-327.00,714.00,-387.78,-197.9,0.3,0.7,0.7,3091,-250
3690,3690.10,-327,-327.00,714.00,-387.99,-198.0,0.3,0.7,0.7,3091,-250
3691,3691.07,-327,-327.00,715.00,-388.18,-198.1,0.3,0.7,0.7,3091,-250
3692,3692.10,-327,-327.00,715.00,-388.39,-198.2,0.3,0.7,0.7,3091,-250
3693,3693.06,-327,-327.00,715.00,-388.58,-198.2,0.3,0.7,0.7,3091,-250
3694,3694.11,-327,-327.00,715.00,-388.79,-198.4,0.3,0.7,0.7,3091,-250
3695,3695.06,-327,-327.00,715.00,-388.98,-198.5,0.3,0.7,0.7,3091,-250
3696,3696.10,-327,-327.00,716.00,-389.19,-198.6,0.3,0.7,0.7,3091,-250
3697,3697.07,-327,-327.00,716.00,-389.38,-198.8,0.3,0.7,0.7,3091,-250
3698,3698.10,-327,-327.00,716.00,-389.59,-198.8,0.3,0.7,0.7,3091,-250
3699,3699.06,-327,-327.00,716.00,-389.78,-198.9,0.3,0.7,0.7,3091,-250
3700,3700.10,-327,-327.00,716.00,-389.99,-199.0,0.3,0.7,0.7,3091,-250
3701,3701.07,-327,-327.00,717.00,-390.18,-199.1,0.3,0.7,0.7,3091,-250
3702,3702.11,-327,-327.00,717.00,-390.39,-199.2,0.3,0.7,0.7,3091,-250
3703,3703.06,-327,-327.00,717.00,-390.58,-199.2,0.3,0.7,0.7,3091,-250
3704,3704.10,-327,-327.00,717.00,-390.79,-199.4,0.3,0.7,0.7,3091,-250
3705,3705.06,-327,-327.00,717.00,-390.98,-199.5,0.3,0.7,0.7,3091,-250
3706,3706.11,-327,-327.00,718.00,-391.19,-199.6,0.3,0.7,0.7,3091,-250
3707,3707.07,-327,-327.00,718.00,-391.38,-199.8,0.3,0.7,0.7,3091,-250
3708,3708.11,-327,-327.00,718.00,-391.59,-199.9,0.3,0.7,0.7,3091,-250
3709,3709.06,-327,-327.00,718.00,-391.78,-199.9,0.3,0.7,0.7,3091,-250
3710,3710.10,-327,-327.00,718.00,-391.99,-200.0,0.3,0.7,0.7,3091,-250
3711,3711.07,-327,-327.00,719.00,-392.18,-200.1,0.3,0.7,0.7,3091,-250
3712,3712.10,-327,-327.00,719.00,-392.39,-200.2,0.3,0.7,0.7,3091,-250
3713,3713.06,-327,-327.00,719.00,-392.58,-200.4,0.3,0.7,0.7,3091,-250
3714,3714.10,-327,-327.00,719.00,-392.79,-200.4,0.3,0.7,0.7,3091,-250
3715,3715.06,-327,-327.00,719.00,-392.98,-200.5,0.3,0.7,0.7,3091,-250
3716,3716.10,-327,-327.00,720.00,-393.19,-200.6,0.3,0.7,0.7,3091,-250
3717,3717.07,-327,-327.00,720.00,-393.38,-200.8,0.3,0.7,0.7,3091,-250
3718,3718.11,-327,-327.00,720.00,-393.59,-200.9,0.3,0.7,0.7,3091,-250
3719,3719.07,-327,-327.00,720.00,-393.78,-200.9,0.3,0.7,0.7,3091,-250
3720,3720.11,-327,-327.00,720.00,-393.99,-201.0,0.3,0.7,0.7,3091,-250
3721,3721.07,-327,-327.00,721.00,-394.18,-201.1,0.3,0.7,0.7,3091,-250
3722,3722.11,-327,-327.00,721.00,-394.39,-201.2,0.3,0.7,0.7,3091,-250
3723,3723.06,-327,-327.00,721.00,-394.58,-201.4,0.3,0.7,0.7,3091,-250
3724,3724.10,-327,-327.00,721.00,-394.79,-201.4,0.3,0.7,0.7,3091,-250
3725,3725.07,-327,-327.00,721.00,-394.98,-201.5,0.3,0.7,0.7,3091,-250
3726,3726.11,-327,-327.00,722.00,-395.19,-201.6,0.3,0.7,0.7,3091,-250
3727,3727.06,-327,-327.00,722.00,-395.38,-201.8,0.3,0.7,0.7,3091,-250
3728,3728.10,-327,-327.00,722.00,-395.59,-201.9,0.3,0.7,0.7,3091,-250
3729,3729.07,-327,-327.00,722.00,-395.78,-202.0,0.3,0.7,0.7,3091,-250
3730,3730.11,-327,-327.00,722.00,-395.99,-202.0,0.3,0.7,0.7,3091,-250
3731,3731.07,-327,-327.00,723.00,-396.18,-202.1,0.3,0.7,0.7,3091,-250
3732,3732.10,-327,-327.00,723.00,-396.39,-202.2,0.3,0.7,0.7,3091,-250
3733,3733.06,-327,-327.00,723.00,-396.58,-202.4,0.3,0.7,0.7,3091,-250
3734,3734.10,-327,-327.00,723.00,-396.79,-202.5,0.3,0.7,0.7,3091,-250
3735,3735.06,-327,-327.00,723.00,-396.98,-202.5,0.3,0.7,0.7,3091,-250
3736,3736.11,-327,-327.00,724.00,-397.19,-202.6,0.3,0.7,0.7,3091,-250
3737,3737.06,-327,-327.00,724.00,-397.38,-202.8,0.3,0.7,0.7,3091,-250
3738,3738.10,-327,-327.00,724.00,-397.59,-202.9,0.3,0.7,0.7,3091,-250
3739,3739.06,-327,-327.00,724.00,-397.78,-203.0,0.3,0.7,0.7,3091,-250
3740,3740.10,-327,-327.00,724.00,-397.99,-203.0,0.3,0.7,0.7,3091,-250
3741,3741.07,-327,-327.00,725.00,-398.18,-203.1,0.3,0.7,0.7,3091,-250
3742,3742.10,-327,-327.00,725.00,-398.39,-203.2,0.3,0.7,0.7,3091,-250
3743,3743.06,-327,-327.00,725.00,-398.58,-203.4,0.3,0.7,0.7,3091,-250
3744,3744.10,-327,-327.00,725.00,-398.79,-203.5,0.3,0.7,0.7,3091,-250
3745,3745.06,-327,-327.00,725.00,-398.98,-203.5,0.3,0.7,0.7,3091,-250
3746,3746.10,-327,-327.00,726.00,-399.19,-203.6,0.3,0.7,0.7,3091,-250
3747,3747.06,-327,-327.00,726.00,-399.38,-203.8,0.3,0.7,0.7,3091,-250
3748,3748.11,-327,-327.00,726.00,-399.59,-203.9,0.3,0.7,0.7,3091,-250
3749,3749.06,-327,-327.00,726.00,-399.78,-204.0,0.3,0.7,0.7,3091,-250
3750,3750.11,-327,-327.00,726.00,-399.99,-204.0,0.3,0.7,0.7,3091,-250
3751,3751.06,-327,-327.00,727.00,-400.18,-204.1,0.3,0.7,0.7,3091,-250
3752,3752.11,-327,-327.00,727.00,-400.39,-204.2,0.3,0.7,0.7,3091,-250
3753,3753.06,-327,-327.00,727.00,-400.58,-204.4,0.3,0.7,0.7,3091,-250
3754,3754.10,-327,-327.00,727.00,-400.79,-204.5,0.3,0.7,0.7,3091,-250
3755,3755.06,-327,-327.00,727.00,-400.98,-204.6,0.3,0.7,0.7,3091,-250
3756,3756.11,-327,-327.00,728.00,-401.19,-204.6,0.3,0.7,0.7,3091,-250
3757,3757.06,-327,-327.00,728.00,-401.38,-204.8,0.3,0.7,0.7,3091,-250
3758,3758.10,-327,-327.00,728.00,-401.59,-204.9,0.3,0.7,0.7,3091,-250
3759,3759.06,-327,-327.00,728.00,-401.78,-205.0,0.3,0.7,0.7,3091,-250
3760,3760.11,-327,-327.00,728.00,-401.99,-205.1,0.3,0.7,0.7,3091,-250
3761,3761.06,-327,-327.00,729.00,-402.18,-205.1,0.3,0.7,0.7,3091,-250
3762,3762.10,-327,-327.00,729.00,-402.39,-205.2,0.3,0.7,0.7,3091,-250
3763,3763.06,-327,-327.00,729.00,-402.58,-205.4,0.3,0.7,0.7,3091,-250
3764,3764.10,-327,-327.00,729.00,-402.79,-205.5,0.3,0.7,0.7,3091,-250
3765,3765.06,-327,-327.00,729.00,-402.98,-205.6,0.3,0.7,0.7,3091,-250
3766,3766.11,-327,-327.00,730.00,-403.19,-205.6,0.3,0.7,0.7,3091,-250
3767,3767.06,-327,-327.00,730.00,-403.38,-205.8,0.3,0.7,0.7,3091,-250
3768,3768.10,-327,-327.00,730.00,-403.59,-205.9,0.3,0.7,0.7,3091,-250
3769,3769.07,-327,-327.00,730.00,-403.78,-206.0,0.3,0.7,0.7,3091,-250
3770,3770.10,-327,-327.00,730.00,-403.99,-206.1,0.3,0.7,0.7,3091,-250
3771,3771.06,-327,-327.00,731.00,-404.18,-206.1,0.3,0.7,0.7,3091,-250
3772,3772.10,-327,-327.00,731.00,-404.39,-206.2,0.3,0.7,0.7,3091,-250
3773,3773.06,-327,-327.00,731.00,-404.58,-206.4,0.3,0.7,0.7,3091,-250
3774,3774.11,-327,-327.00,731.00,-404.79,-206.5,0.3,0.7,0.7,3091,-250
3775,3775.07,-327,-327.00,731.00,-404.98,-206.6,0.3,0.7,0.7,3091,-250
3776,3776.10,-327,-327.00,732.00,-405.19,-206.8,0.3,0.7,0.7,3091,-250
3777,3777.06,-327,-327.00,732.00,-405.38,-206.8,0.3,0.7,0.7,3091,-250
3778,3778.11,-327,-327.00,732.00,-405.59,-206.9,0.3,0.7,0.7,3091,-250
3779,3779.06,-327,-327.00,732.00,-405.78,-207.0,0.3,0.7,0.7,3091,-250
3780,3780.10,-327,-327.00,732.00,-405.99,-207.1,0.3,0.7,0.7,3091,-250
3781,3781.06,-327,-327.00,733.00,-406.18,-207.2,0.3,0.7,0.7,3091,-250
3782,3782.10,-327,-327.00,733.00,-406.39,-207.2,0.3,0.7,0.7,3091,-250
3783,3783.06,-327,-327.00,733.00,-406.58,-207.4,0.3,0.7,0.7,3091,-250
3784,3784.10,-327,-327.00,733.00,-406.79,-207.5,0.3,0.7,0.7,3091,-250
3785,3785.06,-327,-327.00,733.00,-406.98,-207.6,0.3,0.7,0.7,3091,-250
3786,3786.11,-327,-327.00,734.00,-407.19,-207.8,0.3,0.7,0.7,3091,-250
3787,3787.07,-327,-327.00,734.00,-407.38,-207.8,0.3,0.7,0.7,3091,-250
3788,3788.10,-327,-327.00,734.00,-407.59,-207.9,0.3,0.7,0.7,3091,-250
3789,3789.06,-327,-327.00,734.00,-407.78,-208.0,0.3,0.7,0.7,3091,-250
3790,3790.10,-327,-327.00,734.00,-407.99,-208.1,0.3,0.7,0.7,3091,-250
3791,3791.06,-327,-327.00,735.00,-408.18,-208.2,0.3,0.7,0.7,3091,-250
3792,3792.10,-327,-327.00,735.00,-408.39,-208.2,0.3,0.7,0.7,3091,-250
3793,3793.06,-327,-327.00,735.00,-408.58,-208.4,0.3,0.7,0.7,3091,-250
3794,3794.10,-327,-327.00,735.00,-408.79,-208.5,0.3,0.7,0.7,3091,-250
3795,3795.06,-327,-327.00,735.00,-408.98,-208.6,0.3,0.7,0.7,3091,-250
3796,3796.10,-327,-327.00,736.00,-409.19,-208.8,0.3,0.7,0.7,3091,-250
3797,3797.06,-327,-327.00,736.00,-409.38,-208.8,0.3,0.7,0.7,3091,-250
3798,3798.10,-327,-327.00,736.00,-409.59,-208.9,0.3,0.7,0.7,3091,-250
3799,3799.06,-327,-327.00,736.00,-409.78,-209.0,0.3,0.7,0.7,3091,-250
3800,3800.10,-327,-327.00,736.00,-409.99,-209.1,0.3,0.7,0.7,3091,-250
3801,3801.06,-327,-327.00,737.00,-410.18,-209.2,0.3,0.7,0.7,3091,-250
3802,3802.10,-327,-327.00,737.00,-410.39,-209.4,0.3,0.7,0.7,3091,-250
3803,3803.07,-327,-327.00,737.00,-410.58,-209.4,0.3,0.7,0.7,3091,-250
3804,3804.10,-327,-327.00,737.00,-410.79,-209.5,0.3,0.7,0.7,3091,-250
3805,3805.06,-327,-327.00,737.00,-410.98,-209.6,0.3,0.7,0.7,3091,-250
3806,3806.10,-327,-327.00,738.00,-411.19,-209.8,0.3,0.7,0.7,3091,-250
3807,3807.06,-327,-327.00,738.00,-411.38,-209.9,0.3,0.7,0.7,3091,-250
3808,3808.10,-327,-327.00,738.00,-411.59,-209.9,0.3,0.7,0.7,3091,-250
3809,3809.06,-327,-327.00,738.00,-411.78,-210.0,0.3,0.7,0.7,3091,-250
3810,3810.10,-327,-327.00,738.00,-411.99,-210.1,0.3,0.7,0.7,3091,-250
3811,3811.06,-327,-327.00,739.00,-412.18,-210.2,0.3,0.7,0.7,3091,-250
3812,3812.10,-327,-327.00,739.00,-412.39,-210.4,0.3,0.7,0.7,3091,-250
3813,3813.06,-327,-327.00,739.00,-412.58,-210.4,0.3,0.7,0.7,3091,-250
3814,3814.10,-327,-327.00,739.00,-412.79,-210.5,0.3,0.7,0.7,3091,-250
3815,3815.06,-327,-327.00,739.00,-412.98,-210.6,0.3,0.7,0.7,3091,-250
3816,3816.10,-327,-327.00,740.00,-413.19,-210.8,0.3,0.7,0.7,3091,-250
3817,3817.06,-327,-327.00,740.00,-413.38,-210.9,0.3,0.7,0.7,3091,-250
3818,3818.10,-327,-327.00,740.00,-413.59,-210.9,0.3,0.7,0.7,3091,-250
3819,3819.06,-327,-327.00,740.00,-413.78,-211.0,0.3,0.7,0.7,3091,-250
3820,3820.11,-327,-327.00,740.00,-413.99,-211.1,0.3,0.7,0.7,3091,-250
3821,3821.06,-327,-327.00,741.00,-414.18,-211.2,0.3,0.7,0.7,3091,-250
3822,3822.11,-327,-327.00,741.00,-414.39,-211.4,0.3,0.7,0.7,3091,-250
3823,3823.07,-327,-327.00,741.00,-414.58,-211.4,0.3,0.7,0.7,3091,-250
3824,3824.11,-327,-327.00,741.00,-414.79,-211.5,0.3,0.7,0.7,3091,-250
3825,3825.06,-327,-327.00,741.00,-414.98,-211.6,0.3,0.7,0.7,3091,-250
3826,3826.11,-327,-327.00,742.00,-415.19,-211.8,0.3,0.7,0.7,3091,-250
3827,3827.07,-327,-327.00,742.00,-415.38,-211.9,0.3,0.7,0.7,3091,-250
3828,3828.10,-327,-327.00,742.00,-415.59,-212.0,0.3,0.7,0.7,3091,-250
3829,3829.06,-327,-327.00,742.00,-415.78,-212.0,0.3,0.7,0.7,3091,-250
3830,3830.11,-327,-327.00,742.00,-415.99,-212.1,0.3,0.7,0.7,3091,-250
3831,3831.06,-327,-327.00,743.00,-416.18,-212.2,0.3,0.7,0.7,3091,-250
3832,3832.10,-327,-327.00,743.00,-416.39,-212.4,0.3,0.7,0.7,3091,-250
3833,3833.07,-327,-327.00,743.00,-416.58,-212.5,0.3,0.7,0.7,3091,-250
3834,3834.11,-327,-327.00,743.00,-416.79,-212.5,0.3,0.7,0.7,3091,-250
3835,3835.07,-327,-327.00,743.00,-416.98,-212.6,0.3,0.7,0.7,3091,-250
3836,3836.11,-327,-327.00,744.00,-417.19,-212.8,0.3,0.7,0.7,3091,-250
3837,3837.07,-327,-327.00,744.00,-417.38,-212.9,0.3,0.7,0.7,3091,-250
3838,3838.10,-327,-327.00,744.00,-417.59,-213.0,0.3,0.7,0.7,3091,-250
3839,3839.07,-327,-327.00,744.00,-417.78,-213.0,0.3,0.7,0.7,3091,-250
3840,3840.11,-327,-327.00,744.00,-417.99,-213.1,0.3,0.7,0.7,3091,-250
3841,3841.06,-327,-327.00,745.00,-418.18,-213.2,0.3,0.7,0.7,3091,-250
3842,3842.10,-327,-327.00,745.00,-418.39,-213.4,0.3,0.7,0.7,3091,-250
3843,3843.07,-327,-327.00,745.00,-418.58,-213.5,0.3,0.7,0.7,3091,-250
3844,3844.11,-327,-327.00,745.00,-418.79,-213.5,0.3,0.7,0.7,3091,-250
3845,3845.06,-327,-327.00,745.00,-418.98,-213.6,0.3,0.7,0.7,3091,-250
3846,3846.10,-327,-327.00,746.00,-419.19,-213.8,0.3,0.7,0.7,3091,-250
3847,3847.06,-327,-327.00,746.00,-419.38,-213.9,0.3,0.7,0.7,3091,-250
3848,3848.10,-327,-327.00,746.00,-419.59,-214.0,0.3,0.7,0.7,3091,-250
3849,3849.07,-327,-327.00,746.00,-419.78,-214.0,0.3,0.7,0.7,3091,-250
3850,3850.10,-327,-327.00,746.00,-419.99,-214.1,0.3,0.7,0.7,3091,-250
3851,3851.07,-327,-327.00,747.00,-420.18,-214.2,0.3,0.7,0.7,3091,-250
3852,3852.10,-327,-327.00,747.00,-420.39,-214.4,0.3,0.7,0.7,3091,-250
3853,3853.06,-327,-327.00,747.00,-420.58,-214.5,0.3,0.7,0.7,3091,-250
3854,3854.10,-327,-327.00,747.00,-420.79,-214.6,0.3,0.7,0.7,3091,-250
3855,3855.06,-327,-327.00,747.00,-420.98,-214.6,0.3,0.7,0.7,3091,-250
3856,3856.10,-327,-327.00,748.00,-421.19,-214.8,0.3,0.7,0.7,3091,-250
3857,3857.06,-327,-327.00,748.00,-421.38,-214.9,0.3,0.7,0.7,3091,-250
3858,3858.10,-327,-327.00,748.00,-421.59,-215.0,0.3,0.7,0.7,3091,-250
3859,3859.06,-327,-327.00,748.00,-421.78,-215.1,0.3,0.7,0.7,3091,-250
3860,3860.10,-327,-327.00,748.00,-421.99,-215.1,0.3,0.7,0.7,3091,-250
3861,3861.07,-327,-327.00,749.00,-422.18,-215.2,0.3,0.7,0.7,3091,-250
3862,3862.10,-327,-327.00,749.00,-422.39,-215.4,0.3,0.7,0.7,3091,-250
3863,3863.07,-327,-327.00,749.00,-422.58,-215.5,0.3,0.7,0.7,3091,-250
3864,3864.10,-327,-327.00,749.00,-422.79,-215.6,0.3,0.7,0.7,3091,-250
3865,3865.06,-327,-327.00,749.00,-422.98,-215.6,0.3,0.7,0.7,3091,-250
3866,3866.11,-327,-327.00,750.00,-423.19,-215.8,0.3,0.7,0.7,3091,-250
3867,3867.06,-327,-327.00,750.00,-423.38,-215.9,0.3,0.7,0.7,3091,-250
3868,3868.10,-327,-327.00,750.00,-423.59,-216.0,0.3,0.7,0.7,3091,-250
3869,3869.07,-327,-327.00,750.00,-423.78,-216.1,0.3,0.7,0.7,3091,-250
3870,3870.11,-327,-327.00,750.00,-423.99,-216.1,0.3,0.7,0.7,3091,-250
3871,3871.06,-327,-327.00,751.00,-424.18,-216.2,0.3,0.7,0.7,3091,-250
3872,3872.10,-327,-327.00,751.00,-424.39,-216.4,0.3,0.7,0.7,3091,-250
3873,3873.06,-327,-327.00,751.00,-424.58,-216.5,0.3,0.7,0.7,3091,-250
3874,3874.10,-327,-327.00,751.00,-424.79,-216.6,0.3,0.7,0.7,3091,-250
3875,3875.07,-327,-327.00,751.00,-424.98,-216.6,0.3,0.7,0.7,3091,-250
3876,3876.11,-327,-327.00,752.00,-425.19,-216.8,0.3,0.7,0.7,3091,-250
3877,3877.06,-327,-327.00,752.00,-425.38,-216.9,0.3,0.7,0.7,3091,-250
3878,3878.10,-327,-327.00,752.00,-425.59,-217.0,0.3,0.7,0.7,3091,-250
3879,3879.06,-327,-327.00,752.00,-425.78,-217.1,0.3,0.7,0.7,3091,-250
3880,3880.11,-327,-327.00,752.00,-425.99,-217.2,0.3,0.7,0.7,3091,-250
3881,3881.06,-327,-327.00,753.00,-426.18,-217.2,0.3,0.7,0.7,3091,-250
3882,3882.10,-327,-327.00,753.00,-426.39,-217.4,0.3,0.7,0.7,3091,-250
3883,3883.06,-327,-327.00,753.00,-426.58,-217.5,0.3,0.7,0.7,3091,-250
3884,3884.10,-327,-327.00,753.00,-426.79,-217.6,0.3,0.7,0.7,3091,-250
3885,3885.07,-327,-327.00,753.00,-426.98,-217.8,0.3,0.7,0.7,3091,-250
3886,3886.10,-327,-327.00,754.00,-427.19,-217.8,0.3,0.7,0.7,3091,-250
3887,3887.06,-327,-327.00,754.00,-427.38,-217.9,0.3,0.7,0.7,3091,-250
3888,3888.10,-327,-327.00,754.00,-427.59,-218.0,0.3,0.7,0.7,3091,-250
3889,3889.06,-327,-327.00,754.00,-427.78,-218.1,0.3,0.7,0.7,3091,-250
3890,3890.11,-327,-327.00,754.00,-427.99,-218.2,0.3,0.7,0.7,3091,-250
3891,3891.06,-327,-327.00,755.00,-428.18,-218.2,0.3,0.7,0.7,3091,-250
3892,3892.10,-327,-327.00,755.00,-428.39,-218.4,0.3,0.7,0.7,3091,-250
3893,3893.07,-327,-327.00,755.00,-428.58,-218.5,0.3,0.7,0.7,3091,-250
3894,3894.10,-327,-327.00,755.00,-428.79,-218.6,0.3,0.7,0.7,3091,-250
3895,3895.06,-327,-327.00,755.00,-428.98,-218.8,0.3,0.7,0.7,3091,-250
3896,3896.10,-327,-327.00,756.00,-429.19,-218.8,0.3,0.7,0.7,3091,-250
3897,3897.06,-327,-327.00,756.00,-429.38,-218.9,0.3,0.7,0.7,3091,-250
3898,3898.10,-327,-327.00,756.00,-429.59,-219.0,0.3,0.7,0.7,3091,-250
3899,3899.06,-327,-327.00,756.00,-429.78,-219.1,0.3,0.7,0.7,3091,-250
3900,3900.11,-327,-327.00,756.00,-429.99,-219.2,0.3,0.7,0.7,3091,-250
3901,3901.06,-327,-327.00,757.00,-430.18,-219.2,0.3,0.7,0.7,3091,-250
3902,3902.11,-327,-327.00,757.00,-430.39,-219.4,0.3,0.7,0.7,3091,-250
3903,3903.06,-327,-327.00,757.00,-430.58,-219.5,0.3,0.7,0.7,3091,-250
3904,3904.10,-327,-327.00,757.00,-430.79,-219.6,0.3,0.7,0.7,3091,-250
3905,3905.06,-327,-327.00,757.00,-430.98,-219.8,0.3,0.7,0.7,3091,-250
3906,3906.10,-327,-327.00,758.00,-431.19,-219.9,0.3,0.7,0.7,3091,-250
3907,3907.06,-327,-327.00,758.00,-431.38,-219.9,0.3,0.7,0.7,3091,-250
3908,3908.10,-327,-327.00,758.00,-431.59,-220.0,0.3,0.7,0.7,3091,-250
3909,3909.07,-327,-327.00,758.00,-431.78,-220.1,0.3,0.7,0.7,3091,-250
3910,3910.11,-327,-327.00,758.00,-431.99,-220.2,0.3,0.7,0.7,3091,-250
3911,3911.06,-327,-327.00,759.00,-432.18,-220.4,0.3,0.7,0.7,3091,-250
3912,3912.10,-327,-327.00,759.00,-432.39,-220.4,0.3,0.7,0.7,3091,-250
3913,3913.06,-327,-327.00,759.00,-432.58,-220.5,0.3,0.7,0.7,3091,-250
3914,3914.10,-327,-327.00,759.00,-432.79,-220.6,0.3,0.7,0.7,3091,-250
3915,3915.07,-327,-327.00,759.00,-432.98,-220.8,0.3,0.7,0.7,3091,-250
3916,3916.10,-327,-327.00,760.00,-433.19,-220.9,0.3,0.7,0.7,3091,-250
3917,3917.07,-327,-327.00,760.00,-433.38,-220.9,0.3,0.7,0.7,3091,-250
3918,3918.10,-327,-327.00,760.00,-433.59,-221.0,0.3,0.7,0.7,3091,-250
3919,3919.06,-327,-327.00,760.00,-433.78,-221.1,0.3,0.7,0.7,3091,-250
3920,3920.10,-327,-327.00,760.00,-433.99,-221.2,0.3,0.7,0.7,3091,-250
3921,3921.06,-327,-327.00,761.00,-434.18,-221.4,0.3,0.7,0.7,3091,-250
3922,3922.10,-327,-327.00,761.00,-434.39,-221.4,0.3,0.7,0.7,3091,-250
3923,3923.06,-327,-327.00,761.00,-434.58,-221.5,0.3,0.7,0.7,3091,-250
3924,3924.10,-327,-327.00,761.00,-434.79,-221.6,0.3,0.7,0.7,3091,-250
3925,3925.06,-327,-327.00,761.00,-434.98,-221.8,0.3,0.7,0.7,3091,-250
3926,3926.11,-327,-327.00,762.00,-435.19,-221.9,0.3,0.7,0.7,3091,-250
3927,3927.06,-327,-327.00,762.00,-435.38,-221.9,0.3,0.7,0.7,3091,-250
3928,3928.10,-327,-327.00,762.00,-435.59,-222.0,0.3,0.7,0.7,3091,-250
3929,3929.06,-327,-327.00,762.00,-435.78,-222.1,0.3,0.7,0.7,3091,-250
3930,3930.10,-327,-327.00,762.00,-435.99,-222.2,0.3,0.7,0.7,3091,-250
3931,3931.07,-327,-327.00,763.00,-436.18,-222.4,0.3,0.7,0.7,3091,-250
3932,3932.10,-327,-327.00,763.00,-436.39,-222.5,0.3,0.7,0.7,3091,-250
3933,3933.06,-327,-327.00,763.00,-436.58,-222.5,0.3,0.7,0.7,3091,-250
3934,3934.10,-327,-327.00,763.00,-436.79,-222.6,0.3,0.7,0.7,3091,-250
3935,3935.06,-327,-327.00,763.00,-436.98,-222.8,0.3,0.7,0.7,3091,-250
3936,3936.11,-327,-327.00,764.00,-437.19,-222.9,0.3,0.7,0.7,3091,-250
3937,3937.07,-327,-327.00,764.00,-437.38,-223.0,0.3,0.7,0.7,3091,-250
3938,3938.10,-327,-327.00,764.00,-437.59,-223.0,0.3,0.7,0.7,3091,-250
3939,3939.06,-327,-327.00,764.00,-437.78,-223.1,0.3,0.7,0.7,3091,-250
3940,3940.10,-327,-327.00,764.00,-437.99,-223.2,0.3,0.7,0.7,3091,-250
3941,3941.06,-327,-327.00,765.00,-438.18,-223.4,0.3,0.7,0.7,3091,-250
3942,3942.11,-327,-327.00,765.00,-438.39,-223.5,0.3,0.7,0.7,3091,-250
3943,3943.06,-327,-327.00,765.00,-438.58,-223.5,0.3,0.7,0.7,3091,-250
3944,3944.10,-327,-327.00,765.00,-438.79,-223.6,0.3,0.7,0.7,3091,-250
3945,3945.07,-327,-327.00,765.00,-438.98,-223.8,0.3,0.7,0.7,3091,-250
3946,3946.10,-327,-327.00,766.00,-439.19,-223.9,0.3,0.7,0.7,3091,-250
3947,3947.07,-327,-327.00,766.00,-439.38,-224.0,0.3,0.7,0.7,3091,-250
3948,3948.10,-327,-327.00,766.00,-439.59,-224.0,0.3,0.7,0.7,3091,-250
3949,3949.06,-327,-327.00,766.00,-439.78,-224.1,0.3,0.7,0.7,3091,-250
3950,3950.10,-327,-327.00,766.00,-439.99,-224.2,0.3,0.7,0.7,3091,-250
3951,3951.06,-327,-327.00,767.00,-440.18,-224.4,0.3,0.7,0.7,3091,-250
3952,3952.10,-327,-327.00,767.00,-440.39,-224.5,0.3,0.7,0.7,3091,-250
3953,3953.06,-327,-327.00,767.00,-440.58,-224.5,0.3,0.7,0.7,3091,-250
3954,3954.10,-327,-327.00,767.00,-440.79,-224.6,0.3,0.7,0.7,3091,-250
3955,3955.06,-327,-327.00,767.00,-440.98,-224.8,0.3,0.7,0.7,3091,-250
3956,3956.11,-327,-327.00,768.00,-441.19,-224.9,0.3,0.7,0.7,3091,-250
3957,3957.06,-327,-327.00,768.00,-441.38,-225.0,0.3,0.7,0.7,3091,-250
3958,3958.10,-327,-327.00,768.00,-441.59,-225.1,0.3,0.7,0.7,3091,-250
3959,3959.06,-327,-327.00,768.00,-441.78,-225.1,0.3,0.7,0.7,3091,-250
3960,3960.10,-327,-327.00,768.00,-441.99,-225.2,0.3,0.7,0.7,3091,-250
3961,3961.07,-327,-327.00,769.00,-442.18,-225.4,0.3,0.7,0.7,3091,-250
3962,3962.10,-327,-327.00,769.00,-442.39,-225.5,0.3,0.7,0.7,3091,-250
3963,3963.06,-327,-327.00,769.00,-442.58,-225.6,0.3,0.7,0.7,3091,-250
3964,3964.10,-327,-327.00,769.00,-442.79,-225.6,0.3,0.7,0.7,3091,-250
3965,3965.07,-327,-327.00,769.00,-442.98,-225.8,0.3,0.7,0.7,3091,-250
3966,3966.10,-327,-327.00,770.00,-443.19,-225.9,0.3,0.7,0.7,3091,-250
3967,3967.06,-327,-327.00,770.00,-443.38,-226.0,0.3,0.7,0.7,3091,-250
3968,3968.10,-327,-327.00,770.00,-443.59,-226.1,0.3,0.7,0.7,3091,-250
3969,3969.06,-327,-327.00,770.00,-443.78,-226.1,0.3,0.7,0.7,3091,-250
3970,3970.10,-327,-327.00,770.00,-443.99,-226.2,0.3,0.7,0.7,3091,-250
3971,3971.06,-327,-327.00,771.00,-444.18,-226.4,0.3,0.7,0.7,3091,-250
3972,3972.11,-327,-327.00,771.00,-444.39,-226.5,0.3,0.7,0.7,3091,-250
3973,3973.07,-327,-327.00,771.00,-444.58,-226.6,0.3,0.7,0.7,3091,-250
3974,3974.11,-327,-327.00,771.00,-444.79,-226.6,0.3,0.7,0.7,3091,-250
3975,3975.06,-327,-327.00,771.00,-444.98,-226.8,0.3,0.7,0.7,3091,-250
3976,3976.10,-327,-327.00,772.00,-445.19,-226.9,0.3,0.7,0.7,3091,-250
3977,3977.06,-327,-327.00,772.00,-445.38,-227.0,0.3,0.7,0.7,3091,-250
3978,3978.10,-327,-327.00,772.00,-445.59,-227.1,0.3,0.7,0.7,3091,-250
3979,3979.06,-327,-327.00,772.00,-445.78,-227.1,0.3,0.7,0.7,3091,-250
3980,3980.10,-327,-327.00,772.00,-445.99,-227.2,0.3,0.7,0.7,3091,-250
3981,3981.07,-327,-327.00,773.00,-446.18,-227.4,0.3,0.7,0.7,3091,-250
3982,3982.10,-327,-327.00,773.00,-446.39,-227.5,0.3,0.7,0.7,3091,-250
3983,3983.06,-327,-327.00,773.00,-446.58,-227.6,0.3,0.7,0.7,3091,-250
3984,3984.10,-327,-327.00,773.00,-446.79,-227.8,0.3,0.7,0.7,3091,-250
3985,3985.06,-327,-327.00,773.00,-446.98,-227.8,0.3,0.7,0.7,3091,-250
3986,3986.10,-327,-327.00,774.00,-447.19,-227.9,0.3,0.7,0.7,3091,-250
3987,3987.06,-327,-327.00,774.00,-447.38,-228.0,0.3,0.7,0.7,3091,-250
3988,3988.10,-327,-327.00,774.00,-447.59,-228.1,0.3,0.7,0.7,3091,-250
3989,3989.06,-327,-327.00,774.00,-447.78,-228.2,0.3,0.7,0.7,3091,-250
3990,3990.10,-327,-327.00,774.00,-447.99,-228.2,0.3,0.7,0.7,3091,-250
3991,3991.06,-327,-327.00,775.00,-448.18,-228.4,0.3,0.7,0.7,3091,-250
3992,3992.10,-327,-327.00,775.00,-448.39,-228.5,0.3,0.7,0.7,3091,-250
3993,3993.06,-327,-327.00,775.00,-448.58,-228.6,0.3,0.7,0.7,3091,-250
3994,3994.10,-327,-327.00,775.00,-448.79,-228.8,0.3,0.7,0.7,3091,-250
3995,3995.06,-327,-327.00,775.00,-448.98,-228.8,0.3,0.7,0.7,3091,-250
3996,3996.10,-327,-327.00,776.00,-449.19,-228.9,0.3,0.7,0.7,3091,-250
3997,3997.06,-327,-327.00,776.00,-449.38,-229.0,0.3,0.7,0.7,3091,-250
3998,3998.10,-327,-327.00,776.00,-449.59,-229.1,0.3,0.7,0.7,3091,-250
3999,3999.06,-327,-327.00,776.00,-449.78,-229.2,0.3,0.7,0.7,3091,-250
4000,4000.10,-327,-327.00,776.00,-449.99,-229.2,0.3,0.7,0.7,3091,-250
4001,4001.06,-327,-327.00,777.00,-450.18,-229.4,0.3,0.7,0.7,3091,-250
4002,4002.10,-327,-327.00,777.00,-450.39,-229.5,0.3,0.7,0.7,3091,-250
4003,4003.06,-327,-327.00,777.00,-450.58,-229.6,0.3,0.7,0.7,3091,-250
4004,4004.10,-327,-327.00,777.00,-450.79,-229.8,0.3,0.7,0.7,3091,-250
4005,4005.06,-327,-327.00,777.00,-450.98,-229.9,0.3,0.7,0.7,3091,-250
4006,4006.10,-327,-327.00,778.00,-451.19,-229.9,0.3,0.7,0.7,3091,-250
4007,4007.06,-327,-327.00,778.00,-451.38,-230.0,0.3,0.7,0.7,3091,-250
4008,4008.10,-327,-327.00,778.00,-451.59,-230.1,0.3,0.7,0.7,3091,-250
4009,4009.06,-327,-327.00,778.00,-451.78,-230.2,0.3,0.7,0.7,3091,-250
4010,4010.11,-327,-327.00,778.00,-451.99,-230.4,0.3,0.7,0.7,3091,-250
4011,4011.06,-327,-327.00,779.00,-452.18,-230.4,0.3,0.7,0.7,3091,-250
4012,4012.10,-327,-327.00,779.00,-452.39,-230.5,0.3,0.7,0.7,3091,-250
4013,4013.06,-327,-327.00,779.00,-452.58,-230.6,0.3,0.7,0.7,3091,-250
4014,4014.10,-327,-327.00,779.00,-452.79,-230.8,0.3,0.7,0.7,3091,-250
4015,4015.07,-327,-327.00,779.00,-452.98,-230.9,0.3,0.7,0.7,3091,-250
4016,4016.10,-327,-327.00,780.00,-453.19,-230.9,0.3,0.7,0.7,3091,-250
4017,4017.07,-327,-327.00,780.00,-453.38,-231.0,0.3,0.7,0.7,3091,-250
4018,4018.10,-327,-327.00,780.00,-453.59,-231.1,0.3,0.7,0.7,3091,-250
4019,4019.06,-327,-327.00,780.00,-453.78,-231.2,0.3,0.7,0.7,3091,-250
4020,4020.10,-327,-327.00,780.00,-453.99,-231.4,0.3,0.7,0.7,3091,-250
4021,4021.06,-327,-327.00,781.00,-454.18,-231.4,0.3,0.7,0.7,3091,-250
4022,4022.10,-327,-327.00,781.00,-454.39,-231.5,0.3,0.7,0.7,3091,-250
4023,4023.06,-327,-327.00,781.00,-454.58,-231.6,0.3,0.7,0.7,3091,-250
4024,4024.10,-327,-327.00,781.00,-454.79,-231.8,0.3,0.7,0.7,3091,-250
4025,4025.06,-327,-327.00,781.00,-454.98,-231.9,0.3,0.7,0.7,3091,-250
4026,4026.10,-327,-327.00,782.00,-455.19,-232.0,0.3,0.7,0.7,3091,-250
4027,4027.06,-327,-327.00,782.00,-455.38,-232.0,0.3,0.7,0.7,3091,-250
4028,4028.10,-327,-327.00,782.00,-455.59,-232.1,0.3,0.7,0.7,3091,-250
4029,4029.06,-327,-327.00,782.00,-455.78,-232.2,0.3,0.7,0.7,3091,-250
4030,4030.10,-327,-327.00,782.00,-455.99,-232.4,0.3,0.7,0.7,3091,-250
4031,4031.06,-327,-327.00,783.00,-456.18,-232.5,0.3,0.7,0.7,3091,-250
4032,4032.10,-327,-327.00,783.00,-456.39,-232.5,0.3,0.7,0.7,3091,-250
4033,4033.06,-327,-327.00,783.00,-456.58,-232.6,0.3,0.7,0.7,3091,-250
4034,4034.11,-327,-327.00,783.00,-456.79,-232.8,0.3,0.7,0.7,3091,-250
4035,4035.06,-327,-327.00,783.00,-456.98,-232.9,0.3,0.7,0.7,3091,-250
4036,4036.10,-327,-327.00,784.00,-457.19,-233.0,0.3,0.7,0.7,3091,-250
4037,4037.06,-327,-327.00,784.00,-457.38,-233.0,0.3,0.7,0.7,3091,-250
4038,4038.10,-327,-327.00,784.00,-457.59,-233.1,0.3,0.7,0.7,3091,-250
4039,4039.06,-327,-327.00,784.00,-457.78,-233.2,0.3,0.7,0.7,3091,-250
4040,4040.10,-327,-327.00,784.00,-457.99,-233.4,0.3,0.7,0.7,3091,-250
4041,4041.06,-327,-327.00,785.00,-458.18,-233.5,0.3,0.7,0.7,3091,-250
4042,4042.10,-327,-327.00,785.00,-458.39,-233.5,0.3,0.7,0.7,3091,-250
4043,4043.07,-327,-327.00,785.00,-458.58,-233.6,0.3,0.7,0.7,3091,-250
4044,4044.10,-327,-327.00,785.00,-458.79,-233.8,0.3,0.7,0.7,3091,-250
4045,4045.06,-327,-327.00,785.00,-458.98,-233.9,0.3,0.7,0.7,3091,-250
4046,4046.10,-327,-327.00,786.00,-459.19,-234.0,0.3,0.7,0.7,3091,-250
4047,4047.07,-327,-327.00,786.00,-459.38,-234.0,0.3,0.7,0.7,3091,-250
4048,4048.10,-327,-327.00,786.00,-459.59,-234.1,0.3,0.7,0.7,3091,-250
4049,4049.06,-327,-327.00,786.00,-459.78,-234.2,0.3,0.7,0.7,3091,-250
4050,4050.10,-327,-327.00,786.00,-459.99,-234.4,0.3,0.7,0.7,3091,-250
4051,4051.07,-327,-327.00,787.00,-460.18,-234.5,0.3,0.7,0.7,3091,-250
4052,4052.11,-327,-327.00,787.00,-460.39,-234.6,0.3,0.7,0.7,3091,-250
4053,4053.06,-327,-327.00,787.00,-460.58,-234.6,0.3,0.7,0.7,3091,-250
4054,4054.10,-327,-327.00,787.00,-460.79,-234.8,0.3,0.7,0.7,3091,-250
4055,4055.06,-327,-327.00,787.00,-460.98,-234.9,0.3,0.7,0.7,3091,-250
4056,4056.10,-327,-327.00,788.00,-461.19,-235.0,0.3,0.7,0.7,3091,-250
4057,4057.06,-327,-327.00,788.00,-461.38,-235.1,0.3,0.7,0.7,3091,-250
4058,4058.10,-327,-327.00,788.00,-461.59,-235.1,0.3,0.7,0.7,3091,-250
4059,4059.06,-327,-327.00,788.00,-461.78,-235.2,0.3,0.7,0.7,3091,-250
4060,4060.10,-327,-327.00,788.00,-461.99,-235.4,0.3,0.7,0.7,3091,-250
4061,4061.06,-327,-327.00,789.00,-462.18,-235.5,0.3,0.7,0.7,3091,-250
4062,4062.10,-327,-327.00,789.00,-462.39,-235.6,0.3,0.7,0.7,3091,-250
4063,4063.06,-327,-327.00,789.00,-462.58,-235.6,0.3,0.7,0.7,3091,-250
4064,4064.10,-327,-327.00,789.00,-462.79,-235.8,0.3,0.7,0.7,3091,-250
4065,4065.06,-327,-327.00,789.00,-462.98,-235.9,0.3,0.7,0.7,3091,-250
4066,4066.10,-327,-327.00,790.00,-463.19,-236.0,0.3,0.7,0.7,3091,-250
4067,4067.06,-327,-327.00,790.00,-463.38,-236.1,0.3,0.7,0.7,3091,-250
4068,4068.10,-327,-327.00,790.00,-463.59,-236.1,0.3,0.7,0.7,3091,-250
4069,4069.06,-327,-327.00,790.00,-463.78,-236.2,0.3,0.7,0.7,3091,-250
4070,4070.10,-327,-327.00,790.00,-463.99,-236.4,0.3,0.7,0.7,3091,-250
4071,4071.06,-327,-327.00,791.00,-464.18,-236.5,0.3,0.7,0.7,3091,-250
4072,4072.10,-327,-327.00,791.00,-464.39,-236.6,0.3,0.7,0.7,3091,-250
4073,4073.06,-327,-327.00,791.00,-464.58,-236.6,0.3,0.7,0.7,3091,-250
4074,4074.10,-327,-327.00,791.00,-464.79,-236.8,0.3,0.7,0.7,3091,-250
4075,4075.06,-327,-327.00,791.00,-464.98,-236.9,0.3,0.7,0.7,3091,-250
4076,4076.10,-327,-327.00,792.00,-465.19,-237.0,0.3,0.7,0.7,3091,-250
4077,4077.06,-327,-327.00,792.00,-465.38,-237.1,0.3,0.7,0.7,3091,-250
4078,4078.10,-327,-327.00,792.00,-465.59,-237.2,0.3,0.7,0.7,3091,-250
4079,4079.07,-327,-327.00,792.00,-465.78,-237.2,0.3,0.7,0.7,3091,-250
4080,4080.11,-327,-327.00,792.00,-465.99,-237.4,0.3,0.7,0.7,3091,-250
4081,4081.06,-327,-327.00,793.00,-466.18,-237.5,0.3,0.7,0.7,3091,-250
4082,4082.11,-327,-327.00,793.00,-466.39,-237.6,0.3,0.7,0.7,3091,-250
4083,4083.06,-327,-327.00,793.00,-466.58,-237.8,0.3,0.7,0.7,3091,-250
4084,4084.10,-327,-327.00,793.00,-466.79,-237.8,0.3,0.7,0.7,3091,-250
4085,4085.06,-327,-327.00,793.00,-466.98,-237.9,0.3,0.7,0.7,3091,-250
4086,4086.10,-327,-327.00,794.00,-467.19,-238.0,0.3,0.7,0.7,3091,-250
4087,4087.07,-327,-327.00,794.00,-467.38,-238.1,0.3,0.7,0.7,3091,-250
4088,4088.10,-327,-327.00,794.00,-467.59,-238.2,0.3,0.7,0.7,3091,-250
4089,4089.06,-327,-327.00,794.00,-467.78,-238.2,0.3,0.7,0.7,3091,-250
4090,4090.10,-327,-327.00,794.00,-467.99,-238.4,0.3,0.7,0.7,3091,-250
4091,4091.06,-327,-327.00,795.00,-468.18,-238.5,0.3,0.7,0.7,3091,-250
4092,4092.10,-327,-327.00,795.00,-468.39,-238.6,0.3,0.7,0.7,3091,-250
4093,4093.06,-327,-327.00,795.00,-468.58,-238.8,0.3,0.7,0.7,3091,-250
4094,4094.10,-327,-327.00,795.00,-468.79,-238.8,0.3,0.7,0.7,3091,-250
4095,4095.06,-327,-327.00,795.00,-468.98,-238.9,0.3,0.7,0.7,3091,-250
4096,4096.10,-327,-327.00,796.00,-469.19,-239.0,0.3,0.7,0.7,3091,-250
4097,4097.06,-327,-327.00,796.00,-469.38,-239.1,0.3,0.7,0.7,3091,-250
4098,4098.10,-327,-327.00,796.00,-469.59,-239.2,0.3,0.7,0.7,3091,-250
4099,4099.06,-327,-327.00,796.00,-469.78,-239.2,0.3,0.7,0.7,3091,-250
4100,4100.10,-327,-327.00,796.00,-469.99,-239.4,0.3,0.7,0.7,3091,-250
4101,4101.06,-327,-327.00,797.00,-470.18,-239.5,0.3,0.7,0.7,3091,-250
4102,4102.10,-327,-327.00,797.00,-470.39,-239.6,0.3,0.7,0.7,3091,-250
4103,4103.06,-327,-327.00,797.00,-470.58,-239.8,0.3,0.7,0.7,3091,-250
4104,4104.10,-327,-327.00,797.00,-470.79,-239.9,0.3,0.7,0.7,3091,-250
4105,4105.06,-327,-327.00,797.00,-470.98,-239.9,0.3,0.7,0.7,3091,-250
4106,4106.10,-327,-327.00,798.00,-471.19,-240.0,0.3,0.7,0.7,3091,-250
4107,4107.06,-327,-327.00,798.00,-471.38,-240.1,0.3,0.7,0.7,3091,-250
4108,4108.10,-327,-327.00,798.00,-471.59,-240.2,0.3,0.7,0.7,3091,-250
4109,4109.06,-327,-327.00,798.00,-471.78,-240.4,0.3,0.7,0.7,3091,-250
4110,4110.10,-327,-327.00,798.00,-471.99,-240.4,0.3,0.7,0.7,3091,-250
4111,4111.07,-327,-327.00,799.00,-472.18,-240.5,0.3,0.7,0.7,3091,-250
4112,4112.10,-327,-327.00,799.00,-472.39,-240.6,0.3,0.7,0.7,3091,-250
4113,4113.06,-327,-327.00,799.00,-472.58,-240.8,0.3,0.7,0.7,3091,-250
4114,4114.10,-327,-327.00,799.00,-472.79,-240.9,0.3,0.7,0.7,3091,-250
4115,4115.06,-327,-327.00,799.00,-472.98,-240.9,0.3,0.7,0.7,3091,-250
4116,4116.10,-327,-327.00,800.00,-473.19,-241.0,0.3,0.7,0.7,3091,-250
4117,4117.06,-327,-327.00,800.00,-473.38,-241.1,0.3,0.7,0.7,3091,-250
4118,4118.10,-327,-327.00,800.00,-473.59,-241.2,0.3,0.7,0.7,3091,-250
4119,4119.06,-327,-327.00,800.00,-473.78,-241.4,0.3,0.7,0.7,3091,-250
4120,4120.10,-327,-327.00,800.00,-473.99,-241.4,0.3,0.7,0.7,3091,-250
4121,4121.06,-327,-327.00,801.00,-474.18,-241.5,0.3,0.7,0.7,3091,-250
4122,4122.10,-327,-327.00,801.00,-474.39,-241.6,0.3,0.7,0.7,3091,-250
4123,4123.06,-327,-327.00,801.00,-474.58,-241.8,0.3,0.7,0.7,3091,-250
4124,4124.10,-327,-327.00,801.00,-474.79,-241.9,0.3,0.7,0.7,3091,-250
4125,4125.06,-327,-327.00,801.00,-474.98,-241.9,0.3,0.7,0.7,3091,-250
4126,4126.10,-327,-327.00,802.00,-475.19,-242.0,0.3,0.7,0.7,3091,-250
4127,4127.06,-327,-327.00,802.00,-475.38,-242.1,0.3,0.7,0.7,3091,-250
4128,4128.10,-327,-327.00,802.00,-475.59,-242.2,0.3,0.7,0.7,3091,-250
4129,4129.06,-327,-327.00,802.00,-475.78,-242.4,0.3,0.7,0.7,3091,-250
4130,4130.10,-327,-327.00,802.00,-475.99,-242.5,0.3,0.7,0.7,3091,-250
4131,4131.07,-327,-327.00,803.00,-476.18,-242.5,0.3,0.7,0.7,3091,-250
4132,4132.11,-327,-327.00,803.00,-476.39,-242.6,0.3,0.7,0.7,3091,-250
4133,4133.06,-327,-327.00,803.00,-476.58,-242.8,0.3,0.7,0.7,3091,-250
4134,4134.10,-327,-327.00,803.00,-476.79,-242.9,0.3,0.7,0.7,3091,-250
4135,4135.06,-327,-327.00,803.00,-476.98,-243.0,0.3,0.7,0.7,3091,-250
4136,4136.10,-327,-327.00,804.00,-477.19,-243.0,0.3,0.7,0.7,3091,-250
4137,4137.06,-327,-327.00,804.00,-477.38,-243.1,0.3,0.7,0.7,3091,-250
4138,4138.11,-327,-327.00,804.00,-477.59,-243.2,0.3,0.7,0.7,3091,-250
4139,4139.06,-327,-327.00,804.00,-477.78,-243.4,0.3,0.7,0.7,3091,-250
4140,4140.10,-327,-327.00,804.00,-477.99,-243.5,0.3,0.7,0.7,3091,-250
4141,4141.06,-327,-327.00,805.00,-478.18,-243.5,0.3,0.7,0.7,3091,-250
4142,4142.10,-327,-327.00,805.00,-478.39,-243.6,0.3,0.7,0.7,3091,-250
4143,4143.06,-327,-327.00,805.00,-478.58,-243.8,0.3,0.7,0.7,3091,-250
4144,4144.11,-327,-327.00,805.00,-478.79,-243.9,0.3,0.7,0.7,3091,-250
4145,4145.06,-327,-327.00,805.00,-478.98,-244.0,0.3,0.7,0.7,3091,-250
4146,4146.10,-327,-327.00,806.00,-479.19,-244.0,0.3,0.7,0.7,3091,-250
4147,4147.06,-327,-327.00,806.00,-479.38,-244.1,0.3,0.7,0.7,3091,-250
4148,4148.10,-327,-327.00,806.00,-479.59,-244.2,0.3,0.7,0.7,3091,-250
4149,4149.06,-327,-327.00,806.00,-479.78,-244.4,0.3,0.7,0.7,3091,-250
4150,4150.10,-327,-327.00,806.00,-479.99,-244.5,0.3,0.7,0.7,3091,-250
4151,4151.06,-327,-327.00,807.00,-480.18,-244.5,0.3,0.7,0.7,3091,-250
4152,4152.10,-327,-327.00,807.00,-480.39,-244.6,0.3,0.7,0.7,3091,-250
4153,4153.06,-327,-327.00,807.00,-480.58,-244.8,0.3,0.7,0.7,3091,-250
4154,4154.10,-327,-327.00,807.00,-480.79,-244.9,0.3,0.7,0.7,3091,-250
4155,4155.06,-327,-327.00,807.00,-480.98,-245.0,0.3,0.7,0.7,3091,-250
4156,4156.10,-327,-327.00,808.00,-481.19,-245.1,0.3,0.7,0.7,3091,-250
4157,4157.06,-327,-327.00,808.00,-481.38,-245.1,0.3,0.7,0.7,3091,-250
4158,4158.10,-327,-327.00,808.00,-481.59,-245.2,0.3,0.7,0.7,3091,-250
4159,4159.06,-327,-327.00,808.00,-481.78,-245.4,0.3,0.7,0.7,3091,-250
4160,4160.10,-327,-327.00,808.00,-481.99,-245.5,0.3,0.7,0.7,3091,-250
4161,4161.06,-327,-327.00,809.00,-482.18,-245.6,0.3,0.7,0.7,3091,-250
4162,4162.10,-327,-327.00,809.00,-482.39,-245.6,0.3,0.7,0.7,3091,-250
4163,4163.06,-327,-327.00,809.00,-482.58,-245.8,0.3,0.7,0.7,3091,-250
4164,4164.10,-327,-327.00,809.00,-482.79,-245.9,0.3,0.7,0.7,3091,-250
4165,4165.06,-327,-327.00,809.00,-482.98,-246.0,0.3,0.7,0.7,3091,-250
4166,4166.10,-327,-327.00,810.00,-483.19,-246.1,0.3,0.7,0.7,3091,-250
4167,4167.06,-327,-327.00,810.00,-483.38,-246.1,0.3,0.7,0.7,3091,-250
4168,4168.10,-327,-327.00,810.00,-483.59,-246.2,0.3,0.7,0.7,3091,-250
4169,4169.06,-327,-327.00,810.00,-483.78,-246.4,0.3,0.7,0.7,3091,-250
4170,4170.10,-327,-327.00,810.00,-483.99,-246.5,0.3,0.7,0.7,3091,-250
4171,4171.06,-327,-327.00,811.00,-484.18,-246.6,0.3,0.7,0.7,3091,-250
4172,4172.10,-327,-327.00,811.00,-484.39,-246.6,0.3,0.7,0.7,3091,-250
4173,4173.06,-327,-327.00,811.00,-484.58,-246.8,0.3,0.7,0.7,3091,-250
4174,4174.10,-327,-327.00,811.00,-484.79,-246.9,0.3,0.7,0.7,3091,-250
4175,4175.06,-327,-327.00,811.00,-484.98,-247.0,0.3,0.7,0.7,3091,-250
4176,4176.10,-327,-327.00,812.00,-485.19,-247.1,0.3,0.7,0.7,3091,-250
4177,4177.06,-327,-327.00,812.00,-485.38,-247.1,0.3,0.7,0.7,3091,-250
4178,4178.10,-327,-327.00,812.00,-485.59,-247.2,0.3,0.7,0.7,3091,-250
4179,4179.06,-327,-327.00,812.00,-485.78,-247.4,0.3,0.7,0.7,3091,-250
4180,4180.10,-327,-327.00,812.00,-485.99,-247.5,0.3,0.7,0.7,3091,-250
4181,4181.06,-327,-327.00,813.00,-486.18,-247.6,0.3,0.7,0.7,3091,-250
4182,4182.10,-327,-327.00,813.00,-486.39,-247.8,0.3,0.7,0.7,3091,-250
4183,4183.06,-327,-327.00,813.00,-486.58,-247.8,0.3,0.7,0.7,3091,-250
4184,4184.10,-327,-327.00,813.00,-486.79,-247.9,0.3,0.7,0.7,3091,-250
4185,4185.06,-327,-327.00,813.00,-486.98,-248.0,0.3,0.7,0.7,3091,-250
4186,4186.10,-327,-327.00,814.00,-487.19,-248.1,0.3,0.7,0.7,3091,-250
4187,4187.06,-327,-327.00,814.00,-487.38,-248.2,0.3,0.7,0.7,3091,-250
4188,4188.10,-327,-327.00,814.00,-487.59,-248.2,0.3,0.7,0.7,3091,-250
4189,4189.06,-327,-327.00,814.00,-487.78,-248.4,0.3,0.7,0.7,3091,-250
4190,4190.10,-327,-327.00,814.00,-487.99,-248.5,0.3,0.7,0.7,3091,-250
4191,4191.06,-327,-327.00,815.00,-488.18,-248.6,0.3,0.7,0.7,3091,-250
4192,4192.10,-327,-327.00,815.00,-488.39,-248.8,0.3,0.7,0.7,3091,-250
4193,4193.06,-327,-327.00,815.00,-488.58,-248.8,0.3,0.7,0.7,3091,-250
4194,4194.10,-327,-327.00,815.00,-488.79,-248.9,0.3,0.7,0.7,3091,-250
4195,4195.06,-327,-327.00,815.00,-488.98,-249.0,0.3,0.7,0.7,3091,-250
4196,4196.10,-327,-327.00,816.00,-489.19,-249.1,0.3,0.7,0.7,3091,-250
4197,4197.06,-327,-327.00,816.00,-489.38,-249.2,0.3,0.7,0.7,3091,-250
4198,4198.10,-327,-327.00,816.00,-489.59,-249.2,0.3,0.7,0.7,3091,-250
4199,4199.06,-327,-327.00,816.00,-489.78,-249.4,0.3,0.7,0.7,3091,-250
4200,4200.10,-327,-327.00,816.00,-489.99,-249.5,0.3,0.7,0.7,3091,-250
4201,4201.06,-327,-327.00,817.00,-490.18,-249.6,0.3,0.7,0.7,3091,-250
4202,4202.10,-327,-327.00,817.00,-490.39,-249.8,0.3,0.7,0.7,3091,-250
4203,4203.06,-327,-327.00,817.00,-490.58,-249.8,0.3,0.7,0.7,3091,-250
4204,4204.10,-327,-327.00,817.00,-490.79,-249.9,0.3,0.7,0.7,3091,-250
4205,4205.06,-327,-327.00,817.00,-490.98,-250.0,0.3,0.7,0.7,3091,-250
4206,4206.10,-327,-327.00,818.00,-491.19,-250.1,0.3,0.7,0.7,3091,-250
4207,4207.06,-327,-327.00,818.00,-491.38,-250.2,0.3,0.7,0.7,3091,-250
4208,4208.10,-327,-327.00,818.00,-491.59,-250.4,0.3,0.7,0.7,3091,-250
4209,4209.06,-327,-327.00,818.00,-491.78,-250.4,0.3,0.7,0.7,3091,-250
4210,4210.10,-327,-327.00,818.00,-491.99,-250.5,0.3,0.7,0.7,3091,-250
4211,4211.06,-327,-327.00,819.00,-492.18,-250.6,0.3,0.7,0.7,3091,-250
4212,4212.10,-327,-327.00,819.00,-492.39,-250.8,0.3,0.7,0.7,3091,-250
4213,4213.06,-327,-327.00,819.00,-492.58,-250.9,0.3,0.7,0.7,3091,-250
4214,4214.10,-327,-327.00,819.00,-492.79,-250.9,0.3,0.7,0.7,3091,-250
4215,4215.06,-327,-327.00,819.00,-492.98,-251.0,0.3,0.7,0.7,3091,-250
4216,4216.10,-327,-327.00,820.00,-493.19,-251.1,0.3,0.7,0.7,3091,-250
4217,4217.06,-327,-327.00,820.00,-493.38,-251.2,0.3,0.7,0.7,3091,-250
4218,4218.10,-327,-327.00,820.00,-493.59,-251.4,0.3,0.7,0.7,3091,-250
4219,4219.06,-327,-327.00,820.00,-493.78,-251.4,0.3,0.7,0.7,3091,-250
4220,4220.10,-327,-327.00,820.00,-493.99,-251.5,0.3,0.7,0.7,3091,-250
4221,4221.06,-327,-327.00,821.00,-494.18,-251.6,0.3,0.7,0.7,3091,-250
4222,4222.10,-327,-327.00,821.00,-494.39,-251.8,0.3,0.7,0.7,3091,-250
4223,4223.06,-327,-327.00,821.00,-494.58,-251.9,0.3,0.7,0.7,3091,-250
4224,4224.10,-327,-327.00,821.00,-494.79,-251.9,0.3,0.7,0.7,3091,-250
4225,4225.06,-327,-327.00,821.00,-494.98,-252.0,0.3,0.7,0.7,3091,-250
4226,4226.10,-327,-327.00,822.00,-495.19,-252.1,0.3,0.7,0.7,3091,-250
4227,4227.06,-327,-327.00,822.00,-495.38,-252.2,0.3,0.7,0.7,3091,-250
4228,4228.10,-327,-327.00,822.00,-495.59,-252.4,0.3,0.7,0.7,3091,-250
4229,4229.06,-327,-327.00,822.00,-495.78,-252.4,0.3,0.7,0.7,3091,-250
4230,4230.10,-327,-327.00,822.00,-495.99,-252.5,0.3,0.7,0.7,3091,-250
4231,4231.06,-327,-327.00,823.00,-496.18,-252.6,0.3,0.7,0.7,3091,-250
4232,4232.10,-327,-327.00,823.00,-496.39,-252.8,0.3,0.7,0.7,3091,-250
4233,4233.06,-327,-327.00,823.00,-496.58,-252.9,0.3,0.7,0.7,3091,-250
4234,4234.10,-327,-327.00,823.00,-496.79,-253.0,0.3,0.7,0.7,3091,-250
4235,4235.06,-327,-327.00,823.00,-496.98,-253.0,0.3,0.7,0.7,3091,-250
4236,4236.10,-327,-327.00,824.00,-497.19,-253.1,0.3,0.7,0.7,3091,-250
4237,4237.06,-327,-327.00,824.00,-497.38,-253.2,0.3,0.7,0.7,3091,-250
4238,4238.10,-327,-327.00,824.00,-497.59,-253.4,0.3,0.7,0.7,3091,-250
4239,4239.06,-327,-327.00,824.00,-497.78,-253.5,0.3,0.7,0.7,3091,-250
4240,4240.10,-327,-327.00,824.00,-497.99,-253.5,0.3,0.7,0.7,3091,-250
4241,4241.06,-327,-327.00,825.00,-498.18,-253.6,0.3,0.7,0.7,3091,-250
4242,4242.10,-327,-327.00,825.00,-498.39,-253.8,0.3,0.7,0.7,3091,-250
4243,4243.06,-327,-327.00,825.00,-498.58,-253.9,0.3,0.7,0.7,3091,-250
4244,4244.10,-327,-327.00,825.00,-498.79,-254.0,0.3,0.7,0.7,3091,-250
4245,4245.06,-327,-327.00,825.00,-498.98,-254.0,0.3,0.7,0.7,3091,-250
4246,4246.10,-327,-327.00,826.00,-499.19,-254.1,0.3,0.7,0.7,3091,-250
4247,4247.06,-327,-327.00,826.00,-499.38,-254.2,0.3,0.7,0.7,3091,-250
4248,4248.10,-327,-327.00,826.00,-499.59,-254.4,0.3,0.7,0.7,3091,-250
4249,4249.06,-327,-327.00,826.00,-499.78,-254.5,0.3,0.7,0.7,3091,-250
4250,4250.10,-327,-327.00,826.00,-499.99,-254.5,0.3,0.7,0.7,3091,-250
4251,4251.06,-327,-327.00,827.00,-500.18,-254.6,0.3,0.7,0.7,3091,-250
4252,4252.10,-327,-327.00,827.00,-500.39,-254.8,0.3,0.7,0.7,3091,-250
4253,4253.06,-327,-327.00,827.00,-500.58,-254.9,0.3,0.7,0.7,3091,-250
4254,4254.10,-327,-327.00,827.00,-500.79,-255.0,0.3,0.7,0.7,3091,-250
4255,4255.06,-327,-327.00,827.00,-500.98,-255.1,0.3,0.7,0.7,3091,-250
4256,4256.10,-327,-327.00,828.00,-501.19,-255.1,0.3,0.7,0.7,3091,-250
4257,4257.06,-327,-327.00,828.00,-501.38,-255.2,0.3,0.7,0.7,3091,-250
4258,4258.10,-327,-327.00,828.00,-501.59,-255.4,0.3,0.7,0.7,3091,-250
4259,4259.06,-327,-327.00,828.00,-501.78,-255.5,0.3,0.7,0.7,3091,-250
4260,4260.10,-327,-327.00,828.00,-501.99,-255.6,0.3,0.7,0.7,3091,-250
4261,4261.06,-327,-327.00,829.00,-502.18,-255.6,0.3,0.7,0.7,3091,-250
4262,4262.10,-327,-327.00,829.00,-502.39,-255.8,0.3,0.7,0.7,3091,-250
4263,4263.06,-327,-327.00,829.00,-502.58,-255.9,0.3,0.7,0.7,3091,-250
4264,4264.10,-327,-327.00,829.00,-502.79,-256.0,0.3,0.7,0.7,3091,-250
4265,4265.06,-327,-327.00,829.00,-502.98,-256.0,0.3,0.7,0.7,3091,-250
4266,4266.10,-327,-327.00,830.00,-503.19,-256.2,0.3,0.7,0.7,3091,-250
4267,4267.06,-327,-327.00,830.00,-503.38,-256.2,0.3,0.7,0.7,3091,-250
4268,4268.10,-327,-327.00,830.00,-503.59,-256.5,0.3,0.7,0.7,3091,-250
4269,4269.06,-327,-327.00,830.00,-503.78,-256.5,0.3,0.7,0.7,3091,-250
4270,4270.10,-327,-327.00,830.00,-503.99,-256.5,0.3,0.7,0.7,3091,-250
4271,4271.06,-327,-327.00,831.00,-504.18,-256.8,0.3,0.7,0.7,3091,-250
4272,4272.10,-327,-327.00,831.00,-504.39,-256.8,0.3,0.7,0.7,3091,-250
4273,4273.06,-327,-327.00,831.00,-504.58,-257.0,0.3,0.7,0.7,3091,-250
4274,4274.10,-327,-327.00,831.00,-504.79,-257.0,0.3,0.7,0.7,3091,-250
4275,4275.06,-327,-327.00,831.00,-504.98,-257.0,0.3,0.7,0.7,3091,-250
4276,4276.10,-327,-327.00,832.00,-505.19,-257.2,0.3,0.7,0.7,3091,-250
4277,4277.06,-327,-327.00,832.00,-505.38,-257.2,0.3,0.7,0.7,3091,-250
4278,4278.10,-327,-327.00,832.00,-505.59,-257.5,0.3,0.7,0.7,3091,-250
4279,4279.06,-327,-327.00,832.00,-505.78,-257.5,0.3,0.7,0.7,3091,-250
4280,4280.10,-327,-327.00,832.00,-505.99,-257.5,0.3,0.7,0.7,3091,-250
4281,4281.06,-327,-327.00,833.00,-506.18,-257.8,0.3,0.7,0.7,3091,-250
4282,4282.10,-327,-327.00,833.00,-506.39,-257.8,0.3,0.7,0.7,3091,-250
4283,4283.06,-327,-327.00,833.00,-506.58,-258.0,0.3,0.7,0.7,3091,-250
4284,4284.10,-327,-327.00,833.00,-506.79,-258.0,0.3,0.7,0.7,3091,-250
4285,4285.06,-327,-327.00,833.00,-506.98,-258.0,0.3,0.7,0.7,3091,-250
4286,4286.10,-327,-327.00,834.00,-507.19,-258.2,0.3,0.7,0.7,3091,-250
4287,4287.06,-327,-327.00,834.00,-507.38,-258.2,0.3,0.7,0.7,3091,-250
4288,4288.10,-327,-327.00,834.00,-507.59,-258.5,0.3,0.7,0.7,3091,-250
4289,4289.06,-327,-327.00,834.00,-507.78,-258.5,0.3,0.7,0.7,3091,-250
4290,4290.10,-327,-327.00,834.00,-507.99,-258.5,0.3,0.7,0.7,3091,-250
4291,4291.06,-327,-327.00,835.00,-508.18,-258.8,0.3,0.7,0.7,3091,-250
4292,4292.10,-327,-327.00,835.00,-508.39,-258.8,0.3,0.7,0.7,3091,-250
4293,4293.06,-327,-327.00,835.00,-508.58,-259.0,0.3,0.7,0.7,3091,-250
4294,4294.10,-327,-327.00,835.00,-508.79,-259.0,0.3,0.7,0.7,3091,-250
4295,4295.06,-327,-327.00,835.00,-508.98,-259.0,0.3,0.7,0.7,3091,-250
4296,4296.10,-327,-327.00,836.00,-509.19,-259.2,0.3,0.7,0.7,3091,-250
4297,4297.06,-327,-327.00,836.00,-509.38,-259.2,0.3,0.7,0.7,3091,-250
4298,4298.10,-327,-327.00,836.00,-509.59,-259.5,0.3,0.7,0.7,3091,-250
4299,4299.06,-327,-327.00,836.00,-509.78,-259.5,0.3,0.7,0.7,3091,-250
4300,4300.10,-327,-327.00,836.00,-509.99,-259.5,0.3,0.7,0.7,3091,-250
4301,4301.06,-327,-327.00,837.00,-510.18,-259.8,0.3,0.7,0.7,3091,-250
4302,4302.10,-327,-327.00,837.00,-510.39,-259.8,0.3,0.7,0.7,3091,-250
4303,4303.06,-327,-327.00,837.00,-510.58,-260.0,0.3,0.7,0.7,3091,-250
4304,4304.10,-327,-327.00,837.00,-510.79,-260.0,0.3,0.7,0.7,3091,-250
4305,4305.06,-327,-327.00,837.00,-510.98,-260.0,0.3,0.7,0.7,3091,-250
4306,4306.10,-327,-327.00,838.00,-511.19,-260.2,0.3,0.7,0.7,3091,-250
4307,4307.06,-327,-327.00,838.00,-511.38,-260.2,0.3,0.7,0.7,3091,-250
4308,4308.10,-327,-327.00,838.00,-511.59,-260.5,0.3,0.7,0.7,3091,-250
4309,4309.06,-327,-327.00,838.00,-511.78,-260.5,0.3,0.7,0.7,3091,-250
4310,4310.10,-327,-327.00,838.00,-511.99,-260.5,0.3,0.7,0.7,3091,-250
4311,4311.06,-327,-327.00,839.00,-512.18,-260.8,0.3,0.7,0.7,3091,-250
4312,4312.10,-327,-327.00,839.00,-512.39,-260.8,0.3,0.7,0.7,3091,-250
4313,4313.06,-327,-327.00,839.00,-512.58,-261.0,0.3,0.7,0.7,3091,-250
4314,4314.10,-327,-327.00,839.00,-512.79,-261.0,0.3,0.7,0.7,3091,-250
4315,4315.06,-327,-327.00,839.00,-512.98,-261.0,0.3,0.7,0.7,3091,-250
4316,4316.10,-327,-327.00,840.00,-513.19,-261.2,0.3,0.7,0.7,3091,-250
4317,4317.06,-327,-327.00,840.00,-513.38,-261.2,0.3,0.7,0.7,3091,-250
4318,4318.10,-327,-327.00,840.00,-513.59,-261.5,0.3,0.7,0.7,3091,-250
4319,4319.06,-327,-327.00,840.00,-513.78,-261.5,0.3,0.7,0.7,3091,-250
4320,4320.10,-327,-327.00,840.00,-513.99,-261.8,0.3,0.7,0.7,3091,-250
4321,4321.06,-327,-327.00,841.00,-514.18,-261.8,0.3,0.7,0.7,3091,-250
4322,4322.10,-327,-327.00,841.00,-514.39,-261.8,0.3,0.7,0.7,3091,-250
4323,4323.06,-327,-327.00,841.00,-514.58,-262.0,0.3,0.7,0.7,3091,-250
4324,4324.10,-327,-327.00,841.00,-514.79,-262.0,0.3,0.7,0.7,3091,-250
4325,4325.06,-327,-327.00,841.00,-514.98,-262.2,0.3,0.7,0.7,3091,-250
4326,4326.10,-327,-327.00,842.00,-515.19,-262.2,0.3,0.7,0.7,3091,-250
4327,4327.06,-327,-327.00,842.00,-515.38,-262.2,0.3,0.7,0.7,3091,-250
4328,4328.10,-327,-327.00,842.00,-515.59,-262.5,0.3,0.7,0.7,3091,-250
4329,4329.06,-327,-327.00,842.00,-515.78,-262.5,0.3,0.7,0.7,3091,-250
4330,4330.10,-327,-327.00,842.00,-515.99,-262.8,0.3,0.7,0.7,3091,-250
4331,4331.06,-327,-327.00,843.00,-516.18,-262.8,0.3,0.7,0.7,3091,-250
4332,4332.10,-327,-327.00,843.00,-516.39,-262.8,0.3,0.7,0.7,3091,-250
4333,4333.06,-327,-327.00,843.00,-516.58,-263.0,0.3,0.7,0.7,3091,-250
4334,4334.10,-327,-327.00,843.00,-516.79,-263.0,0.3,0.7,0.7,3091,-250
4335,4335.06,-327,-327.00,843.00,-516.98,-263.2,0.3,0.7,0.7,3091,-250
4336,4336.10,-327,-327.00,844.00,-517.19,-263.2,0.3,0.7,0.7,3091,-250
4337,4337.06,-327,-327.00,844.00,-517.38,-263.2,0.3,0.7,0.7,3091,-250
4338,4338.10,-327,-327.00,844.00,-517.59,-263.5,0.3,0.7,0.7,3091,-250
4339,4339.06,-327,-327.00,844.00,-517.78,-263.5,0.3,0.7,0.7,3091,-250
4340,4340.10,-327,-327.00,844.00,-517.99,-263.8,0.3,0.7,0.7,3091,-250
4341,4341.06,-327,-327.00,845.00,-518.18,-263.8,0.3,0.7,0.7,3091,-250
4342,4342.10,-327,-327.00,845.00,-518.39,-263.8,0.3,0.7,0.7,3091,-250
4343,4343.06,-327,-327.00,845.00,-518.58,-264.0,0.3,0.7,0.7,3091,-250
4344,4344.10,-327,-327.00,845.00,-518.79,-264.0,0.3,0.7,0.7,3091,-250
4345,4345.06,-327,-327.00,845.00,-518.98,-264.2,0.3,0.7,0.7,3091,-250
4346,4346.10,-327,-327.00,846.00,-519.19,-264.2,0.3,0.7,0.7,3091,-250
4347,4347.06,-327,-327.00,846.00,-519.38,-264.2,0.3,0.7,0.7,3091,-250
4348,4348.10,-327,-327.00,846.00,-519.59,-264.5,0.3,0.7,0.7,3091,-250
4349,4349.06,-327,-327.00,846.00,-519.78,-264.5,0.3,0.7,0.7,3091,-250
4350,4350.10,-327,-327.00,846.00,-519.99,-264.8,0.3,0.7,0.7,3091,-250
4351,4351.06,-327,-327.00,847.00,-520.18,-264.8,0.3,0.7,0.7,3091,-250
4352,4352.10,-327,-327.00,847.00,-520.39,-264.8,0.3,0.7,0.7,3091,-250
4353,4353.06,-327,-327.00,847.00,-520.58,-265.0,0.3,0.7,0.7,3091,-250
4354,4354.10,-327,-327.00,847.00,-520.79,-265.0,0.3,0.7,0.7,3091,-250
4355,4355.06,-327,-327.00,847.00,-520.98,-265.2,0.3,0.7,0.7,3091,-250
4356,4356.10,-327,-327.00,848.00,-521.19,-265.2,0.3,0.7,0.7,3091,-250
4357,4357.06,-327,-327.00,848.00,-521.38,-265.2,0.3,0.7,0.7,3091,-250
4358,4358.10,-327,-327.00,848.00,-521.59,-265.5,0.3,0.7,0.7,3091,-250
4359,4359.06,-327,-327.00,848.00,-521.78,-265.5,0.3,0.7,0.7,3091,-250
4360,4360.10,-327,-327.00,848.00,-521.99,-265.8,0.3,0.7,0.7,3091,-250
4361,4361.06,-327,-327.00,849.00,-522.18,-265.8,0.3,0.7,0.7,3091,-250
4362,4362.10,-327,-327.00,849.00,-522.39,-265.8,0.3,0.7,0.7,3091,-250
4363,4363.06,-327,-327.00,849.00,-522.58,-266.0,0.3,0.7,0.7,3091,-250
4364,4364.10,-327,-327.00,849.00,-522.79,-266.0,0.3,0.7,0.7,3091,-250
4365,4365.06,-327,-327.00,849.00,-522.98,-266.2,0.3,0.7,0.7,3091,-250
4366,4366.10,-327,-327.00,850.00,-523.19,-266.2,0.3,0.7,0.7,3091,-250
4367,4367.06,-327,-327.00,850.00,-523.38,-266.2,0.3,0.7,0.7,3091,-250
4368,4368.10,-327,-327.00,850.00,-523.59,-266.5,0.3,0.7,0.7,3091,-250
4369,4369.06,-327,-327.00,850.00,-523.78,-266.5,0.3,0.7,0.7,3091,-250
4370,4370.10,-327,-327.00,850.00,-523.99,-266.8,0.3,0.7,0.7,3091,-250
4371,4371.06,-327,-327.00,851.00,-524.18,-266.8,0.3,0.7,0.7,3091,-250
4372,4372.10,-327,-327.00,851.00,-524.39,-267.0,0.3,0.7,0.7,3091,-250
4373,4373.06,-327,-327.00,851.00,-524.58,-267.0,0.3,0.7,0.7,3091,-250
4374,4374.10,-327,-327.00,851.00,-524.79,-267.0,0.3,0.7,0.7,3091,-250
4375,4375.06,-327,-327.00,851.00,-524.98,-267.2,0.3,0.7,0.7,3091,-250
4376,4376.10,-327,-327.00,852.00,-525.19,-267.2,0.3,0.7,0.7,3091,-250
4377,4377.06,-327,-327.00,852.00,-525.38,-267.5,0.3,0.7,0.7,3091,-250
4378,4378.10,-327,-327.00,852.00,-525.59,-267.5,0.3,0.7,0.7,3091,-250
4379,4379.06,-327,-327.00,852.00,-525.78,-267.5,0.3,0.7,0.7,3091,-250
4380,4380.10,-327,-327.00,852.00,-525.99,-267.8,0.3,0.7,0.7,3091,-250
4381,4381.06,-327,-327.00,853.00,-526.18,-267.8,0.3,0.7,0.7,3091,-250
4382,4382.10,-327,-327.00,853.00,-526.39,-268.0,0.3,0.7,0.7,3091,-250
4383,4383.06,-327,-327.00,853.00,-526.58,-268.0,0.3,0.7,0.7,3091,-250
4384,4384.10,-327,-327.00,853.00,-526.79,-268.0,0.3,0.7,0.7,3091,-250
4385,4385.06,-327,-327.00,853.00,-526.98,-268.2,0.3,0.7,0.7,3091,-250
4386,4386.10,-327,-327.00,854.00,-527.19,-268.2,0.3,0.7,0.7,3091,-250
4387,4387.06,-327,-327.00,854.00,-527.38,-268.5,0.3,0.7,0.7,3091,-250
4388,4388.10,-327,-327.00,854.00,-527.59,-268.5,0.3,0.7,0.7,3091,-250
4389,4389.06,-327,-327.00,854.00,-527.78,-268.5,0.3,0.7,0.7,3091,-250
4390,4390.10,-327,-327.00,854.00,-527.99,-268.8,0.3,0.7,0.7,3091,-250
4391,4391.06,-327,-327.00,855.00,-528.18,-268.8,0.3,0.7,0.7,3091,-250
4392,4392.10,-327,-327.00,855.00,-528.39,-269.0,0.3,0.7,0.7,3091,-250
4393,4393.06,-327,-327.00,855.00,-528.58,-269.0,0.3,0.7,0.7,3091,-250
4394,4394.10,-327,-327.00,855.00,-528.79,-269.0,0.3,0.7,0.7,3091,-250
4395,4395.06,-327,-327.00,855.00,-528.98,-269.2,0.3,0.7,0.7,3091,-250
4396,4396.10,-327,-327.00,856.00,-529.19,-269.2,0.3,0.7,0.7,3091,-250
4397,4397.06,-327,-327.00,856.00,-529.38,-269.5,0.3,0.7,0.7,3091,-250
4398,4398.10,-327,-327.00,856.00,-529.59,-269.5,0.3,0.7,0.7,3091,-250
4399,4399.06,-327,-327.00,856.00,-529.78,-269.5,0.3,0.7,0.7,3091,-250
4400,4400.10,-327,-327.00,856.00,-529.99,-269.8,0.3,0.7,0.7,3091,-250
4401,4401.06,-327,-327.00,857.00,-530.18,-269.8,0.3,0.7,0.7,3091,-250
4402,4402.10,-327,-327.00,857.00,-530.39,-270.0,0.3,0.7,0.7,3091,-250
4403,4403.06,-327,-327.00,857.00,-530.58,-270.0,0.3,0.7,0.7,3091,-250
4404,4404.10,-327,-327.00,857.00,-530.79,-270.0,0.3,0.7,0.7,3091,-250
4405,4405.06,-327,-327.00,857.00,-530.98,-270.2,0.3,0.7,0.7,3091,-250
4406,4406.10,-327,-327.00,858.00,-531.19,-270.2,0.3,0.7,0.7,3091,-250
4407,4407.06,-327,-327.00,858.00,-531.38,-270.5,0.3,0.7,0.7,3091,-250
4408,4408.10,-327,-327.00,858.00,-531.59,-270.5,0.3,0.7,0.7,3091,-250
4409,4409.06,-327,-327.00,858.00,-531.78,-270.5,0.3,0.7,0.7,3091,-250
4410,4410.10,-327,-327.00,858.00,-531.99,-270.8,0.3,0.7,0.7,3091,-250
4411,4411.06,-327,-327.00,859.00,-532.18,-270.8,0.3,0.7,0.7,3091,-250
4412,4412.10,-327,-327.00,859.00,-532.39,-271.0,0.3,0.7,0.7,3091,-250
4413,4413.06,-327,-327.00,859.00,-532.58,-271.0,0.3,0.7,0.7,3091,-250
4414,4414.10,-327,-327.00,859.00,-532.79,-271.2,0.3,0.7,0.7,3091,-250
4415,4415.06,-327,-327.00,859.00,-532.98,-271.2,0.3,0.7,0.7,3091,-250
4416,4416.10,-327,-327.00,860.00,-533.19,-271.2,0.3,0.7,0.7,3091,-250
4417,4417.06,-327,-327.00,860.00,-533.38,-271.5,0.3,0.7,0.7,3091,-250
4418,4418.10,-327,-327.00,860.00,-533.59,-271.5,0.3,0.7,0.7,3091,-250
4419,4419.06,-327,-327.00,860.00,-533.78,-271.8,0.3,0.7,0.7,3091,-250
4420,4420.10,-327,-327.00,860.00,-533.99,-271.8,0.3,0.7,0.7,3091,-250
4421,4421.06,-327,-327.00,861.00,-534.18,-271.8,0.3,0.7,0.7,3091,-250
4422,4422.10,-327,-327.00,861.00,-534.39,-272.0,0.3,0.7,0.7,3091,-250
4423,4423.06,-327,-327.00,861.00,-534.58,-272.0,0.3,0.7,0.7,3091,-250
4424,4424.10,-327,-327.00,861.00,-534.79,-272.2,0.3,0.7,0.7,3091,-250
4425,4425.06,-327,-327.00,861.00,-534.98,-272.2,0.3,0.7,0.7,3091,-250
4426,4426.10,-327,-327.00,862.00,-535.19,-272.2,0.3,0.7,0.7,3091,-250
4427,4427.06,-327,-327.00,862.00,-535.38,-272.5,0.3,0.7,0.7,3091,-250
4428,4428.10,-327,-327.00,862.00,-535.59,-272.5,0.3,0.7,0.7,3091,-250
4429,4429.06,-327,-327.00,862.00,-535.78,-272.8,0.3,0.7,0.7,3091,-250
4430,4430.10,-327,-327.00,862.00,-535.99,-272.8,0.3,0.7,0.7,3091,-250
4431,4431.06,-327,-327.00,863.00,-536.18,-272.8,0.3,0.7,0.7,3091,-250
4432,4432.10,-327,-327.00,863.00,-536.39,-273.0,0.3,0.7,0.7,3091,-250
4433,4433.06,-327,-327.00,863.00,-536.58,-273.0,0.3,0.7,0.7,3091,-250
4434,4434.10,-327,-327.00,863.00,-536.79,-273.2,0.3,0.7,0.7,3091,-250
4435,4435.06,-327,-327.00,863.00,-536.98,-273.2,0.3,0.7,0.7,3091,-250
4436,4436.10,-327,-327.00,864.00,-537.19,-273.2,0.3,0.7,0.7,3091,-250
4437,4437.06,-327,-327.00,864.00,-537.38,-273.5,0.3,0.7,0.7,3091,-250
4438,4438.10,-327,-327.00,864.00,-537.59,-273.5,0.3,0.7,0.7,3091,-250
4439,4439.06,-327,-327.00,864.00,-537.78,-273.8,0.3,0.7,0.7,3091,-250
4440,4440.10,-327,-327.00,864.00,-537.99,-273.8,0.3,0.7,0.7,3091,-250
4441,4441.06,-327,-327.00,865.00,-538.18,-273.8,0.3,0.7,0.7,3091,-250
4442,4442.10,-327,-327.00,865.00,-538.39,-274.0,0.3,0.7,0.7,3091,-250
4443,4443.06,-327,-327.00,865.00,-538.58,-274.0,0.3,0.7,0.7,3091,-250
4444,4444.10,-327,-327.00,865.00,-538.79,-274.2,0.3,0.7,0.7,3091,-250
4445,4445.06,-327,-327.00,865.00,-538.98,-274.2,0.3,0.7,0.7,3091,-250
4446,4446.10,-327,-327.00,866.00,-539.19,-274.2,0.3,0.7,0.7,3091,-250
4447,4447.06,-327,-327.00,866.00,-539.38,-274.5,0.3,0.7,0.7,3091,-250
4448,4448.10,-327,-327.00,866.00,-539.59,-274.5,0.3,0.7,0.7,3091,-250
4449,4449.06,-327,-327.00,866.00,-539.78,-274.8,0.3,0.7,0.7,3091,-250
4450,4450.10,-327,-327.00,866.00,-539.99,-274.8,0.3,0.7,0.7,3091,-250
4451,4451.06,-327,-327.00,867.00,-540.18,-274.8,0.3,0.7,0.7,3091,-250
4452,4452.10,-327,-327.00,867.00,-540.39,-275.0,0.3,0.7,0.7,3091,-250
4453,4453.06,-327,-327.00,867.00,-540.58,-275.0,0.3,0.7,0.7,3091,-250
4454,4454.10,-327,-327.00,867.00,-540.79,-275.2,0.3,0.7,0.7,3091,-250
4455,4455.06,-327,-327.00,867.00,-540.98,-275.2,0.3,0.7,0.7,3091,-250
4456,4456.10,-327,-327.00,868.00,-541.19,-275.2,0.3,0.7,0.7,3091,-250
4457,4457.06,-327,-327.00,868.00,-541.38,-275.5,0.3,0.7,0.7,3091,-250
4458,4458.10,-327,-327.00,868.00,-541.59,-275.5,0.3,0.7,0.7,3091,-250
4459,4459.06,-327,-327.00,868.00,-541.78,-275.8,0.3,0.7,0.7,3091,-250
4460,4460.10,-327,-327.00,868.00,-541.99,-275.8,0.3,0.7,0.7,3091,-250
4461,4461.06,-327,-327.00,869.00,-542.18,-275.8,0.3,0.7,0.7,3091,-250
4462,4462.10,-327,-327.00,869.00,-542.39,-276.0,0.3,0.7,0.7,3091,-250
4463,4463.06,-327,-327.00,869.00,-542.58,-276.0,0.3,0.7,0.7,3091,-250
4464,4464.10,-327,-327.00,869.00,-542.79,-276.2,0.3,0.7,0.7,3091,-250
4465,4465.06,-327,-327.00,869.00,-542.98,-276.2,0.3,0.7,0.7,3091,-250
4466,4466.10,-327,-327.00,870.00,-543.19,-276.5,0.3,0.7,0.7,3091,-250
4467,4467.06,-327,-327.00,870.00,-543.38,-276.5,0.3,0.7,0.7,3091,-250
4468,4468.10,-327,-327.00,870.00,-543.59,-276.5,0.3,0.7,0.7,3091,-250
4469,4469.06,-327,-327.00,870.00,-543.78,-276.8,0.3,0.7,0.7,3091,-250
4470,4470.10,-327,-327.00,870.00,-543.99,-276.8,0.3,0.7,0.7,3091,-250
4471,4471.06,-327,-327.00,871.00,-544.18,-277.0,0.3,0.7,0.7,3091,-250
4472,4472.10,-327,-327.00,871.00,-544.39,-277.0,0.3,0.7,0.7,3091,-250
4473,4473.06,-327,-327.00,871.00,-544.58,-277.0,0.3,0.7,0.7,3091,-250
4474,4474.10,-327,-327.00,871.00,-544.79,-277.2,0.3,0.7,0.7,3091,-250
4475,4475.06,-327,-327.00,871.00,-544.98,-277.2,0.3,0.7,0.7,3091,-250
4476,4476.10,-327,-327.00,872.00,-545.19,-277.5,0.3,0.7,0.7,3091,-250
4477,4477.06,-327,-327.00,872.00,-545.38,-277.5,0.3,0.7,0.7,3091,-250
4478,4478.10,-327,-327.00,872.00,-545.59,-277.5,0.3,0.7,0.7,3091,-250
4479,4479.06,-327,-327.00,872.00,-545.78,-277.8,0.3,0.7,0.7,3091,-250
4480,4480.10,-327,-327.00,872.00,-545.99,-277.8,0.3,0.7,0.7,3091,-250
4481,4481.06,-327,-327.00,873.00,-546.18,-278.0,0.3,0.7,0.7,3091,-250
4482,4482.10,-327,-327.00,873.00,-546.39,-278.0,0.3,0.7,0.7,3091,-250
4483,4483.06,-327,-327.00,873.00,-546.58,-278.0,0.3,0.7,0.7,3091,-250
4484,4484.10,-327,-327.00,873.00,-546.79,-278.2,0.3,0.7,0.7,3091,-250
4485,4485.06,-327,-327.00,873.00,-546.98,-278.2,0.3,0.7,0.7,3091,-250
4486,4486.10,-327,-327.00,874.00,-547.19,-278.5,0.3,0.7,0.7,3091,-250
4487,4487.06,-327,-327.00,874.00,-547.38,-278.5,0.3,0.7,0.7,3091,-250
4488,4488.10,-327,-327.00,874.00,-547.59,-278.5,0.3,0.7,0.7,3091,-250
4489,4489.06,-327,-327.00,874.00,-547.78,-278.8,0.3,0.7,0.7,3091,-250
4490,4490.10,-327,-327.00,874.00,-547.99,-278.8,0.3,0.7,0.7,3091,-250
4491,4491.06,-327,-327.00,875.00,-548.18,-279.0,0.3,0.7,0.7,3091,-250
4492,4492.10,-327,-327.00,875.00,-548.39,-279.0,0.3,0.7,0.7,3091,-250
4493,4493.06,-327,-327.00,875.00,-548.58,-279.0,0.3,0.7,0.7,3091,-250
4494,4494.10,-327,-327.00,875.00,-548.79,-279.2,0.3,0.7,0.7,3091,-250
4495,4495.06,-327,-327.00,875.00,-548.98,-279.2,0.3,0.7,0.7,3091,-250
4496,4496.10,-327,-327.00,876.00,-549.19,-279.5,0.3,0.7,0.7,3091,-250
4497,4497.06,-327,-327.00,876.00,-549.38,-279.5,0.3,0.7,0.7,3091,-250
4498,4498.10,-327,-327.00,876.00,-549.59,-279.5,0.3,0.7,0.7,3091,-250
4499,4499.06,-327,-327.00,876.00,-549.78,-279.8,0.3,0.7,0.7,3091,-250
4500,4500.10,-327,-327.00,876.00,-549.99,-279.8,0.3,0.7,0.7,3091,-250
4501,4501.06,-327,-327.00,877.00,-550.18,-280.0,0.3,0.7,0.7,3091,-250
4502,4502.10,-327,-327.00,877.00,-550.39,-280.0,0.3,0.7,0.7,3091,-250
4503,4503.06,-327,-327.00,877.00,-550.58,-280.0,0.3,0.7,0.7,3091,-250
4504,4504.10,-327,-327.00,877.00,-550.79,-280.2,0.3,0.7,0.7,3091,-250
4505,4505.06,-327,-327.00,877.00,-550.98,-280.2,0.3,0.7,0.7,3091,-250
4506,4506.10,-327,-327.00,878.00,-551.19,-280.5,0.3,0.7,0.7,3091,-250
4507,4507.06,-327,-327.00,878.00,-551.38,-280.5,0.3,0.7,0.7,3091,-250
4508,4508.10,-327,-327.00,878.00,-551.59,-280.5,0.3,0.7,0.7,3091,-250
4509,4509.06,-327,-327.00,878.00,-551.78,-280.8,0.3,0.7,0.7,3091,-250
4510,4510.10,-327,-327.00,878.00,-551.99,-280.8,0.3,0.7,0.7,3091,-250
4511,4511.06,-327,-327.00,879.00,-552.18,-281.0,0.3,0.7,0.7,3091,-250
4512,4512.10,-327,-327.00,879.00,-552.39,-281.0,0.3,0.7,0.7,3091,-250
4513,4513.06,-327,-327.00,879.00,-552.58,-281.0,0.3,0.7,0.7,3091,-250
4514,4514.10,-327,-327.00,879.00,-552.79,-281.2,0.3,0.7,0.7,3091,-250
4515,4515.06,-327,-327.00,879.00,-552.98,-281.2,0.3,0.7,0.7,3091,-250
4516,4516.10,-327,-327.00,880.00,-553.19,-281.5,0.3,0.7,0.7,3091,-250
4517,4517.06,-327,-327.00,880.00,-553.38,-281.5,0.3,0.7,0.7,3091,-250
4518,4518.10,-327,-327.00,880.00,-553.59,-281.8,0.3,0.7,0.7,3091,-250
4519,4519.06,-327,-327.00,880.00,-553.78,-281.8,0.3,0.7,0.7,3091,-250
4520,4520.10,-327,-327.00,880.00,-553.99,-281.8,0.3,0.7,0.7,3091,-250
4521,4521.06,-327,-327.00,881.00,-554.18,-282.0,0.3,0.7,0.7,3091,-250
4522,4522.10,-327,-327.00,881.00,-554.39,-282.0,0.3,0.7,0.7,3091,-250
4523,4523.06,-327,-327.00,881.00,-554.58,-282.2,0.3,0.7,0.7,3091,-250
4524,4524.10,-327,-327.00,881.00,-554.79,-282.2,0.3,0.7,0.7,3091,-250
4525,4525.06,-327,-327.00,881.00,-554.98,-282.2,0.3,0.7,0.7,3091,-250
4526,4526.10,-327,-327.00,882.00,-555.19,-282.5,0.3,0.7,0.7,3091,-250
4527,4527.06,-327,-327.00,882.00,-555.38,-282.5,0.3,0.7,0.7,3091,-250
4528,4528.10,-327,-327.00,882.00,-555.59,-282.8,0.3,0.7,0.7,3091,-250
4529,4529.06,-327,-327.00,882.00,-555.78,-282.8,0.3,0.7,0.7,3091,-250
4530,4530.10,-327,-327.00,882.00,-555.99,-282.8,0.3,0.7,0.7,3091,-250
4531,4531.06,-327,-327.00,883.00,-556.18,-283.0,0.3,0.7,0.7,3091,-250
4532,4532.10,-327,-327.00,883.00,-556.39,-283.0,0.3,0.7,0.7,3091,-250
4533,4533.06,-327,-327.00,883.00,-556.58,-283.2,0.3,0.7,0.7,3091,-250
4534,4534.10,-327,-327.00,883.00,-556.79,-283.2,0.3,0.7,0.7,3091,-250
4535,4535.06,-327,-327.00,883.00,-556.98,-283.2,0.3,0.7,0.7,3091,-250
4536,4536.10,-327,-327.00,884.00,-557.19,-283.5,0.3,0.7,0.7,3091,-250
4537,4537.06,-327,-327.00,884.00,-557.38,-283.5,0.3,0.7,0.7,3091,-250
4538,4538.10,-327,-327.00,884.00,-557.59,-283.8,0.3,0.7,0.7,3091,-250
4539,4539.06,-327,-327.00,884.00,-557.78,-283.8,0.3,0.7,0.7,3091,-250
4540,4540.10,-327,-327.00,884.00,-557.99,-283.8,0.3,0.7,0.7,3091,-250
4541,4541.06,-327,-327.00,885.00,-558.18,-284.0,0.3,0.7,0.7,3091,-250
4542,4542.10,-327,-327.00,885.00,-558.39,-284.0,0.3,0.7,0.7,3091,-250
4543,4543.06,-327,-327.00,885.00,-558.58,-284.2,0.3,0.7,0.7,3091,-250
4544,4544.10,-327,-327.00,885.00,-558.79,-284.2,0.3,0.7,0.7,3091,-250
4545,4545.06,-327,-327.00,885.00,-558.98,-284.2,0.3,0.7,0.7,3091,-250
4546,4546.10,-327,-327.00,886.00,-559.19,-284.5,0.3,0.7,0.7,3091,-250
4547,4547.06,-327,-327.00,886.00,-559.38,-284.5,0.3,0.7,0.7,3091,-250
4548,4548.10,-327,-327.00,886.00,-559.59,-284.8,0.3,0.7,0.7,3091,-250
4549,4549.06,-327,-327.00,886.00,-559.78,-284.8,0.3,0.7,0.7,3091,-250
4550,4550.10,-327,-327.00,886.00,-559.99,-284.8,0.3,0.7,0.7,3091,-250
4551,4551.06,-327,-327.00,887.00,-560.18,-285.0,0.3,0.7,0.7,3091,-250
4552,4552.10,-327,-327.00,887.00,-560.39,-285.0,0.3,0.7,0.7,3091,-250
4553,4553.06,-327,-327.00,887.00,-560.58,-285.2,0.3,0.7,0.7,3091,-250
4554,4554.10,-327,-327.00,887.00,-560.79,-285.2,0.3,0.7,0.7,3091,-250
4555,4555.06,-327,-327.00,887.00,-560.98,-285.2,0.3,0.7,0.7,3091,-250
4556,4556.10,-327,-327.00,888.00,-561.19,-285.5,0.3,0.7,0.7,3091,-250
4557,4557.06,-327,-327.00,888.00,-561.38,-285.5,0.3,0.7,0.7,3091,-250
4558,4558.10,-327,-327.00,888.00,-561.59,-285.8,0.3,0.7,0.7,3091,-250
4559,4559.06,-327,-327.00,888.00,-561.78,-285.8,0.3,0.7,0.7,3091,-250
4560,4560.10,-327,-327.00,888.00,-561.99,-285.8,0.3,0.7,0.7,3091,-250
4561,4561.06,-327,-327.00,889.00,-562.18,-286.0,0.3,0.7,0.7,3091,-250
4562,4562.10,-327,-327.00,889.00,-562.39,-286.0,0.3,0.7,0.7,3091,-250
4563,4563.06,-327,-327.00,889.00,-562.58,-286.2,0.3,0.7,0.7,3091,-250
4564,4564.10,-327,-327.00,889.00,-562.79,-286.2,0.3,0.7,0.7,3091,-250
4565,4565.06,-327,-327.00,889.00,-562.98,-286.2,0.3,0.7,0.7,3091,-250
4566,4566.10,-327,-327.00,890.00,-563.19,-286.5,0.3,0.7,0.7,3091,-250
4567,4567.06,-327,-327.00,890.00,-563.38,-286.5,0.3,0.7,0.7,3091,-250
4568,4568.10,-327,-327.00,890.00,-563.59,-286.8,0.3,0.7,0.7,3091,-250
4569,4569.06,-327,-327.00,890.00,-563.78,-286.8,0.3,0.7,0.7,3091,-250
4570,4570.10,-327,-327.00,890.00,-563.99,-287.0,0.3,0.7,0.7,3091,-250
4571,4571.06,-327,-327.00,891.00,-564.18,-287.0,0.3,0.7,0.7,3091,-250
4572,4572.10,-327,-327.00,891.00,-564.39,-287.0,0.3,0.7,0.7,3091,-250
4573,4573.06,-327,-327.00,891.00,-564.58,-287.2,0.3,0.7,0.7,3091,-250
4574,4574.10,-327,-327.00,891.00,-564.79,-287.2,0.3,0.7,0.7,3091,-250
4575,4575.06,-327,-327.00,891.00,-564.98,-287.5,0.3,0.7,0.7,3091,-250
4576,4576.10,-327,-327.00,892.00,-565.19,-287.5,0.3,0.7,0.7,3091,-250
4577,4577.06,-327,-327.00,892.00,-565.38,-287.5,0.3,0.7,0.7,3091,-250
4578,4578.10,-327,-327.00,892.00,-565.59,-287.8,0.3,0.7,0.7,3091,-250
4579,4579.06,-327,-327.00,892.00,-565.78,-287.8,0.3,0.7,0.7,3091,-250
4580,4580.10,-327,-327.00,892.00,-565.99,-288.0,0.3,0.7,0.7,3091,-250
4581,4581.06,-327,-327.00,893.00,-566.18,-288.0,0.3,0.7,0.7,3091,-250
4582,4582.10,-327,-327.00,893.00,-566.39,-288.0,0.3,0.7,0.7,3091,-250
4583,4583.06,-327,-327.00,893.00,-566.58,-288.2,0.3,0.7,0.7,3091,-250
4584,4584.10,-327,-327.00,893.00,-566.79,-288.2,0.3,0.7,0.7,3091,-250
4585,4585.06,-327,-327.00,893.00,-566.98,-288.5,0.3,0.7,0.7,3091,-250
4586,4586.10,-327,-327.00,894.00,-567.19,-288.5,0.3,0.7,0.7,3091,-250
4587,4587.06,-327,-327.00,894.00,-567.38,-288.5,0.3,0.7,0.7,3091,-250
4588,4588.10,-327,-327.00,894.00,-567.59,-288.8,0.3,0.7,0.7,3091,-250
4589,4589.06,-327,-327.00,894.00,-567.78,-288.8,0.3,0.7,0.7,3091,-250
4590,4590.10,-327,-327.00,894.00,-567.99,-289.0,0.3,0.7,0.7,3091,-250
4591,4591.06,-327,-327.00,895.00,-568.18,-289.0,0.3,0.7,0.7,3091,-250
4592,4592.10,-327,-327.00,895.00,-568.39,-289.0,0.3,0.7,0.7,3091,-250
4593,4593.06,-327,-327.00,895.00,-568.58,-289.2,0.3,0.7,0.7,3091,-250
4594,4594.10,-327,-327.00,895.00,-568.79,-289.2,0.3,0.7,0.7,3091,-250
4595,4595.06,-327,-327.00,895.00,-568.98,-289.5,0.3,0.7,0.7,3091,-250
4596,4596.10,-327,-327.00,896.00,-569.19,-289.5,0.3,0.7,0.7,3091,-250
4597,4597.06,-327,-327.00,896.00,-569.38,-289.5,0.3,0.7,0.7,3091,-250
4598,4598.10,-327,-327.00,896.00,-569.59,-289.8,0.3,0.7,0.7,3091,-250
4599,4599.06,-327,-327.00,896.00,-569.78,-289.8,0.3,0.7,0.7,3091,-250
4600,4600.10,-327,-327.00,896.00,-569.99,-290.0,0.3,0.7,0.7,3091,-250
4601,4601.06,-327,-327.00,897.00,-570.18,-290.0,0.3,0.7,0.7,3091,-250
4602,4602.10,-327,-327.00,897.00,-570.39,-290.0,0.3,0.7,0.7,3091,-250
4603,4603.06,-327,-327.00,897.00,-570.58,-290.2,0.3,0.7,0.7,3091,-250
4604,4604.10,-327,-327.00,897.00,-570.79,-290.2,0.3,0.7,0.7,3091,-250
4605,4605.06,-327,-327.00,897.00,-570.98,-290.5,0.3,0.7,0.7,3091,-250
4606,4606.10,-327,-327.00,898.00,-571.19,-290.5,0.3,0.7,0.7,3091,-250
4607,4607.06,-327,-327.00,898.00,-571.38,-290.5,0.3,0.7,0.7,3091,-250
4608,4608.10,-327,-327.00,898.00,-571.59,-290.8,0.3,0.7,0.7,3091,-250
4609,4609.06,-327,-327.00,898.00,-571.78,-290.8,0.3,0.7,0.7,3091,-250
4610,4610.10,-327,-327.00,898.00,-571.99,-291.0,0.3,0.7,0.7,3091,-250
4611,4611.06,-327,-327.00,899.00,-572.18,-291.0,0.3,0.7,0.7,3091,-250
4612,4612.10,-327,-327.00,899.00,-572.39,-291.0,0.3,0.7,0.7,3091,-250
4613,4613.06,-327,-327.00,899.00,-572.58,-291.2,0.3,0.7,0.7,3091,-250
4614,4614.10,-327,-327.00,899.00,-572.79,-291.2,0.3,0.7,0.7,3091,-250
4615,4615.06,-327,-327.00,899.00,-572.98,-291.5,0.3,0.7,0.7,3091,-250
4616,4616.10,-327,-327.00,900.00,-573.19,-291.5,0.3,0.7,0.7,3091,-250
4617,4617.06,-327,-327.00,900.00,-573.38,-291.5,0.3,0.7,0.7,3091,-250
4618,4618.09,-327,-327.00,900.00,-573.59,-291.8,0.3,0.7,0.7,3091,-250
4619,4619.06,-327,-327.00,900.00,-573.78,-291.8,0.3,0.7,0.7,3091,-250
4620,4620.10,-327,-327.00,900.00,-573.99,-292.0,0.3,0.7,0.7,3091,-250
4621,4621.06,-327,-327.00,901.00,-574.18,-292.0,0.3,0.7,0.7,3091,-250
4622,4622.10,-327,-327.00,901.00,-574.39,-292.2,0.3,0.7,0.7,3091,-250
4623,4623.06,-327,-327.00,901.00,-574.58,-292.2,0.3,0.7,0.7,3091,-250
4624,4624.10,-327,-327.00,901.00,-574.79,-292.2,0.3,0.7,0.7,3091,-250
4625,4625.06,-327,-327.00,901.00,-574.98,-292.5,0.3,0.7,0.7,3091,-250
4626,4626.10,-327,-327.00,902.00,-575.19,-292.5,0.3,0.7,0.7,3091,-250
4627,4627.06,-327,-327.00,902.00,-575.38,-292.8,0.3,0.7,0.7,3091,-250
4628,4628.10,-327,-327.00,902.00,-575.59,-292.8,0.3,0.7,0.7,3091,-250
4629,4629.06,-327,-327.00,902.00,-575.78,-292.8,0.3,0.7,0.7,3091,-250
4630,4630.10,-327,-327.00,902.00,-575.99,-293.0,0.3,0.7,0.7,3091,-250
4631,4631.06,-327,-327.00,903.00,-576.18,-293.0,0.3,0.7,0.7,3091,-250
4632,4632.10,-327,-327.00,903.00,-576.39,-293.2,0.3,0.7,0.7,3091,-250
4633,4633.06,-327,-327.00,903.00,-576.58,-293.2,0.3,0.7,0.7,3091,-250
4634,4634.10,-327,-327.00,903.00,-576.79,-293.2,0.3,0.7,0.7,3091,-250
4635,4635.06,-327,-327.00,903.00,-576.98,-293.5,0.3,0.7,0.7,3091,-250
4636,4636.10,-327,-327.00,904.00,-577.19,-293.5,0.3,0.7,0.7,3091,-250
4637,4637.06,-327,-327.00,904.00,-577.38,-293.8,0.3,0.7,0.7,3091,-250
4638,4638.10,-327,-327.00,904.00,-577.59,-293.8,0.3,0.7,0.7,3091,-250
4639,4639.06,-327,-327.00,904.00,-577.78,-293.8,0.3,0.7,0.7,3091,-250
4640,4640.10,-327,-327.00,904.00,-577.99,-294.0,0.3,0.7,0.7,3091,-250
4641,4641.06,-327,-327.00,905.00,-578.18,-294.0,0.3,0.7,0.7,3091,-250
4642,4642.10,-327,-327.00,905.00,-578.39,-294.2,0.3,0.7,0.7,3091,-250
4643,4643.06,-327,-327.00,905.00,-578.58,-294.2,0.3,0.7,0.7,3091,-250
4644,4644.10,-327,-327.00,905.00,-578.79,-294.2,0.3,0.7,0.7,3091,-250
4645,4645.06,-327,-327.00,905.00,-578.98,-294.5,0.3,0.7,0.7,3091,-250
4646,4646.10,-327,-327.00,906.00,-579.19,-294.5,0.3,0.7,0.7,3091,-250
4647,4647.06,-327,-327.00,906.00,-579.38,-294.8,0.3,0.7,0.7,3091,-250
4648,4648.10,-327,-327.00,906.00,-579.59,-294.8,0.3,0.7,0.7,3091,-250
4649,4649.06,-327,-327.00,906.00,-579.78,-294.8,0.3,0.7,0.7,3091,-250
4650,4650.10,-327,-327.00,906.00,-579.99,-295.0,0.3,0.7,0.7,3091,-250
4651,4651.06,-327,-327.00,907.00,-580.18,-295.0,0.3,0.7,0.7,3091,-250
4652,4652.10,-327,-327.00,907.00,-580.39,-295.2,0.3,0.7,0.7,3091,-250
4653,4653.06,-327,-327.00,907.00,-580.58,-295.2,0.3,0.7,0.7,3091,-250
4654,4654.10,-327,-327.00,907.00,-580.79,-295.2,0.3,0.7,0.7,3091,-250
4655,4655.06,-327,-327.00,907.00,-580.98,-295.5,0.3,0.7,0.7,3091,-250
4656,4656.10,-327,-327.00,908.00,-581.19,-295.5,0.3,0.7,0.7,3091,-250
4657,4657.06,-327,-327.00,908.00,-581.38,-295.8,0.3,0.7,0.7,3091,-250
4658,4658.10,-327,-327.00,908.00,-581.59,-295.8,0.3,0.7,0.7,3091,-250
4659,4659.06,-327,-327.00,908.00,-581.78,-295.8,0.3,0.7,0.7,3091,-250
4660,4660.10,-327,-327.00,908.00,-581.99,-296.0,0.3,0.7,0.7,3091,-250
4661,4661.06,-327,-327.00,909.00,-582.18,-296.0,0.3,0.7,0.7,3091,-250
4662,4662.10,-327,-327.00,909.00,-582.39,-296.2,0.3,0.7,0.7,3091,-250
4663,4663.06,-327,-327.00,909.00,-582.58,-296.2,0.3,0.7,0.7,3091,-250
4664,4664.10,-327,-327.00,909.00,-582.79,-296.5,0.3,0.7,0.7,3091,-250
4665,4665.06,-327,-327.00,909.00,-582.98,-296.5,0.3,0.7,0.7,3091,-250
4666,4666.10,-327,-327.00,910.00,-583.19,-296.5,0.3,0.7,0.7,3091,-250
4667,4667.06,-327,-327.00,910.00,-583.38,-296.8,0.3,0.7,0.7,3091,-250
4668,4668.10,-327,-327.00,910.00,-583.59,-296.8,0.3,0.7,0.7,3091,-250
4669,4669.06,-327,-327.00,910.00,-583.78,-297.0,0.3,0.7,0.7,3091,-250
4670,4670.10,-327,-327.00,910.00,-583.99,-297.0,0.3,0.7,0.7,3091,-250
4671,4671.06,-327,-327.00,911.00,-584.18,-297.0,0.3,0.7,0.7,3091,-250
4672,4672.10,-327,-327.00,911.00,-584.39,-297.2,0.3,0.7,0.7,3091,-250
4673,4673.06,-327,-327.00,911.00,-584.58,-297.2,0.3,0.7,0.7,3091,-250
4674,4674.10,-327,-327.00,911.00,-584.79,-297.5,0.3,0.7,0.7,3091,-250
4675,4675.06,-327,-327.00,911.00,-584.98,-297.5,0.3,0.7,0.7,3091,-250
4676,4676.10,-327,-327.00,912.00,-585.19,-297.5,0.3,0.7,0.7,3091,-250
4677,4677.06,-327,-327.00,912.00,-585.38,-297.8,0.3,0.7,0.7,3091,-250
4678,4678.10,-327,-327.00,912.00,-585.59,-297.8,0.3,0.7,0.7,3091,-250
4679,4679.06,-327,-327.00,912.00,-585.78,-298.0,0.3,0.7,0.7,3091,-250
4680,4680.10,-327,-327.00,912.00,-585.99,-298.0,0.3,0.7,0.7,3091,-250
4681,4681.06,-327,-327.00,913.00,-586.18,-298.0,0.3,0.7,0.7,3091,-250
4682,4682.10,-327,-327.00,913.00,-586.39,-298.2,0.3,0.7,0.7,3091,-250
4683,4683.06,-327,-327.00,913.00,-586.58,-298.2,0.3,0.7,0.7,3091,-250
4684,4684.10,-327,-327.00,913.00,-586.79,-298.5,0.3,0.7,0.7,3091,-250
4685,4685.06,-327,-327.00,913.00,-586.98,-298.5,0.3,0.7,0.7,3091,-250
4686,4686.10,-327,-327.00,914.00,-587.19,-298.5,0.3,0.7,0.7,3091,-250
4687,4687.06,-327,-327.00,914.00,-587.38,-298.8,0.3,0.7,0.7,3091,-250
4688,4688.10,-327,-327.00,914.00,-587.59,-298.8,0.3,0.7,0.7,3091,-250
4689,4689.06,-327,-327.00,914.00,-587.78,-299.0,0.3,0.7,0.7,3091,-250
4690,4690.10,-327,-327.00,914.00,-587.99,-299.0,0.3,0.7,0.7,3091,-250
4691,4691.06,-327,-327.00,915.00,-588.18,-299.0,0.3,0.7,0.7,3091,-250
4692,4692.10,-327,-327.00,915.00,-588.39,-299.2,0.3,0.7,0.7,3091,-250
4693,4693.06,-327,-327.00,915.00,-588.58,-299.2,0.3,0.7,0.7,3091,-250
4694,4694.10,-327,-327.00,915.00,-588.79,-299.5,0.3,0.7,0.7,3091,-250
4695,4695.06,-327,-327.00,915.00,-588.98,-299.5,0.3,0.7,0.7,3091,-250
4696,4696.10,-327,-327.00,916.00,-589.19,-299.5,0.3,0.7,0.7,3091,-250
4697,4697.06,-327,-327.00,916.00,-589.38,-299.8,0.3,0.7,0.7,3091,-250
4698,4698.10,-327,-327.00,916.00,-589.59,-299.8,0.3,0.7,0.7,3091,-250
4699,4699.06,-327,-327.00,916.00,-589.78,-300.0,0.3,0.7,0.7,3091,-250
4700,4700.10,-327,-327.00,916.00,-589.99,-300.0,0.3,0.7,0.7,3091,-250
4701,4701.06,-327,-327.00,917.00,-590.18,-300.0,0.3,0.7,0.7,3091,-250
4702,4702.10,-327,-327.00,917.00,-590.39,-300.2,0.3,0.7,0.7,3091,-250
4703,4703.06,-327,-327.00,917.00,-590.58,-300.2,0.3,0.7,0.7,3091,-250
4704,4704.10,-327,-327.00,917.00,-590.79,-300.5,0.3,0.7,0.7,3091,-250
4705,4705.06,-327,-327.00,917.00,-590.98,-300.5,0.3,0.7,0.7,3091,-250
4706,4706.09,-327,-327.00,918.00,-591.19,-300.5,0.3,0.7,0.7,3091,-250
4707,4707.06,-327,-327.00,918.00,-591.38,-300.8,0.3,0.7,0.7,3091,-250
4708,4708.10,-327,-327.00,918.00,-591.59,-300.8,0.3,0.7,0.7,3091,-250
4709,4709.06,-327,-327.00,918.00,-591.78,-301.0,0.3,0.7,0.7,3091,-250
4710,4710.10,-327,-327.00,918.00,-591.99,-301.0,0.3,0.7,0.7,3091,-250
4711,4711.05,-327,-327.00,919.00,-592.18,-301.0,0.3,0.7,0.7,3091,-250
4712,4712.10,-327,-327.00,919.00,-592.39,-301.2,0.3,0.7,0.7,3091,-250
4713,4713.06,-327,-327.00,919.00,-592.58,-301.2,0.3,0.7,0.7,3091,-250
4714,4714.10,-327,-327.00,919.00,-592.79,-301.5,0.3,0.7,0.7,3091,-250
4715,4715.06,-327,-327.00,919.00,-592.98,-301.5,0.3,0.7,0.7,3091,-250
4716,4716.10,-327,-327.00,920.00,-593.19,-301.8,0.3,0.7,0.7,3091,-250
4717,4717.06,-327,-327.00,920.00,-593.38,-301.8,0.3,0.7,0.7,3091,-250
4718,4718.10,-327,-327.00,920.00,-593.59,-301.8,0.3,0.7,0.7,3091,-250
4719,4719.06,-327,-327.00,920.00,-593.78,-302.0,0.3,0.7,0.7,3091,-250
4720,4720.10,-327,-327.00,920.00,-593.99,-302.0,0.3,0.7,0.7,3091,-250
4721,4721.06,-327,-327.00,921.00,-594.18,-302.2,0.3,0.7,0.7,3091,-250
4722,4722.10,-327,-327.00,921.00,-594.39,-302.2,0.3,0.7,0.7,3091,-250
4723,4723.06,-327,-327.00,921.00,-594.58,-302.2,0.3,0.7,0.7,3091,-250
4724,4724.10,-327,-327.00,921.00,-594.79,-302.5,0.3,0.7,0.7,3091,-250
4725,4725.06,-327,-327.00,921.00,-594.98,-302.5,0.3,0.7,0.7,3091,-250
4726,4726.10,-327,-327.00,922.00,-595.19,-302.8,0.3,0.7,0.7,3091,-250
4727,4727.06,-327,-327.00,922.00,-595.38,-302.8,0.3,0.7,0.7,3091,-250
4728,4728.10,-327,-327.00,922.00,-595.59,-302.8,0.3,0.7,0.7,3091,-250
4729,4729.06,-327,-327.00,922.00,-595.78,-303.0,0.3,0.7,0.7,3091,-250
4730,4730.10,-327,-327.00,922.00,-595.99,-303.0,0.3,0.7,0.7,3091,-250
4731,4731.06,-327,-327.00,923.00,-596.18,-303.2,0.3,0.7,0.7,3091,-250
4732,4732.10,-327,-327.00,923.00,-596.39,-303.2,0.3,0.7,0.7,3091,-250
4733,4733.06,-327,-327.00,923.00,-596.58,-303.2,0.3,0.7,0.7,3091,-250
4734,4734.10,-327,-327.00,923.00,-596.79,-303.5,0.3,0.7,0.7,3091,-250
4735,4735.06,-327,-327.00,923.00,-596.98,-303.5,0.3,0.7,0.7,3091,-250
4736,4736.10,-327,-327.00,924.00,-597.19,-303.8,0.3,0.7,0.7,3091,-250
4737,4737.06,-327,-327.00,924.00,-597.38,-303.8,0.3,0.7,0.7,3091,-250
4738,4738.10,-327,-327.00,924.00,-597.59,-303.8,0.3,0.7,0.7,3091,-250
4739,4739.06,-327,-327.00,924.00,-597.78,-304.0,0.3,0.7,0.7,3091,-250
4740,4740.10,-327,-327.00,924.00,-597.99,-304.0,0.3,0.7,0.7,3091,-250
4741,4741.06,-327,-327.00,925.00,-598.18,-304.2,0.3,0.7,0.7,3091,-250
4742,4742.10,-327,-327.00,925.00,-598.39,-304.2,0.3,0.7,0.7,3091,-250
4743,4743.06,-327,-327.00,925.00,-598.58,-304.2,0.3,0.7,0.7,3091,-250
4744,4744.10,-327,-327.00,925.00,-598.79,-304.5,0.3,0.7,0.7,3091,-250
4745,4745.06,-327,-327.00,925.00,-598.98,-304.5,0.3,0.7,0.7,3091,-250
4746,4746.10,-327,-327.00,926.00,-599.19,-304.8,0.3,0.7,0.7,3091,-250
4747,4747.06,-327,-327.00,926.00,-599.38,-304.8,0.3,0.7,0.7,3091,-250
4748,4748.10,-327,-327.00,926.00,-599.59,-304.8,0.3,0.7,0.7,3091,-250
4749,4749.06,-327,-327.00,926.00,-599.78,-305.0,0.3,0.7,0.7,3091,-250
4750,4750.10,-327,-327.00,926.00,-599.99,-305.0,0.3,0.7,0.7,3091,-250
4751,4751.06,-327,-327.00,927.00,-600.18,-305.2,0.3,0.7,0.7,3091,-250
4752,4752.10,-327,-327.00,927.00,-600.39,-305.2,0.3,0.7,0.7,3091,-250
4753,4753.06,-327,-327.00,927.00,-600.58,-305.2,0.3,0.7,0.7,3091,-250
4754,4754.10,-327,-327.00,927.00,-600.79,-305.5,0.3,0.7,0.7,3091,-250
4755,4755.06,-327,-327.00,927.00,-600.98,-305.5,0.3,0.7,0.7,3091,-250
4756,4756.10,-327,-327.00,928.00,-601.19,-305.8,0.3,0.7,0.7,3091,-250
4757,4757.06,-327,-327.00,928.00,-601.38,-305.8,0.3,0.7,0.7,3091,-250
4758,4758.10,-327,-327.00,928.00,-601.59,-305.8,0.3,0.7,0.7,3091,-250
4759,4759.06,-327,-327.00,928.00,-601.78,-306.0,0.3,0.7,0.7,3091,-250
4760,4760.10,-327,-327.00,928.00,-601.99,-306.0,0.3,0.7,0.7,3091,-250
4761,4761.06,-327,-327.00,929.00,-602.18,-306.2,0.3,0.7,0.7,3091,-250
4762,4762.10,-327,-327.00,929.00,-602.39,-306.2,0.3,0.7,0.7,3091,-250
4763,4763.06,-327,-327.00,929.00,-602.58,-306.2,0.3,0.7,0.7,3091,-250
4764,4764.10,-327,-327.00,929.00,-602.79,-306.5,0.3,0.7,0.7,3091,-250
4765,4765.06,-327,-327.00,929.00,-602.98,-306.5,0.3,0.7,0.7,3091,-250
4766,4766.10,-327,-327.00,930.00,-603.19,-306.8,0.3,0.7,0.7,3091,-250
4767,4767.06,-327,-327.00,930.00,-603.38,-306.8,0.3,0.7,0.7,3091,-250
4768,4768.10,-327,-327.00,930.00,-603.59,-307.0,0.3,0.7,0.7,3091,-250
4769,4769.06,-327,-327.00,930.00,-603.78,-307.0,0.3,0.7,0.7,3091,-250
4770,4770.10,-327,-327.00,930.00,-603.99,-307.0,0.3,0.7,0.7,3091,-250
4771,4771.06,-327,-327.00,931.00,-604.18,-307.2,0.3,0.7,0.7,3091,-250
4772,4772.10,-327,-327.00,931.00,-604.39,-307.2,0.3,0.7,0.7,3091,-250
4773,4773.06,-327,-327.00,931.00,-604.58,-307.5,0.3,0.7,0.7,3091,-250
4774,4774.10,-327,-327.00,931.00,-604.79,-307.5,0.3,0.7,0.7,3091,-250
4775,4775.06,-327,-327.00,931.00,-604.98,-307.5,0.3,0.7,0.7,3091,-250
4776,4776.10,-327,-327.00,932.00,-605.19,-307.8,0.3,0.7,0.7,3091,-250
4777,4777.06,-327,-327.00,932.00,-605.38,-307.8,0.3,0.7,0.7,3091,-250
4778,4778.09,-327,-327.00,932.00,-605.59,-308.0,0.3,0.7,0.7,3091,-250
4779,4779.06,-327,-327.00,932.00,-605.78,-308.0,0.3,0.7,0.7,3091,-250
4780,4780.10,-327,-327.00,932.00,-605.99,-308.0,0.3,0.7,0.7,3091,-250
4781,4781.06,-327,-327.00,933.00,-606.18,-308.2,0.3,0.7,0.7,3091,-250
4782,4782.10,-327,-327.00,933.00,-606.39,-308.2,0.3,0.7,0.7,3091,-250
4783,4783.06,-327,-327.00,933.00,-606.58,-308.5,0.3,0.7,0.7,3091,-250
4784,4784.10,-327,-327.00,933.00,-606.79,-308.5,0.3,0.7,0.7,3091,-250
4785,4785.06,-327,-327.00,933.00,-606.98,-308.5,0.3,0.7,0.7,3091,-250
4786,4786.10,-327,-327.00,934.00,-607.19,-308.8,0.3,0.7,0.7,3091,-250
4787,4787.06,-327,-327.00,934.00,-607.38,-308.8,0.3,0.7,0.7,3091,-250
4788,4788.09,-327,-327.00,934.00,-607.59,-309.0,0.3,0.7,0.7,3091,-250
4789,4789.05,-327,-327.00,934.00,-607.78,-309.0,0.3,0.7,0.7,3091,-250
4790,4790.09,-327,-327.00,934.00,-607.99,-309.0,0.3,0.7,0.7,3091,-250
4791,4791.05,-327,-327.00,935.00,-608.18,-309.2,0.3,0.7,0.7,3091,-250
4792,4792.09,-327,-327.00,935.00,-608.39,-309.2,0.3,0.7,0.7,3091,-250
4793,4793.06,-327,-327.00,935.00,-608.58,-309.5,0.3,0.7,0.7,3091,-250
4794,4794.09,-327,-327.00,935.00,-608.79,-309.5,0.3,0.7,0.7,3091,-250
4795,4795.05,-327,-327.00,935.00,-608.98,-309.5,0.3,0.7,0.7,3091,-250
4796,4796.09,-327,-327.00,936.00,-609.19,-309.8,0.3,0.7,0.7,3091,-250
4797,4797.06,-327,-327.00,936.00,-609.38,-309.8,0.3,0.7,0.7,3091,-250
4798,4798.09,-327,-327.00,936.00,-609.59,-310.0,0.3,0.7,0.7,3091,-250
4799,4799.06,-327,-327.00,936.00,-609.78,-310.0,0.3,0.7,0.7,3091,-250
4800,4800.09,-327,-327.00,936.00,-609.99,-310.0,0.3,0.7,0.7,3091,-250
4801,4801.06,-327,-327.00,937.00,-610.18,-310.2,0.3,0.7,0.7,3091,-250
4802,4802.10,-327,-327.00,937.00,-610.39,-310.2,0.3,0.7,0.7,3091,-250
4803,4803.05,-327,-327.00,937.00,-610.58,-310.5,0.3,0.7,0.7,3091,-250
4804,4804.09,-327,-327.00,937.00,-610.79,-310.5,0.3,0.7,0.7,3091,-250
4805,4805.05,-327,-327.00,937.00,-610.98,-310.5,0.3,0.7,0.7,3091,-250
4806,4806.10,-327,-327.00,938.00,-611.19,-310.8,0.3,0.7,0.7,3091,-250
4807,4807.05,-327,-327.00,938.00,-611.38,-310.8,0.3,0.7,0.7,3091,-250
4808,4808.09,-327,-327.00,938.00,-611.59,-311.0,0.3,0.7,0.7,3091,-250
4809,4809.05,-327,-327.00,938.00,-611.78,-311.0,0.3,0.7,0.7,3091,-250
4810,4810.09,-327,-327.00,938.00,-611.99,-311.0,0.3,0.7,0.7,3091,-250
4811,4811.05,-327,-327.00,939.00,-612.18,-311.2,0.3,0.7,0.7,3091,-250
4812,4812.09,-327,-327.00,939.00,-612.39,-311.2,0.3,0.7,0.7,3091,-250
4813,4813.05,-327,-327.00,939.00,-612.58,-311.5,0.3,0.7,0.7,3091,-250
4814,4814.09,-327,-327.00,939.00,-612.79,-311.5,0.3,0.7,0.7,3091,-250
4815,4815.05,-327,-327.00,939.00,-612.98,-311.5,0.3,0.7,0.7,3091,-250
4816,4816.10,-327,-327.00,940.00,-613.19,-311.8,0.3,0.7,0.7,3091,-250
4817,4817.05,-327,-327.00,940.00,-613.38,-311.8,0.3,0.7,0.7,3091,-250
4818,4818.09,-327,-327.00,940.00,-613.59,-312.0,0.3,0.7,0.7,3091,-250
4819,4819.05,-327,-327.00,940.00,-613.78,-312.0,0.3,0.7,0.7,3091,-250
4820,4820.09,-327,-327.00,940.00,-613.99,-312.2,0.3,0.7,0.7,3091,-250
4821,4821.05,-327,-327.00,941.00,-614.18,-312.2,0.3,0.7,0.7,3091,-250
4822,4822.09,-327,-327.00,941.00,-614.39,-312.2,0.3,0.7,0.7,3091,-250
4823,4823.06,-327,-327.00,941.00,-614.58,-312.5,0.3,0.7,0.7,3091,-250
4824,4824.09,-327,-327.00,941.00,-614.79,-312.5,0.3,0.7,0.7,3091,-250
4825,4825.05,-327,-327.00,941.00,-614.98,-312.8,0.3,0.7,0.7,3091,-250
4826,4826.09,-327,-327.00,942.00,-615.19,-312.8,0.3,0.7,0.7,3091,-250
4827,4827.05,-327,-327.00,942.00,-615.38,-312.8,0.3,0.7,0.7,3091,-250
4828,4828.10,-327,-327.00,942.00,-615.59,-313.0,0.3,0.7,0.7,3091,-250
4829,4829.06,-327,-327.00,942.00,-615.78,-313.0,0.3,0.7,0.7,3091,-250
4830,4830.09,-327,-327.00,942.00,-615.99,-313.2,0.3,0.7,0.7,3091,-250
4831,4831.05,-327,-327.00,943.00,-616.18,-313.2,0.3,0.7,0.7,3091,-250
4832,4832.09,-327,-327.00,943.00,-616.39,-313.2,0.3,0.7,0.7,3091,-250
4833,4833.05,-327,-327.00,943.00,-616.58,-313.5,0.3,0.7,0.7,3091,-250
4834,4834.09,-327,-327.00,943.00,-616.79,-313.5,0.3,0.7,0.7,3091,-250
4835,4835.05,-327,-327.00,943.00,-616.98,-313.8,0.3,0.7,0.7,3091,-250
4836,4836.09,-327,-327.00,944.00,-617.19,-313.8,0.3,0.7,0.7,3091,-250
4837,4837.05,-327,-327.00,944.00,-617.38,-313.8,0.3,0.7,0.7,3091,-250
4838,4838.09,-327,-327.00,944.00,-617.59,-314.0,0.3,0.7,0.7,3091,-250
4839,4839.05,-327,-327.00,944.00,-617.78,-314.0,0.3,0.7,0.7,3091,-250
4840,4840.10,-327,-327.00,944.00,-617.99,-314.2,0.3,0.7,0.7,3091,-250
4841,4841.06,-327,-327.00,945.00,-618.18,-314.2,0.3,0.7,0.7,3091,-250
4842,4842.09,-327,-327.00,945.00,-618.39,-314.2,0.3,0.7,0.7,3091,-250
4843,4843.05,-327,-327.00,945.00,-618.58,-314.5,0.3,0.7,0.7,3091,-250
4844,4844.09,-327,-327.00,945.00,-618.79,-314.5,0.3,0.7,0.7,3091,-250
4845,4845.06,-327,-327.00,945.00,-618.98,-314.8,0.3,0.7,0.7,3091,-250
4846,4846.09,-327,-327.00,946.00,-619.19,-314.8,0.3,0.7,0.7,3091,-250
4847,4847.05,-327,-327.00,946.00,-619.38,-314.8,0.3,0.7,0.7,3091,-250
4848,4848.10,-327,-327.00,946.00,-619.59,-315.0,0.3,0.7,0.7,3091,-250
4849,4849.06,-327,-327.00,946.00,-619.78,-315.0,0.3,0.7,0.7,3091,-250
4850,4850.10,-327,-327.00,946.00,-619.99,-315.2,0.3,0.7,0.7,3091,-250
4851,4851.05,-327,-327.00,947.00,-620.18,-315.2,0.3,0.7,0.7,3091,-250
4852,4852.09,-327,-327.00,947.00,-620.39,-315.2,0.3,0.7,0.7,3091,-250
4853,4853.06,-327,-327.00,947.00,-620.58,-315.5,0.3,0.7,0.7,3091,-250
4854,4854.10,-327,-327.00,947.00,-620.79,-315.5,0.3,0.7,0.7,3091,-250
4855,4855.05,-327,-327.00,947.00,-620.98,-315.8,0.3,0.7,0.7,3091,-250
4856,4856.09,-327,-327.00,948.00,-621.19,-315.8,0.3,0.7,0.7,3091,-250
4857,4857.06,-327,-327.00,948.00,-621.38,-315.8,0.3,0.7,0.7,3091,-250
4858,4858.09,-327,-327.00,948.00,-621.59,-316.0,0.3,0.7,0.7,3091,-250
4859,4859.05,-327,-327.00,948.00,-621.78,-316.0,0.3,0.7,0.7,3091,-250
4860,4860.09,-327,-327.00,948.00,-621.99,-316.2,0.3,0.7,0.7,3091,-250
4861,4861.05,-327,-327.00,949.00,-622.18,-316.2,0.3,0.7,0.7,3091,-250
4862,4862.09,-327,-327.00,949.00,-622.39,-316.2,0.3,0.7,0.7,3091,-250
4863,4863.05,-327,-327.00,949.00,-622.58,-316.5,0.3,0.7,0.7,3091,-250
4864,4864.09,-327,-327.00,949.00,-622.79,-316.5,0.3,0.7,0.7,3091,-250
4865,4865.05,-327,-327.00,949.00,-622.98,-316.8,0.3,0.7,0.7,3091,-250
4866,4866.09,-327,-327.00,950.00,-623.19,-316.8,0.3,0.7,0.7,3091,-250
4867,4867.05,-327,-327.00,950.00,-623.38,-316.8,0.3,0.7,0.7,3091,-250
4868,4868.09,-327,-327.00,950.00,-623.59,-317.0,0.3,0.7,0.7,3091,-250
4869,4869.05,-327,-327.00,950.00,-623.78,-317.0,0.3,0.7,0.7,3091,-250
4870,4870.10,-327,-327.00,950.00,-623.99,-317.2,0.3,0.7,0.7,3091,-250
4871,4871.06,-327,-327.00,951.00,-624.18,-317.2,0.3,0.7,0.7,3091,-250
4872,4872.09,-327,-327.00,951.00,-624.39,-317.5,0.3,0.7,0.7,3091,-250
4873,4873.05,-327,-327.00,951.00,-624.58,-317.5,0.3,0.7,0.7,3091,-250
4874,4874.09,-327,-327.00,951.00,-624.79,-317.5,0.3,0.7,0.7,3091,-250
4875,4875.05,-327,-327.00,951.00,-624.98,-317.8,0.3,0.7,0.7,3091,-250
4876,4876.09,-327,-327.00,952.00,-625.19,-317.8,0.3,0.7,0.7,3091,-250
4877,4877.06,-327,-327.00,952.00,-625.38,-318.0,0.3,0.7,0.7,3091,-250
4878,4878.09,-327,-327.00,952.00,-625.59,-318.0,0.3,0.7,0.7,3091,-250
4879,4879.05,-327,-327.00,952.00,-625.78,-318.0,0.3,0.7,0.7,3091,-250
4880,4880.09,-327,-327.00,952.00,-625.99,-318.2,0.3,0.7,0.7,3091,-250
4881,4881.05,-327,-327.00,953.00,-626.18,-318.2,0.3,0.7,0.7,3091,-250
4882,4882.10,-327,-327.00,953.00,-626.39,-318.5,0.3,0.7,0.7,3091,-250
4883,4883.06,-327,-327.00,953.00,-626.58,-318.5,0.3,0.7,0.7,3091,-250
4884,4884.09,-327,-327.00,953.00,-626.79,-318.5,0.3,0.7,0.7,3091,-250
4885,4885.05,-327,-327.00,953.00,-626.98,-318.8,0.3,0.7,0.7,3091,-250
4886,4886.10,-327,-327.00,954.00,-627.19,-318.8,0.3,0.7,0.7,3091,-250
4887,4887.05,-327,-327.00,954.00,-627.38,-319.0,0.3,0.7,0.7,3091,-250
4888,4888.09,-327,-327.00,954.00,-627.59,-319.0,0.3,0.7,0.7,3091,-250
4889,4889.05,-327,-327.00,954.00,-627.78,-319.0,0.3,0.7,0.7,3091,-250
4890,4890.09,-327,-327.00,954.00,-627.99,-319.2,0.3,0.7,0.7,3091,-250
4891,4891.06,-327,-327.00,955.00,-628.18,-319.2,0.3,0.7,0.7,3091,-250
4892,4892.10,-327,-327.00,955.00,-628.39,-319.5,0.3,0.7,0.7,3091,-250
4893,4893.05,-327,-327.00,955.00,-628.58,-319.5,0.3,0.7,0.7,3091,-250
4894,4894.09,-327,-327.00,955.00,-628.79,-319.5,0.3,0.7,0.7,3091,-250
4895,4895.05,-327,-327.00,955.00,-628.98,-319.8,0.3,0.7,0.7,3091,-250
4896,4896.10,-327,-327.00,956.00,-629.19,-319.8,0.3,0.7,0.7,3091,-250
4897,4897.06,-327,-327.00,956.00,-629.38,-320.0,0.3,0.7,0.7,3091,-250
4898,4898.09,-327,-327.00,956.00,-629.59,-320.0,0.3,0.7,0.7,3091,-250
4899,4899.06,-327,-327.00,956.00,-629.78,-320.0,0.3,0.7,0.7,3091,-250
4900,4900.09,-327,-327.00,956.00,-629.99,-320.2,0.3,0.7,0.7,3091,-250
4901,4901.05,-327,-327.00,957.00,-630.18,-320.2,0.3,0.7,0.7,3091,-250
4902,4902.09,-327,-327.00,957.00,-630.39,-320.5,0.3,0.7,0.7,3091,-250
4903,4903.05,-327,-327.00,957.00,-630.58,-320.5,0.3,0.7,0.7,3091,-250
4904,4904.09,-327,-327.00,957.00,-630.79,-320.5,0.3,0.7,0.7,3091,-250
4905,4905.06,-327,-327.00,957.00,-630.98,-320.8,0.3,0.7,0.7,3091,-250
4906,4906.10,-327,-327.00,958.00,-631.19,-320.8,0.3,0.7,0.7,3091,-250
4907,4907.05,-327,-327.00,958.00,-631.38,-321.0,0.3,0.7,0.7,3091,-250
4908,4908.09,-327,-327.00,958.00,-631.59,-321.0,0.3,0.7,0.7,3091,-250
4909,4909.05,-327,-327.00,958.00,-631.78,-321.0,0.3,0.7,0.7,3091,-250
4910,4910.09,-327,-327.00,958.00,-631.99,-321.2,0.3,0.7,0.7,3091,-250
4911,4911.05,-327,-327.00,959.00,-632.18,-321.2,0.3,0.7,0.7,3091,-250
4912,4912.09,-327,-327.00,959.00,-632.39,-321.5,0.3,0.7,0.7,3091,-250
4913,4913.05,-327,-327.00,959.00,-632.58,-321.5,0.3,0.7,0.7,3091,-250
4914,4914.10,-327,-327.00,959.00,-632.79,-321.8,0.3,0.7,0.7,3091,-250
4915,4915.05,-327,-327.00,959.00,-632.98,-321.8,0.3,0.7,0.7,3091,-250
4916,4916.09,-327,-327.00,960.00,-633.19,-321.8,0.3,0.7,0.7,3091,-250
4917,4917.05,-327,-327.00,960.00,-633.38,-322.0,0.3,0.7,0.7,3091,-250
4918,4918.10,-327,-327.00,960.00,-633.59,-322.0,0.3,0.7,0.7,3091,-250
4919,4919.06,-327,-327.00,960.00,-633.78,-322.2,0.3,0.7,0.7,3091,-250
4920,4920.10,-327,-327.00,960.00,-633.99,-322.2,0.3,0.7,0.7,3091,-250
4921,4921.05,-327,-327.00,961.00,-634.18,-322.2,0.3,0.7,0.7,3091,-250
4922,4922.10,-327,-327.00,961.00,-634.39,-322.5,0.3,0.7,0.7,3091,-250
4923,4923.06,-327,-327.00,961.00,-634.58,-322.5,0.3,0.7,0.7,3091,-250
4924,4924.10,-327,-327.00,961.00,-634.79,-322.8,0.3,0.7,0.7,3091,-250
4925,4925.05,-327,-327.00,961.00,-634.98,-322.8,0.3,0.7,0.7,3091,-250
4926,4926.09,-327,-327.00,962.00,-635.19,-322.8,0.3,0.7,0.7,3091,-250
4927,4927.05,-327,-327.00,962.00,-635.38,-323.0,0.3,0.7,0.7,3091,-250
4928,4928.10,-327,-327.00,962.00,-635.59,-323.0,0.3,0.7,0.7,3091,-250
4929,4929.05,-327,-327.00,962.00,-635.78,-323.2,0.3,0.7,0.7,3091,-250
4930,4930.09,-327,-327.00,962.00,-635.99,-323.2,0.3,0.7,0.7,3091,-250
4931,4931.06,-327,-327.00,963.00,-636.18,-323.2,0.3,0.7,0.7,3091,-250
4932,4932.09,-327,-327.00,963.00,-636.39,-323.5,0.3,0.7,0.7,3091,-250
4933,4933.05,-327,-327.00,963.00,-636.58,-323.5,0.3,0.7,0.7,3091,-250
4934,4934.10,-327,-327.00,963.00,-636.79,-323.8,0.3,0.7,0.7,3091,-250
4935,4935.05,-327,-327.00,963.00,-636.98,-323.8,0.3,0.7,0.7,3091,-250
4936,4936.09,-327,-327.00,964.00,-637.19,-323.8,0.3,0.7,0.7,3091,-250
4937,4937.05,-327,-327.00,964.00,-637.38,-324.0,0.3,0.7,0.7,3091,-250
4938,4938.09,-327,-327.00,964.00,-637.59,-324.0,0.3,0.7,0.7,3091,-250
4939,4939.05,-327,-327.00,964.00,-637.78,-324.2,0.3,0.7,0.7,3091,-250
4940,4940.09,-327,-327.00,964.00,-637.99,-324.2,0.3,0.7,0.7,3091,-250
4941,4941.05,-327,-327.00,965.00,-638.18,-324.2,0.3,0.7,0.7,3091,-250
4942,4942.09,-327,-327.00,965.00,-638.39,-324.5,0.3,0.7,0.7,3091,-250
4943,4943.05,-327,-327.00,965.00,-638.58,-324.5,0.3,0.7,0.7,3091,-250
4944,4944.09,-327,-327.00,965.00,-638.79,-324.8,0.3,0.7,0.7,3091,-250
4945,4945.06,-327,-327.00,965.00,-638.98,-324.8,0.3,0.7,0.7,3091,-250
4946,4946.09,-327,-327.00,966.00,-639.19,-324.8,0.3,0.7,0.7,3091,-250
4947,4947.05,-327,-327.00,966.00,-639.38,-325.0,0.3,0.7,0.7,3091,-250
4948,4948.09,-327,-327.00,966.00,-639.59,-325.0,0.3,0.7,0.7,3091,-250
4949,4949.06,-327,-327.00,966.00,-639.78,-325.2,0.3,0.7,0.7,3091,-250
4950,4950.09,-327,-327.00,966.00,-639.99,-325.2,0.3,0.7,0.7,3091,-250
4951,4951.05,-327,-327.00,967.00,-640.18,-325.2,0.3,0.7,0.7,3091,-250
4952,4952.09,-327,-327.00,967.00,-640.39,-325.5,0.3,0.7,0.7,3091,-250
4953,4953.06,-327,-327.00,967.00,-640.58,-325.5,0.3,0.7,0.7,3091,-250
4954,4954.10,-327,-327.00,967.00,-640.79,-325.8,0.3,0.7,0.7,3091,-250
4955,4955.05,-327,-327.00,967.00,-640.98,-325.8,0.3,0.7,0.7,3091,-250
4956,4956.10,-327,-327.00,968.00,-641.19,-325.8,0.3,0.7,0.7,3091,-250
4957,4957.05,-327,-327.00,968.00,-641.38,-326.0,0.3,0.7,0.7,3091,-250
4958,4958.09,-327,-327.00,968.00,-641.59,-326.0,0.3,0.7,0.7,3091,-250
4959,4959.06,-327,-327.00,968.00,-641.78,-326.2,0.3,0.7,0.7,3091,-250
4960,4960.09,-327,-327.00,968.00,-641.99,-326.2,0.3,0.7,0.7,3091,-250
4961,4961.06,-327,-327.00,969.00,-642.18,-326.2,0.3,0.7,0.7,3091,-250
4962,4962.10,-327,-327.00,969.00,-642.39,-326.5,0.3,0.7,0.7,3091,-250
4963,4963.05,-327,-327.00,969.00,-642.58,-326.5,0.3,0.7,0.7,3091,-250
4964,4964.09,-327,-327.00,969.00,-642.79,-326.8,0.3,0.7,0.7,3091,-250
4965,4965.06,-327,-327.00,969.00,-642.98,-326.8,0.3,0.7,0.7,3091,-250
4966,4966.09,-327,-327.00,970.00,-643.19,-327.0,0.3,0.7,0.7,3091,-250
4967,4967.06,-327,-327.00,970.00,-643.38,-327.0,0.3,0.7,0.7,3091,-250
4968,4968.10,-327,-327.00,970.00,-643.59,-327.0,0.3,0.7,0.7,3091,-250
4969,4969.05,-327,-327.00,970.00,-643.78,-327.2,0.3,0.7,0.7,3091,-250
4970,4970.09,-327,-327.00,970.00,-643.99,-327.2,0.3,0.7,0.7,3091,-250
4971,4971.05,-327,-327.00,971.00,-644.18,-327.5,0.3,0.7,0.7,3091,-250
4972,4972.10,-327,-327.00,971.00,-644.39,-327.5,0.3,0.7,0.7,3091,-250
4973,4973.06,-327,-327.00,971.00,-644.58,-327.5,0.3,0.7,0.7,3091,-250
4974,4974.10,-327,-327.00,971.00,-644.79,-327.8,0.3,0.7,0.7,3091,-250
4975,4975.06,-327,-327.00,971.00,-644.98,-327.8,0.3,0.7,0.7,3091,-250
4976,4976.10,-327,-327.00,972.00,-645.19,-328.0,0.3,0.7,0.7,3091,-250
4977,4977.05,-327,-327.00,972.00,-645.38,-328.0,0.3,0.7,0.7,3091,-250
4978,4978.10,-327,-327.00,972.00,-645.59,-328.0,0.3,0.7,0.7,3091,-250
4979,4979.05,-327,-327.00,972.00,-645.78,-328.2,0.3,0.7,0.7,3091,-250
4980,4980.09,-327,-327.00,972.00,-645.99,-328.2,0.3,0.7,0.7,3091,-250
4981,4981.06,-327,-327.00,973.00,-646.18,-328.5,0.3,0.7,0.7,3091,-250
4982,4982.09,-327,-327.00,973.00,-646.39,-328.5,0.3,0.7,0.7,3091,-250
4983,4983.06,-327,-327.00,973.00,-646.58,-328.5,0.3,0.7,0.7,3091,-250
4984,4984.10,-327,-327.00,973.00,-646.79,-328.8,0.3,0.7,0.7,3091,-250
4985,4985.05,-327,-327.00,973.00,-646.98,-328.8,0.3,0.7,0.7,3091,-250
4986,4986.10,-327,-327.00,974.00,-647.19,-329.0,0.3,0.7,0.7,3091,-250
4987,4987.05,-327,-327.00,974.00,-647.38,-329.0,0.3,0.7,0.7,3091,-250
4988,4988.09,-327,-327.00,974.00,-647.59,-329.0,0.3,0.7,0.7,3091,-250
4989,4989.05,-327,-327.00,974.00,-647.78,-329.2,0.3,0.7,0.7,3091,-250
4990,4990.09,-327,-327.00,974.00,-647.99,-329.2,0.3,0.7,0.7,3091,-250
4991,4991.05,-327,-327.00,975.00,-648.18,-329.5,0.3,0.7,0.7,3091,-250
4992,4992.09,-327,-327.00,975.00,-648.39,-329.5,0.3,0.7,0.7,3091,-250
4993,4993.05,-327,-327.00,975.00,-648.58,-329.5,0.3,0.7,0.7,3091,-250
4994,4994.09,-327,-327.00,975.00,-648.79,-329.8,0.3,0.7,0.7,3091,-250
4995,4995.05,-327,-327.00,975.00,-648.98,-329.8,0.3,0.7,0.7,3091,-250
4996,4996.09,-327,-327.00,976.00,-649.19,-330.0,0.3,0.7,0.7,3091,-250
4997,4997.06,-327,-327.00,976.00,-649.38,-330.0,0.3,0.7,0.7,3091,-250
4998,4998.09,-327,-327.00,976.00,-649.59,-330.0,0.3,0.7,0.7,3091,-250
4999,4999.05,-327,-327.00,976.00,-649.78,-330.2,0.3,0.7,0.7,3091,-250
